run_id,seed,variant,host,date,code,resampler,range_std,ate,resample_rate,collapses,unique_after_resampling,max_weight_mean,ess_mean,ess_min,log_likelihood,log_likelihood_per_step,nees_mean,nees_median,position_rmse,heading_rmse,final_position_error,runtime_total_s,runtime_per_step_ms
82157b35af0b,0,"resampler: Multinomial, range_std: 0.08",labdesktop,2026-09-20T10:04:31+00:00,1073b69d29e5,multinomial,0.08,0.0301019,0.4,0,0.2975,0.0128465,0.489781,0.0139828,9.19752,0.306584,5.54122,4.21972,0.0379715,0.0186188,0.00227715,0.0163654,0.545515
06f09d376bbd,1,"resampler: Multinomial, range_std: 0.08",labdesktop,2026-09-20T10:04:31+00:00,1073b69d29e5,multinomial,0.08,0.0454828,0.5,0,0.363,0.0129598,0.501775,0.0200292,35.298,1.1766,55837,204.847,0.0743318,0.0693269,0.0539048,0.0182763,0.609212
cafd82719b00,2,"resampler: Multinomial, range_std: 0.08",labdesktop,2026-09-20T10:04:31+00:00,1073b69d29e5,multinomial,0.08,0.0452997,0.566667,0,0.393235,0.0103043,0.465861,0.0184342,-267.286,-8.90953,1959.5,1177.1,0.156498,0.0668309,0.224533,0.0206088,0.68696
338aa9fa6291,3,"resampler: Multinomial, range_std: 0.08",labdesktop,2026-09-20T10:04:31+00:00,1073b69d29e5,multinomial,0.08,0.03641,0.533333,0,0.348438,0.0100051,0.489466,0.0412148,-6.96802,-0.232267,140.543,127.981,0.0871964,0.048045,0.104916,0.0201522,0.671741
20c6acc461e6,4,"resampler: Multinomial, range_std: 0.08",labdesktop,2026-09-20T10:04:31+00:00,1073b69d29e5,multinomial,0.08,0.0373255,0.466667,0,0.334643,0.00928924,0.536113,0.0149309,-31.3028,-1.04343,248.002,54.1714,0.0556553,0.0364179,0.0711912,0.0181626,0.605418
b767770ea0de,5,"resampler: Multinomial, range_std: 0.08",labdesktop,2026-09-20T10:04:31+00:00,1073b69d29e5,multinomial,0.08,0.0318284,0.633333,0,0.395526,0.00996629,0.4412,0.0151298,-1065.36,-35.5119,232712,37453.4,0.422389,0.139243,0.754512,0.0225827,0.752755
8b042efea716,6,"resampler: Multinomial, range_std: 0.08",labdesktop,2026-09-20T10:04:31+00:00,1073b69d29e5,multinomial,0.08,0.0297842,0.7,0,0.365238,0.0082957,0.408091,0.0650078,-2370.33,-79.011,326015,60138.2,0.631783,0.1787,1.11082,0.0239746,0.799154
5fd9b11e7e5d,7,"resampler: Multinomial, range_std: 0.08",labdesktop,2026-09-20T10:04:31+00:00,1073b69d29e5,multinomial,0.08,0.0280775,0.566667,0,0.350588,0.0103207,0.440345,0.022194,-854.044,-28.4681,42535.2,18116,0.370521,0.093372,0.581893,0.0209056,0.696853
bcafbb8478fb,8,"resampler: Multinomial, range_std: 0.08",labdesktop,2026-09-20T10:04:31+00:00,1073b69d29e5,multinomial,0.08,0.0392196,0.7,0,0.395952,0.00956528,0.408197,0.0245623,-3475.03,-115.834,1.06661e+06,94993.6,0.788203,0.23874,1.39301,0.0241114,0.803713
667a6b721834,9,"resampler: Multinomial, range_std: 0.08",labdesktop,2026-09-20T10:04:31+00:00,1073b69d29e5,multinomial,0.08,0.0274482,0.633333,0,0.391053,0.00945116,0.429871,0.0242485,-2660.79,-88.693,230356,78357.8,0.648855,0.159909,1.08754,0.0224254,0.747514
1757caa4a462,10,"resampler: Multinomial, range_std: 0.08",labdesktop,2026-09-20T10:04:31+00:00,1073b69d29e5,multinomial,0.08,0.0412668,0.466667,0,0.324286,0.0113885,0.506331,0.0277971,27.4774,0.915913,365.011,84.3525,0.0810792,0.040685,0.078953,0.0170874,0.569579
e25fb2d5c8d2,11,"resampler: Multinomial, range_std: 0.08",labdesktop,2026-09-20T10:04:31+00:00,1073b69d29e5,multinomial,0.08,0.0291529,0.633333,0,0.393421,0.00947941,0.437098,0.0985658,-577.112,-19.2371,32955.9,4809.59,0.318009,0.087412,0.549359,0.0232623,0.775411
efb5eddf1cdb,12,"resampler: Multinomial, range_std: 0.08",labdesktop,2026-09-20T10:04:31+00:00,1073b69d29e5,multinomial,0.08,0.0532242,0.433333,0,0.326538,0.0115869,0.501111,0.0291493,-78.575,-2.61917,1082.17,184.985,0.109346,0.0353194,0.0843105,0.0179623,0.598742
311b3fc656c0,13,"resampler: Multinomial, range_std: 0.08",labdesktop,2026-09-20T10:04:31+00:00,1073b69d29e5,multinomial,0.08,0.112718,0.6,0,0.324167,0.00960855,0.419665,0.005,-2082.09,-69.4029,7.42861e+06,187059,0.578238,0.144118,0.930123,0.0218048,0.726825
aefacebdc7a7,14,"resampler: Multinomial, range_std: 0.08",labdesktop,2026-09-20T10:04:31+00:00,1073b69d29e5,multinomial,0.08,0.0447915,0.5,0,0.366667,0.010102,0.533048,0.024965,-242.042,-8.06808,1478.49,761.2,0.181061,0.0881968,0.232064,0.0191248,0.637493
bc7908f779ff,15,"resampler: Multinomial, range_std: 0.08",labdesktop,2026-09-20T10:04:31+00:00,1073b69d29e5,multinomial,0.08,0.0399437,0.4,0,0.40875,0.0114813,0.588488,0.0856303,121.602,4.05341,24.4501,16.7296,0.0597661,0.0155341,0.0155726,0.0161142,0.537141
8d26fc2ada3e,16,"resampler: Multinomial, range_std: 0.08",labdesktop,2026-09-20T10:04:31+00:00,1073b69d29e5,multinomial,0.08,0.0271482,0.533333,0,0.346875,0.0112958,0.435395,0.009918,-411.748,-13.7249,25504.3,15476.1,0.292948,0.0802972,0.462009,0.0194043,0.64681
33d7e6da927f,17,"resampler: Multinomial, range_std: 0.08",labdesktop,2026-09-20T10:04:31+00:00,1073b69d29e5,multinomial,0.08,0.0375482,0.333333,0,0.3665,0.0152537,0.537029,0.00740458,-24.3291,-0.81097,27.3909,9.5942,0.0470878,0.059884,0.063596,0.0134681,0.448935
01fe4930d2e6,18,"resampler: Multinomial, range_std: 0.08",labdesktop,2026-09-20T10:04:31+00:00,1073b69d29e5,multinomial,0.08,0.037708,0.566667,0,0.357353,0.0107232,0.440058,0.0100067,-160.428,-5.34758,2548.25,1695.74,0.186856,0.0780919,0.274546,0.0204107,0.680357
5f826c762f7d,19,"resampler: Multinomial, range_std: 0.08",labdesktop,2026-09-20T10:04:31+00:00,1073b69d29e5,multinomial,0.08,0.0306813,0.466667,0,0.386786,0.0105107,0.515595,0.137609,-3.50729,-0.11691,1310.73,275.619,0.136187,0.0665959,0.215478,0.0183009,0.61003
0f0bda66cad2,0,"resampler: Multinomial, range_std: 0.107",labdesktop,2026-09-20T10:04:31+00:00,1073b69d29e5,multinomial,0.107,0.0446016,0.366667,0,0.360455,0.0125467,0.551921,0.00752558,134.278,4.47594,4.70317,3.92908,0.052989,0.0613156,0.0268312,0.0141205,0.470684
483e9331803b,1,"resampler: Multinomial, range_std: 0.107",labdesktop,2026-09-20T10:04:31+00:00,1073b69d29e5,multinomial,0.107,0.0403462,0.3,0,0.373889,0.0120799,0.569292,0.107182,148.128,4.93761,213.968,89.3033,0.0745302,0.0645934,0.06242,0.0123652,0.412172
7910b5e8a696,2,"resampler: Multinomial, range_std: 0.107",labdesktop,2026-09-20T10:04:31+00:00,1073b69d29e5,multinomial,0.107,0.0417819,0.433333,0,0.431154,0.00971227,0.607028,0.0501382,-41.3816,-1.37939,1597.51,589.213,0.171333,0.0673083,0.263485,0.0165836,0.552786
2a93d715cfa1,3,"resampler: Multinomial, range_std: 0.107",labdesktop,2026-09-20T10:04:31+00:00,1073b69d29e5,multinomial,0.107,0.038577,0.366667,0,0.401818,0.0112906,0.574358,0.0594939,118.858,3.96195,101.121,112.716,0.0997046,0.0433827,0.121722,0.0147264,0.49088
92da27a1dff9,4,"resampler: Multinomial, range_std: 0.107",labdesktop,2026-09-20T10:04:31+00:00,1073b69d29e5,multinomial,0.107,0.0359416,0.266667,0,0.30625,0.0112293,0.607461,0.0161248,109.8,3.66,63.9958,25.1624,0.061454,0.0409096,0.0671144,0.0115519,0.385064
39450e1dad68,5,"resampler: Multinomial, range_std: 0.107",labdesktop,2026-09-20T10:04:31+00:00,1073b69d29e5,multinomial,0.107,0.153194,0.4,0,0.337917,0.0103418,0.566904,0.00589072,-539.748,-17.9916,88872.6,30878.5,0.454984,0.141605,0.664915,0.0159689,0.532296
7c9c047fd6ef,6,"resampler: Multinomial, range_std: 0.107",labdesktop,2026-09-20T10:04:31+00:00,1073b69d29e5,multinomial,0.107,0.0472672,0.4,0,0.342917,0.0109864,0.553745,0.0222967,110.815,3.69382,80.8776,35.0458,0.0835845,0.059864,0.112634,0.0156541,0.521803
3f5d64c5124b,7,"resampler: Multinomial, range_std: 0.107",labdesktop,2026-09-20T10:04:31+00:00,1073b69d29e5,multinomial,0.107,0.0626608,0.4,0,0.315417,0.0114698,0.524772,0.0370466,120.729,4.02432,403.627,238.612,0.128054,0.0674577,0.192869,0.0163121,0.543737
48a2ca527508,8,"resampler: Multinomial, range_std: 0.107",labdesktop,2026-09-20T10:04:31+00:00,1073b69d29e5,multinomial,0.107,0.032452,0.466667,0,0.352143,0.0103437,0.49163,0.0458199,-2150.97,-71.699,381508,82109.8,0.820413,0.245109,1.46671,0.0174336,0.581121
81ae29364aa0,9,"resampler: Multinomial, range_std: 0.107",labdesktop,2026-09-20T10:04:31+00:00,1073b69d29e5,multinomial,0.107,0.0326935,0.5,0,0.382,0.0116439,0.471644,0.0348268,-1487.83,-49.5943,185667,56384.2,0.662136,0.161195,1.11442,0.0187943,0.626478
57a4bfdf0a01,10,"resampler: Multinomial, range_std: 0.107",labdesktop,2026-09-20T10:04:31+00:00,1073b69d29e5,multinomial,0.107,0.0353078,0.366667,0,0.414091,0.011213,0.585736,0.141952,158.845,5.29482,4.905,4.94543,0.0500806,0.0155962,0.0255824,0.0147512,0.491706
ec419e985880,11,"resampler: Multinomial, range_std: 0.107",labdesktop,2026-09-20T10:04:31+00:00,1073b69d29e5,multinomial,0.107,0.0758956,0.433333,0,0.414231,0.00982677,0.567864,0.0636245,129.977,4.33258,193.938,135.528,0.102691,0.0519006,0.0610053,0.0170404,0.568014
3f4cedec4360,12,"resampler: Multinomial, range_std: 0.107",labdesktop,2026-09-20T10:04:31+00:00,1073b69d29e5,multinomial,0.107,0.026733,0.366667,0,0.385,0.0108258,0.574577,0.0950718,52.9332,1.76444,730.329,627.549,0.124028,0.0203323,0.0919195,0.0146103,0.487011
a11420e7d0cf,13,"resampler: Multinomial, range_std: 0.107",labdesktop,2026-09-20T10:04:31+00:00,1073b69d29e5,multinomial,0.107,0.0422952,0.466667,0,0.405357,0.0104455,0.577924,0.0210552,-295.757,-9.85858,11878.9,4130.87,0.339025,0.0976463,0.51643,0.018452,0.615067
4a19f59b0079,14,"resampler: Multinomial, range_std: 0.107",labdesktop,2026-09-20T10:04:31+00:00,1073b69d29e5,multinomial,0.107,0.0458703,0.433333,0,0.395769,0.0107575,0.548695,0.134107,-10.6001,-0.353337,1838.31,750.755,0.166923,0.0716258,0.238832,0.0164386,0.547953
0f2ce77ac082,15,"resampler: Multinomial, range_std: 0.107",labdesktop,2026-09-20T10:04:31+00:00,1073b69d29e5,multinomial,0.107,0.0378263,0.3,0,0.415,0.0107209,0.639836,0.137119,194.177,6.47257,16.2788,15.5802,0.0624372,0.0221633,0.0248625,0.0127894,0.426313
a357567a13ae,16,"resampler: Multinomial, range_std: 0.107",labdesktop,2026-09-20T10:04:31+00:00,1073b69d29e5,multinomial,0.107,0.0377925,0.333333,0,0.385,0.0118091,0.594545,0.0109569,163.714,5.45713,222.943,121.899,0.0840544,0.0454286,0.0612954,0.0137834,0.459447
599c0f958a56,17,"resampler: Multinomial, range_std: 0.107",labdesktop,2026-09-20T10:04:31+00:00,1073b69d29e5,multinomial,0.107,0.0336843,0.233333,0,0.365,0.0135224,0.621328,0.0400278,113.455,3.78182,17.4882,5.36705,0.0397617,0.0446354,0.0423333,0.0111078,0.370261
023fc87ab697,18,"resampler: Multinomial, range_std: 0.107",labdesktop,2026-09-20T10:04:31+00:00,1073b69d29e5,multinomial,0.107,0.0378885,0.5,0,0.391333,0.0105906,0.525201,0.124315,8.10516,0.270172,1309.73,768.281,0.214373,0.0741159,0.327037,0.0181587,0.605291
016232532c32,19,"resampler: Multinomial, range_std: 0.107",labdesktop,2026-09-20T10:04:31+00:00,1073b69d29e5,multinomial,0.107,0.0643184,0.366667,0,0.347727,0.0117269,0.543643,0.0806842,169.936,5.66453,47.1258,38.1104,0.0840679,0.0624618,0.0598757,0.0147725,0.492416
84b85fd62614,0,"resampler: Multinomial, range_std: 0.142",labdesktop,2026-09-20T10:04:31+00:00,1073b69d29e5,multinomial,0.142,0.0340602,0.266667,0,0.39125,0.0125706,0.610123,0.20138,190.289,6.34296,2.47201,2.18419,0.0384888,0.0388203,0.0156767,0.011259,0.375299
c452bc55581e,1,"resampler: Multinomial, range_std: 0.142",labdesktop,2026-09-20T10:04:31+00:00,1073b69d29e5,multinomial,0.142,0.0470792,0.366667,0,0.398182,0.0100713,0.618387,0.196994,199.743,6.6581,40.3214,23.1436,0.078585,0.0694068,0.0514724,0.0146715,0.489049
40de0a5cf448,2,"resampler: Multinomial, range_std: 0.142",labdesktop,2026-09-20T10:04:31+00:00,1073b69d29e5,multinomial,0.142,0.0478955,0.3,0,0.358889,0.0132106,0.59032,0.0748171,145.282,4.84272,79.1888,41.4817,0.0963889,0.0293059,0.0556487,0.0127715,0.425717
bd321f3ae852,3,"resampler: Multinomial, range_std: 0.142",labdesktop,2026-09-20T10:04:32+00:00,1073b69d29e5,multinomial,0.142,0.0466287,0.333333,0,0.4085,0.00970072,0.648366,0.186362,176.719,5.89064,52.4065,63.6237,0.102692,0.0420956,0.118062,0.0135463,0.451545
4abde903b5e8,4,"resampler: Multinomial, range_std: 0.142",labdesktop,2026-09-20T10:04:31+00:00,1073b69d29e5,multinomial,0.142,0.039158,0.233333,0,0.375714,0.0111608,0.634841,0.179877,177.663,5.92209,18.1122,12.6491,0.054681,0.038368,0.0503423,0.0103744,0.345812
52df33f54e28,5,"resampler: Multinomial, range_std: 0.142",labdesktop,2026-09-20T10:04:32+00:00,1073b69d29e5,multinomial,0.142,0.0530204,0.4,0,0.36375,0.0110867,0.55762,0.0261757,-21.2513,-0.708377,5203.26,1368.47,0.318898,0.117983,0.508976,0.0161133,0.537111
eb85f2e464a0,6,"resampler: Multinomial, range_std: 0.142",labdesktop,2026-09-20T10:04:32+00:00,1073b69d29e5,multinomial,0.142,0.0627326,0.366667,0,0.365,0.0107551,0.569649,0.0659158,166.389,5.5463,209.417,191.177,0.131054,0.0648433,0.160383,0.0145234,0.484115
d37b37231b66,7,"resampler: Multinomial, range_std: 0.142",labdesktop,2026-09-20T10:04:32+00:00,1073b69d29e5,multinomial,0.142,0.0398719,0.3,0,0.390556,0.0112819,0.588736,0.0847523,200.241,6.6747,20.2915,25.1926,0.0760519,0.0515022,0.113582,0.0127594,0.425314
839c108225de,8,"resampler: Multinomial, range_std: 0.142",labdesktop,2026-09-20T10:04:32+00:00,1073b69d29e5,multinomial,0.142,0.062152,0.366667,0,0.370909,0.0106591,0.585435,0.0696337,-63.2713,-2.10904,7644.74,1091.89,0.356206,0.139343,0.608866,0.0142514,0.475046
ec2b3f6efa23,9,"resampler: Multinomial, range_std: 0.142",labdesktop,2026-09-20T10:04:32+00:00,1073b69d29e5,multinomial,0.142,0.0570632,0.3,0,0.373889,0.0107554,0.651021,0.00664744,166.14,5.53801,136.135,160.147,0.109652,0.0721232,0.158251,0.0128719,0.429062
434c526c46cf,10,"resampler: Multinomial, range_std: 0.142",labdesktop,2026-09-20T10:04:32+00:00,1073b69d29e5,multinomial,0.142,0.0293532,0.233333,0,0.405,0.0106513,0.634482,0.225202,205.535,6.85118,3.6199,3.09419,0.0419723,0.0179632,0.0213864,0.0108942,0.363141
d9e7942aec54,11,"resampler: Multinomial, range_std: 0.142",labdesktop,2026-09-20T10:04:32+00:00,1073b69d29e5,multinomial,0.142,0.0698829,0.3,0,0.347778,0.012151,0.5615,0.0130032,138.624,4.62081,2129.93,1042.19,0.188917,0.054561,0.283415,0.0127575,0.42525
af4ae7f87e1b,12,"resampler: Multinomial, range_std: 0.142",labdesktop,2026-09-20T10:04:32+00:00,1073b69d29e5,multinomial,0.142,0.0249091,0.233333,0,0.374286,0.0133766,0.603906,0.161553,141.856,4.72853,300.932,292.64,0.113823,0.0249627,0.0832345,0.0105217,0.350722
2f8272aacb92,13,"resampler: Multinomial, range_std: 0.142",labdesktop,2026-09-20T10:04:32+00:00,1073b69d29e5,multinomial,0.142,0.0593018,0.333333,0,0.3315,0.00998027,0.587079,0.126799,174.797,5.82657,533.807,158.449,0.161059,0.0599157,0.2362,0.0136409,0.454698
e0f697bdd897,14,"resampler: Multinomial, range_std: 0.142",labdesktop,2026-09-20T10:04:32+00:00,1073b69d29e5,multinomial,0.142,0.0584476,0.3,0,0.336667,0.0114939,0.604925,0.121444,135.479,4.51598,49.3815,43.9315,0.103125,0.0617503,0.0935205,0.0130292,0.434307
7d4c9420e3ba,15,"resampler: Multinomial, range_std: 0.142",labdesktop,2026-09-20T10:04:32+00:00,1073b69d29e5,multinomial,0.142,0.0407894,0.3,0,0.43,0.0105246,0.638377,0.200312,222.404,7.41345,12.8897,11.1069,0.0655136,0.0238897,0.02545,0.0123418,0.411392
7a6a601756a5,16,"resampler: Multinomial, range_std: 0.142",labdesktop,2026-09-20T10:04:32+00:00,1073b69d29e5,multinomial,0.142,0.0309951,0.366667,0,0.425909,0.0100782,0.613426,0.129078,204.153,6.80509,108.857,121.085,0.106408,0.0457128,0.119786,0.0145647,0.48549
5ebfde874b54,17,"resampler: Multinomial, range_std: 0.142",labdesktop,2026-09-20T10:04:32+00:00,1073b69d29e5,multinomial,0.142,0.0331312,0.266667,0,0.38875,0.0107222,0.671624,0.110876,173.303,5.77675,11.0363,3.43981,0.035844,0.0427211,0.0384583,0.0114196,0.380655
78b67a574349,18,"resampler: Multinomial, range_std: 0.142",labdesktop,2026-09-20T10:04:32+00:00,1073b69d29e5,multinomial,0.142,0.0334966,0.333333,0,0.412,0.0112494,0.602281,0.166108,119.02,3.96733,891.498,447.78,0.204967,0.069982,0.301266,0.0135914,0.453047
7de341130f56,19,"resampler: Multinomial, range_std: 0.142",labdesktop,2026-09-20T10:04:32+00:00,1073b69d29e5,multinomial,0.142,0.0444785,0.333333,0,0.3725,0.0118,0.577376,0.102556,209.2,6.97334,26.4882,19.9688,0.072576,0.0542113,0.063382,0.0134618,0.448727
18cfb0d61e43,0,"resampler: Multinomial, range_std: 0.19",labdesktop,2026-09-20T10:04:32+00:00,1073b69d29e5,multinomial,0.19,0.0315537,0.2,0,0.3975,0.0108561,0.644744,0.252062,207.121,6.90404,1.78413,1.67605,0.0412263,0.0333305,0.0261461,0.00942776,0.314259
11c899f02b4e,1,"resampler: Multinomial, range_std: 0.19",labdesktop,2026-09-20T10:04:32+00:00,1073b69d29e5,multinomial,0.19,0.0408502,0.233333,0,0.415714,0.0118421,0.642551,0.270408,213.198,7.10661,32.0398,25.0611,0.0732976,0.0474594,0.0610198,0.0107499,0.35833
8600e5c3990b,2,"resampler: Multinomial, range_std: 0.19",labdesktop,2026-09-20T10:04:32+00:00,1073b69d29e5,multinomial,0.19,0.0435912,0.333333,0,0.4395,0.0103223,0.628008,0.112892,182.977,6.09922,42.5764,39.5456,0.0910594,0.038059,0.0578814,0.0140695,0.468984
e1ab0d56a274,3,"resampler: Multinomial, range_std: 0.19",labdesktop,2026-09-20T10:04:32+00:00,1073b69d29e5,multinomial,0.19,0.0496562,0.333333,0,0.4405,0.00950408,0.666372,0.246843,197.168,6.57225,31.8507,25.979,0.102809,0.0410798,0.11158,0.0137438,0.458126
017d69e264ba,4,"resampler: Multinomial, range_std: 0.19",labdesktop,2026-09-20T10:04:32+00:00,1073b69d29e5,multinomial,0.19,0.0399146,0.233333,0,0.404286,0.00993616,0.676709,0.223683,200.31,6.67701,13.8871,13.134,0.0560035,0.044083,0.0650839,0.0104987,0.349958
6f179a8a6cbd,5,"resampler: Multinomial, range_std: 0.19",labdesktop,2026-09-20T10:04:32+00:00,1073b69d29e5,multinomial,0.19,0.143129,0.4,0,0.347083,0.0106875,0.536482,0.00823097,179.645,5.98816,721.397,18.231,0.148407,0.0484076,0.190199,0.0157461,0.52487
504873ef2d15,6,"resampler: Multinomial, range_std: 0.19",labdesktop,2026-09-20T10:04:32+00:00,1073b69d29e5,multinomial,0.19,0.0461406,0.333333,0,0.406,0.00913209,0.621955,0.175836,206.502,6.8834,10.9453,9.25556,0.0729581,0.0439349,0.0471116,0.0135223,0.450743
f5b275b1173b,7,"resampler: Multinomial, range_std: 0.19",labdesktop,2026-09-20T10:04:32+00:00,1073b69d29e5,multinomial,0.19,0.0430836,0.2,0,0.403333,0.0108364,0.667635,0.184954,216.894,7.22981,30.6969,21.2706,0.0808205,0.0493478,0.116356,0.00966884,0.322295
cd0b27ca47f4,8,"resampler: Multinomial, range_std: 0.19",labdesktop,2026-09-20T10:04:32+00:00,1073b69d29e5,multinomial,0.19,0.0630268,0.333333,0,0.416,0.0113075,0.592763,0.138137,107.465,3.58217,1620.3,782.235,0.273736,0.102898,0.43162,0.0131936,0.439786
33e64b29643f,9,"resampler: Multinomial, range_std: 0.19",labdesktop,2026-09-20T10:04:32+00:00,1073b69d29e5,multinomial,0.19,0.0416954,0.233333,0,0.388571,0.0106894,0.65412,0.253703,192.673,6.42242,28.4795,20.7035,0.092821,0.0566734,0.134179,0.010696,0.356535
3af110be7e42,10,"resampler: Multinomial, range_std: 0.19",labdesktop,2026-09-20T10:04:32+00:00,1073b69d29e5,multinomial,0.19,0.02985,0.266667,0,0.40125,0.0119495,0.614446,0.164755,216.385,7.21282,2.65114,1.97593,0.0427659,0.018613,0.0163572,0.0113871,0.379571
e895771b827d,11,"resampler: Multinomial, range_std: 0.19",labdesktop,2026-09-20T10:04:32+00:00,1073b69d29e5,multinomial,0.19,0.0519948,0.266667,0,0.38625,0.010844,0.61603,0.199515,209.798,6.99328,81.4311,20.376,0.0785044,0.0370424,0.0592448,0.011472,0.382401
113aa2fb11e9,12,"resampler: Multinomial, range_std: 0.19",labdesktop,2026-09-20T10:04:32+00:00,1073b69d29e5,multinomial,0.19,0.0427378,0.2,0,0.376667,0.0105091,0.683951,0.201105,190.834,6.36112,4.21077,3.8955,0.0652714,0.0323418,0.0351054,0.00936644,0.312215
e8f01dacc4b7,13,"resampler: Multinomial, range_std: 0.19",labdesktop,2026-09-20T10:04:32+00:00,1073b69d29e5,multinomial,0.19,0.0471477,0.3,0,0.418889,0.0115794,0.604886,0.225719,204.092,6.80306,145.722,62.923,0.14417,0.0491418,0.222316,0.0130207,0.434022
d3d876ac3dfe,14,"resampler: Multinomial, range_std: 0.19",labdesktop,2026-09-20T10:04:32+00:00,1073b69d29e5,multinomial,0.19,0.0486686,0.366667,0,0.425455,0.0100982,0.617111,0.146625,172.184,5.73948,31.6813,33.2229,0.101376,0.0427436,0.0761367,0.0143866,0.479555
d2fe4160451d,15,"resampler: Multinomial, range_std: 0.19",labdesktop,2026-09-20T10:04:32+00:00,1073b69d29e5,multinomial,0.19,0.0350924,0.2,0,0.4225,0.00988385,0.71604,0.256893,223.151,7.43838,6.6027,5.99966,0.0634265,0.0249778,0.00611033,0.00973531,0.32451
1377e5e03015,16,"resampler: Multinomial, range_std: 0.19",labdesktop,2026-09-20T10:04:32+00:00,1073b69d29e5,multinomial,0.19,0.0266322,0.266667,0,0.41,0.0107476,0.648454,0.229291,225.693,7.5231,23.8793,21.6769,0.0809279,0.0400513,0.0920611,0.0114492,0.381641
78f3e6768c55,17,"resampler: Multinomial, range_std: 0.19",labdesktop,2026-09-20T10:04:32+00:00,1073b69d29e5,multinomial,0.19,0.0394264,0.2,0,0.371667,0.0110986,0.636783,0.170936,194.337,6.4779,3.61845,2.64296,0.0476699,0.0345896,0.0444403,0.00984581,0.328194
f749298c2b50,18,"resampler: Multinomial, range_std: 0.19",labdesktop,2026-09-20T10:04:32+00:00,1073b69d29e5,multinomial,0.19,0.0477697,0.233333,0,0.401429,0.0113692,0.664496,0.217674,190.865,6.36217,119.014,129.816,0.127044,0.0492211,0.136587,0.0108625,0.362082
56c081a3d3ca,19,"resampler: Multinomial, range_std: 0.19",labdesktop,2026-09-20T10:04:32+00:00,1073b69d29e5,multinomial,0.19,0.0349038,0.266667,0,0.404375,0.0115764,0.620639,0.182837,216.117,7.20389,10.703,6.80867,0.0741076,0.0472303,0.0826447,0.011463,0.3821
5fe565e25bc4,0,"resampler: Multinomial, range_std: 0.253",labdesktop,2026-09-20T10:04:32+00:00,1073b69d29e5,multinomial,0.253,0.0257476,0.2,0,0.436667,0.00948018,0.70902,0.306953,202.2,6.74002,1.52726,1.50805,0.0355063,0.0185042,0.0284902,0.00960808,0.320269
14545e418918,1,"resampler: Multinomial, range_std: 0.253",labdesktop,2026-09-20T10:04:32+00:00,1073b69d29e5,multinomial,0.253,0.0599537,0.3,0,0.422778,0.0109137,0.644743,0.23436,202.235,6.74116,23.6551,15.3231,0.0811047,0.0677139,0.0465064,0.0128531,0.428437
0ebbdc01f550,2,"resampler: Multinomial, range_std: 0.253",labdesktop,2026-09-20T10:04:32+00:00,1073b69d29e5,multinomial,0.253,0.0496689,0.3,0,0.424444,0.0111889,0.610996,0.154309,184.994,6.16645,9.13,9.87083,0.0903071,0.0427543,0.0764177,0.0128533,0.428443
4a8844033a04,3,"resampler: Multinomial, range_std: 0.253",labdesktop,2026-09-20T10:04:32+00:00,1073b69d29e5,multinomial,0.253,0.0880619,0.233333,0,0.44,0.0119158,0.608332,0.114477,185.413,6.18042,340.029,34.6799,0.13463,0.0558552,0.243312,0.0104195,0.347317
f99fd67e064f,4,"resampler: Multinomial, range_std: 0.253",labdesktop,2026-09-20T10:04:32+00:00,1073b69d29e5,multinomial,0.253,0.0435043,0.2,0,0.384167,0.0096598,0.699393,0.180232,197.83,6.59434,10.5725,8.66008,0.0605838,0.0448441,0.0665421,0.00939964,0.313321
2d6558da9240,5,"resampler: Multinomial, range_std: 0.253",labdesktop,2026-09-20T10:04:32+00:00,1073b69d29e5,multinomial,0.253,0.0440539,0.166667,0,0.385,0.0100258,0.700415,0.0996803,207.612,6.9204,9.20922,4.09386,0.0490186,0.02818,0.0424486,0.00838735,0.279578
2a46b6fbeb97,6,"resampler: Multinomial, range_std: 0.253",labdesktop,2026-09-20T10:04:32+00:00,1073b69d29e5,multinomial,0.253,0.0683074,0.3,0,0.384444,0.0106671,0.591309,0.131056,203.376,6.77919,5.48236,4.82877,0.0762634,0.0373138,0.0568341,0.0123008,0.410027
bcb7fd3a499a,7,"resampler: Multinomial, range_std: 0.253",labdesktop,2026-09-20T10:04:32+00:00,1073b69d29e5,multinomial,0.253,0.0541321,0.266667,0,0.42375,0.0110936,0.631967,0.260305,208.868,6.96228,33.8662,23.9731,0.0972997,0.0552691,0.135052,0.0110717,0.369058
4fd868d9150d,8,"resampler: Multinomial, range_std: 0.253",labdesktop,2026-09-20T10:04:32+00:00,1073b69d29e5,multinomial,0.253,0.0692766,0.366667,0,0.435455,0.0105658,0.617616,0.232121,128.859,4.2953,1243.99,679.364,0.263716,0.102873,0.403021,0.0146133,0.487109
83d12175861b,9,"resampler: Multinomial, range_std: 0.253",labdesktop,2026-09-20T10:04:32+00:00,1073b69d29e5,multinomial,0.253,0.0417048,0.233333,0,0.402143,0.00991515,0.677593,0.198115,190.738,6.35794,11.093,10.8285,0.0757726,0.0499043,0.0774478,0.0109936,0.366452
f5bbc62f1383,10,"resampler: Multinomial, range_std: 0.253",labdesktop,2026-09-20T10:04:32+00:00,1073b69d29e5,multinomial,0.253,0.043795,0.266667,0,0.40625,0.0104652,0.634741,0.159341,205.634,6.85446,2.43543,1.39565,0.0575492,0.0255778,0.0384702,0.0113664,0.378881
da89796ba2d7,11,"resampler: Multinomial, range_std: 0.253",labdesktop,2026-09-20T10:04:32+00:00,1073b69d29e5,multinomial,0.253,0.0826344,0.266667,0,0.42125,0.0110347,0.645075,0.2373,196.348,6.54495,126.326,23.991,0.105226,0.0434988,0.157193,0.0115638,0.38546
7d519eabf870,12,"resampler: Multinomial, range_std: 0.253",labdesktop,2026-09-20T10:04:32+00:00,1073b69d29e5,multinomial,0.253,0.0432307,0.166667,0,0.389,0.0103662,0.711305,0.225609,193.369,6.44565,6.80804,6.12156,0.0639176,0.0347755,0.0532255,0.00869952,0.289984
e7944e1baa95,13,"resampler: Multinomial, range_std: 0.253",labdesktop,2026-09-20T10:04:32+00:00,1073b69d29e5,multinomial,0.253,0.0507007,0.3,0,0.412778,0.0118664,0.594085,0.232883,204.052,6.80172,24.7298,17.1533,0.113,0.0505758,0.203252,0.0128376,0.427919
7dd9b52c4784,14,"resampler: Multinomial, range_std: 0.253",labdesktop,2026-09-20T10:04:32+00:00,1073b69d29e5,multinomial,0.253,0.0389476,0.266667,0,0.426875,0.010445,0.638606,0.27818,185.773,6.19244,7.86376,9.08009,0.0803661,0.0320311,0.0779982,0.0117046,0.390152
ac3650b51f32,15,"resampler: Multinomial, range_std: 0.253",labdesktop,2026-09-20T10:04:32+00:00,1073b69d29e5,multinomial,0.253,0.0414771,0.2,0,0.4275,0.00973392,0.714397,0.29472,207.915,6.93049,4.79386,4.78975,0.0721304,0.0314657,0.0227601,0.00961637,0.320546
a110c8a37c35,16,"resampler: Multinomial, range_std: 0.253",labdesktop,2026-09-20T10:04:32+00:00,1073b69d29e5,multinomial,0.253,0.0316477,0.3,0,0.422222,0.0102213,0.608357,0.204993,217.656,7.25519,8.29631,7.03998,0.0745547,0.0496532,0.0671801,0.0131051,0.436837
403663805016,17,"resampler: Multinomial, range_std: 0.253",labdesktop,2026-09-20T10:04:32+00:00,1073b69d29e5,multinomial,0.253,0.0599157,0.233333,0,0.387143,0.00859765,0.701653,0.201937,191.6,6.38667,5.96702,2.16545,0.0639574,0.0508598,0.0382658,0.0112105,0.373685
aaf7a4cdebbf,18,"resampler: Multinomial, range_std: 0.253",labdesktop,2026-09-20T10:04:32+00:00,1073b69d29e5,multinomial,0.253,0.0540135,0.3,0,0.435556,0.0112734,0.625723,0.269841,165.493,5.51643,366.099,254.538,0.214445,0.0525809,0.350527,0.0127069,0.423562
a6b702ad0b19,19,"resampler: Multinomial, range_std: 0.253",labdesktop,2026-09-20T10:04:32+00:00,1073b69d29e5,multinomial,0.253,0.0295598,0.266667,0,0.419375,0.0109943,0.624952,0.263532,205.248,6.84161,16.2428,9.56828,0.08092,0.0367651,0.10604,0.0115779,0.38593
dac0fbfd1343,0,"resampler: Multinomial, range_std: 0.337",labdesktop,2026-09-20T10:04:32+00:00,1073b69d29e5,multinomial,0.337,0.024489,0.2,0,0.435,0.0102734,0.714231,0.35776,183.769,6.12562,1.80121,1.62027,0.0398112,0.0218516,0.0508252,0.00995601,0.331867
317f4886aa18,1,"resampler: Multinomial, range_std: 0.337",labdesktop,2026-09-20T10:04:32+00:00,1073b69d29e5,multinomial,0.337,0.0439227,0.3,0,0.429444,0.00891538,0.69322,0.251248,184.944,6.16481,11.6448,12.9017,0.0690033,0.0360837,0.0894967,0.0130392,0.434641
e39fa04e79d1,2,"resampler: Multinomial, range_std: 0.337",labdesktop,2026-09-20T10:04:32+00:00,1073b69d29e5,multinomial,0.337,0.0409715,0.266667,0,0.39,0.010284,0.635054,0.189803,172.851,5.76171,26.2288,26.1213,0.100954,0.0449943,0.101115,0.0116255,0.387517
6a038ffeaeeb,3,"resampler: Multinomial, range_std: 0.337",labdesktop,2026-09-20T10:04:32+00:00,1073b69d29e5,multinomial,0.337,0.0803274,0.266667,0,0.429375,0.00983381,0.60917,0.209149,173.697,5.78989,18.4555,18.3892,0.107685,0.0395353,0.0683896,0.0116535,0.388451
f222d6dbca53,4,"resampler: Multinomial, range_std: 0.337",labdesktop,2026-09-20T10:04:32+00:00,1073b69d29e5,multinomial,0.337,0.0446214,0.2,0,0.425,0.0111026,0.699445,0.258394,180.89,6.02968,8.63456,9.45572,0.0735467,0.0473516,0.0938437,0.00967425,0.322475
c1f2d6341161,5,"resampler: Multinomial, range_std: 0.337",labdesktop,2026-09-20T10:04:32+00:00,1073b69d29e5,multinomial,0.337,0.049048,0.233333,0,0.393571,0.0114993,0.635979,0.181224,183.984,6.1328,8.30999,4.58601,0.0828814,0.0341685,0.117238,0.0107894,0.359648
ae9ad668e594,6,"resampler: Multinomial, range_std: 0.337",labdesktop,2026-09-20T10:04:32+00:00,1073b69d29e5,multinomial,0.337,0.030019,0.233333,0,0.418571,0.0100319,0.680002,0.309642,187.123,6.23744,8.27634,7.57354,0.0679293,0.027624,0.0487422,0.0109393,0.364645
08ea0cb72fe5,7,"resampler: Multinomial, range_std: 0.337",labdesktop,2026-09-20T10:04:32+00:00,1073b69d29e5,multinomial,0.337,0.0588225,0.366667,0,0.437727,0.0103373,0.618362,0.229706,183.11,6.10366,13.6336,8.49394,0.118908,0.0510279,0.119958,0.0144615,0.482049
36f69a7d57c3,8,"resampler: Multinomial, range_std: 0.337",labdesktop,2026-09-20T10:04:32+00:00,1073b69d29e5,multinomial,0.337,0.0564094,0.266667,0,0.420625,0.0115678,0.63063,0.178899,132.609,4.42032,593.34,457.952,0.235752,0.0975004,0.353357,0.01167,0.388999
ade284053df0,9,"resampler: Multinomial, range_std: 0.337",labdesktop,2026-09-20T10:04:32+00:00,1073b69d29e5,multinomial,0.337,0.0772388,0.3,0,0.446111,0.0121256,0.578818,0.194841,172.034,5.73446,18.7904,11.2208,0.0914352,0.045079,0.148702,0.0125997,0.41999
c80c3a556163,10,"resampler: Multinomial, range_std: 0.337",labdesktop,2026-09-20T10:04:32+00:00,1073b69d29e5,multinomial,0.337,0.0510524,0.233333,0,0.422857,0.0110816,0.640563,0.25828,185.185,6.17283,2.49581,1.72757,0.0701177,0.0242067,0.0139321,0.0108517,0.361724
62fcca5e807e,11,"resampler: Multinomial, range_std: 0.337",labdesktop,2026-09-20T10:04:32+00:00,1073b69d29e5,multinomial,0.337,0.0503845,0.266667,0,0.465,0.0102397,0.641561,0.324383,186.405,6.21351,9.27874,10.5595,0.0627898,0.0354755,0.0487045,0.0116324,0.387745
0b0bf6496c96,12,"resampler: Multinomial, range_std: 0.337",labdesktop,2026-09-20T10:04:32+00:00,1073b69d29e5,multinomial,0.337,0.0469342,0.166667,0,0.387,0.0091792,0.731072,0.237537,179.467,5.98224,3.60043,3.28254,0.061754,0.0328508,0.0413761,0.00855666,0.285222
de45036bf706,13,"resampler: Multinomial, range_std: 0.337",labdesktop,2026-09-20T10:04:32+00:00,1073b69d29e5,multinomial,0.337,0.0593804,0.3,0,0.443333,0.0107517,0.617131,0.25127,189.487,6.31623,20.0375,18.4523,0.0855148,0.0473732,0.0691568,0.0127961,0.426536
198d6a871a84,14,"resampler: Multinomial, range_std: 0.337",labdesktop,2026-09-20T10:04:32+00:00,1073b69d29e5,multinomial,0.337,0.0405309,0.266667,0,0.459375,0.011811,0.633906,0.318096,174.647,5.82156,11.0645,8.17571,0.0961154,0.0288586,0.132783,0.01181,0.393667
4ce3acdc1788,15,"resampler: Multinomial, range_std: 0.337",labdesktop,2026-09-20T10:04:32+00:00,1073b69d29e5,multinomial,0.337,0.04917,0.2,0,0.366667,0.0104242,0.65444,0.166265,183.52,6.11733,9.40441,7.87301,0.079456,0.0452995,0.016716,0.00990281,0.330094
3ddd07d568a1,16,"resampler: Multinomial, range_std: 0.337",labdesktop,2026-09-20T10:04:32+00:00,1073b69d29e5,multinomial,0.337,0.0449452,0.233333,0,0.429286,0.00955212,0.678675,0.305959,196.476,6.54919,22.9927,13.2516,0.0926081,0.0432591,0.110267,0.0107013,0.35671
af7c21314e41,17,"resampler: Multinomial, range_std: 0.337",labdesktop,2026-09-20T10:04:32+00:00,1073b69d29e5,multinomial,0.337,0.077267,0.233333,0,0.360714,0.0103241,0.676543,0.125188,170.628,5.6876,70.3615,41.8452,0.129766,0.0656881,0.167837,0.010843,0.361433
e4ee46117b58,18,"resampler: Multinomial, range_std: 0.337",labdesktop,2026-09-20T10:04:32+00:00,1073b69d29e5,multinomial,0.337,0.0616965,0.266667,0,0.41625,0.011458,0.611725,0.200529,158.556,5.28522,335.222,156.807,0.211413,0.056207,0.341581,0.0116246,0.387487
3203e1037e68,19,"resampler: Multinomial, range_std: 0.337",labdesktop,2026-09-20T10:04:32+00:00,1073b69d29e5,multinomial,0.337,0.0376702,0.266667,0,0.44,0.0108928,0.619262,0.290071,183.088,6.10295,9.05381,2.7941,0.0893229,0.0306691,0.124152,0.0113546,0.378487
c3c4a77d2ce7,0,"resampler: Multinomial, range_std: 0.45",labdesktop,2026-09-20T10:04:32+00:00,1073b69d29e5,multinomial,0.45,0.0238218,0.166667,0,0.421,0.0107949,0.672065,0.362244,159.412,5.31372,0.623981,0.543018,0.0250147,0.0165068,0.0245407,0.00866167,0.288722
a3a3145c819c,1,"resampler: Multinomial, range_std: 0.45",labdesktop,2026-09-20T10:04:32+00:00,1073b69d29e5,multinomial,0.45,0.0474075,0.266667,0,0.42875,0.00907371,0.67236,0.146226,159.742,5.32473,22.6773,11.2804,0.0780929,0.0541071,0.0898944,0.0116939,0.389798
0dbb56825113,2,"resampler: Multinomial, range_std: 0.45",labdesktop,2026-09-20T10:04:32+00:00,1073b69d29e5,multinomial,0.45,0.0516234,0.3,0,0.432778,0.00864336,0.673548,0.216627,150.209,5.00697,21.5466,22.6955,0.116634,0.0438176,0.0891171,0.0125338,0.417794
23145733bc6d,3,"resampler: Multinomial, range_std: 0.45",labdesktop,2026-09-20T10:04:32+00:00,1073b69d29e5,multinomial,0.45,0.028633,0.3,0,0.448889,0.0111049,0.614273,0.318311,136.4,4.54665,142.195,75.0988,0.186072,0.0545346,0.308582,0.0123179,0.410597
2350af2cc43d,4,"resampler: Multinomial, range_std: 0.45",labdesktop,2026-09-20T10:04:32+00:00,1073b69d29e5,multinomial,0.45,0.0519227,0.2,0,0.421667,0.0127344,0.619613,0.252397,157.563,5.25209,10.2401,9.82655,0.0706982,0.0485719,0.0773605,0.00951587,0.317196
aa86e94f536e,5,"resampler: Multinomial, range_std: 0.45",labdesktop,2026-09-20T10:04:32+00:00,1073b69d29e5,multinomial,0.45,0.0385095,0.2,0,0.415833,0.0110846,0.654275,0.271108,164.324,5.47748,9.96158,5.2082,0.0558353,0.0358863,0.057228,0.00982246,0.327415
29500a5d7c78,6,"resampler: Multinomial, range_std: 0.45",labdesktop,2026-09-20T10:04:32+00:00,1073b69d29e5,multinomial,0.45,0.0410677,0.266667,0,0.439375,0.0118677,0.649467,0.273283,163.273,5.44242,2.66003,1.94971,0.062584,0.0312459,0.01593,0.0119413,0.398042
8213b2df1b34,7,"resampler: Multinomial, range_std: 0.45",labdesktop,2026-09-20T10:04:32+00:00,1073b69d29e5,multinomial,0.45,0.0617263,0.333333,0,0.4555,0.012354,0.602793,0.155146,154.294,5.14313,15.6819,14.0787,0.133623,0.0528374,0.0740944,0.0136685,0.455618
f002c76c5d3b,8,"resampler: Multinomial, range_std: 0.45",labdesktop,2026-09-20T10:04:32+00:00,1073b69d29e5,multinomial,0.45,0.0710013,0.333333,0,0.4345,0.00984592,0.639994,0.0941168,136.885,4.56282,275.702,95.7202,0.177747,0.0691767,0.224885,0.013095,0.436499
6f655762e133,9,"resampler: Multinomial, range_std: 0.45",labdesktop,2026-09-20T10:04:32+00:00,1073b69d29e5,multinomial,0.45,0.0668725,0.233333,0,0.455714,0.0118132,0.639906,0.347474,150.56,5.01866,9.91206,7.26748,0.0813771,0.0360476,0.0726168,0.0110417,0.368056
0faf15ab15b3,10,"resampler: Multinomial, range_std: 0.45",labdesktop,2026-09-20T10:04:32+00:00,1073b69d29e5,multinomial,0.45,0.0616676,0.3,0,0.366667,0.00950398,0.605566,0.0719048,157.477,5.24924,20.7313,21.2952,0.0974642,0.0296732,0.117657,0.0133515,0.445051
81fea2b482e7,11,"resampler: Multinomial, range_std: 0.45",labdesktop,2026-09-20T10:04:32+00:00,1073b69d29e5,multinomial,0.45,0.0554391,0.2,0,0.435,0.0113365,0.63901,0.230009,163.16,5.43867,13.5085,11.8939,0.0676901,0.0394457,0.0539534,0.00981668,0.327223
952a60f64358,12,"resampler: Multinomial, range_std: 0.45",labdesktop,2026-09-20T10:04:32+00:00,1073b69d29e5,multinomial,0.45,0.0574114,0.266667,0,0.404375,0.0134024,0.611153,0.228986,146.64,4.888,17.7859,5.01181,0.136379,0.0516505,0.204931,0.0116193,0.387309
aca2e53595cd,13,"resampler: Multinomial, range_std: 0.45",labdesktop,2026-09-20T10:04:32+00:00,1073b69d29e5,multinomial,0.45,0.0802585,0.333333,0,0.407,0.0098557,0.600323,0.120707,160.464,5.34879,2.96549,1.52235,0.0916503,0.05023,0.0327173,0.0138616,0.462053
806b3708e856,14,"resampler: Multinomial, range_std: 0.45",labdesktop,2026-09-20T10:04:32+00:00,1073b69d29e5,multinomial,0.45,0.0381784,0.266667,0,0.4475,0.00932336,0.695743,0.312585,152.446,5.08154,14.3154,16.3642,0.118152,0.0475563,0.157731,0.0119807,0.399357
59c31c66ac99,15,"resampler: Multinomial, range_std: 0.45",labdesktop,2026-09-20T10:04:32+00:00,1073b69d29e5,multinomial,0.45,0.0581454,0.2,0,0.391667,0.0116212,0.670769,0.182942,155.722,5.19073,7.08245,6.88356,0.0939228,0.0392857,0.0199339,0.00996047,0.332016
315132c5fbb1,16,"resampler: Multinomial, range_std: 0.45",labdesktop,2026-09-20T10:04:32+00:00,1073b69d29e5,multinomial,0.45,0.0413549,0.2,0,0.4125,0.00996146,0.659014,0.186586,171.7,5.72335,4.66565,4.15037,0.0804797,0.0412744,0.0861373,0.0093245,0.310817
768ac7b95560,17,"resampler: Multinomial, range_std: 0.45",labdesktop,2026-09-20T10:04:32+00:00,1073b69d29e5,multinomial,0.45,0.0821541,0.266667,0,0.43375,0.00987022,0.66999,0.302137,149.715,4.99049,7.00403,2.87332,0.0879443,0.0646621,0.0340978,0.0115767,0.385891
4c31d37404e1,18,"resampler: Multinomial, range_std: 0.45",labdesktop,2026-09-20T10:04:32+00:00,1073b69d29e5,multinomial,0.45,0.063308,0.266667,0,0.428125,0.00912231,0.664346,0.128533,154.386,5.14619,75.3783,55.7937,0.128008,0.0462086,0.1532,0.0116451,0.388171
0a09a157b5a4,19,"resampler: Multinomial, range_std: 0.45",labdesktop,2026-09-20T10:04:32+00:00,1073b69d29e5,multinomial,0.45,0.0365179,0.266667,0,0.435,0.0105594,0.614991,0.322597,157.101,5.2367,4.61425,3.54294,0.0787067,0.0377044,0.104552,0.0115305,0.38435
d8b40822cdc7,0,"resampler: Multinomial, range_std: 0.6",labdesktop,2026-09-20T10:04:32+00:00,1073b69d29e5,multinomial,0.6,0.0253281,0.166667,0,0.441,0.0157332,0.61107,0.364836,130.189,4.33964,1.26319,0.835581,0.0292319,0.0188893,0.0337886,0.0107617,0.358723
abf03c63614a,1,"resampler: Multinomial, range_std: 0.6",labdesktop,2026-09-20T10:04:32+00:00,1073b69d29e5,multinomial,0.6,0.0532345,0.266667,0,0.425,0.0115374,0.612233,0.189395,129.676,4.32253,5.88452,5.47737,0.0803951,0.0587681,0.0945999,0.01204,0.401333
23879c245334,2,"resampler: Multinomial, range_std: 0.6",labdesktop,2026-09-20T10:04:32+00:00,1073b69d29e5,multinomial,0.6,0.0553362,0.3,0,0.415,0.0102146,0.621356,0.235139,125.672,4.18905,16.0987,18.521,0.114215,0.0451266,0.0623679,0.0132094,0.440313
ebe4a3cf9b8b,3,"resampler: Multinomial, range_std: 0.6",labdesktop,2026-09-20T10:04:32+00:00,1073b69d29e5,multinomial,0.6,0.0716164,0.266667,0,0.409375,0.00925102,0.671916,0.123941,123.973,4.13243,13.0793,11.7257,0.108417,0.0421822,0.129404,0.0119763,0.399208
4866e9c763e6,4,"resampler: Multinomial, range_std: 0.6",labdesktop,2026-09-20T10:04:32+00:00,1073b69d29e5,multinomial,0.6,0.0567372,0.233333,0,0.445714,0.0094934,0.691411,0.244684,128.808,4.2936,9.76444,8.24944,0.0757983,0.0502792,0.0699111,0.0125899,0.419664
691aa59e1835,5,"resampler: Multinomial, range_std: 0.6",labdesktop,2026-09-20T10:04:32+00:00,1073b69d29e5,multinomial,0.6,0.0372252,0.233333,0,0.399286,0.0113522,0.62383,0.317603,134.386,4.47954,13.7491,16.2395,0.0731956,0.037779,0.103421,0.0107146,0.357154
64d9c7018bea,6,"resampler: Multinomial, range_std: 0.6",labdesktop,2026-09-20T10:04:32+00:00,1073b69d29e5,multinomial,0.6,0.0419555,0.233333,0,0.44,0.0102265,0.680494,0.358115,134.591,4.48637,3.71563,3.48117,0.0625616,0.0223502,0.0477479,0.0105969,0.353231
5be2fc854cce,7,"resampler: Multinomial, range_std: 0.6",labdesktop,2026-09-20T10:04:32+00:00,1073b69d29e5,multinomial,0.6,0.0783027,0.3,0,0.424444,0.00979167,0.645234,0.0562604,130.557,4.3519,21.8313,21.3057,0.137151,0.0526484,0.0985221,0.0145923,0.486411
ed276e209386,8,"resampler: Multinomial, range_std: 0.6",labdesktop,2026-09-20T10:04:32+00:00,1073b69d29e5,multinomial,0.6,0.124713,0.366667,0,0.403182,0.0104579,0.576384,0.165565,101.418,3.38059,85.1928,21.0285,0.173532,0.0607687,0.239759,0.0142106,0.473686
b85c79e1ba72,9,"resampler: Multinomial, range_std: 0.6",labdesktop,2026-09-20T10:04:32+00:00,1073b69d29e5,multinomial,0.6,0.0361996,0.2,0,0.4275,0.013113,0.632914,0.200041,120.049,4.00163,34.8955,14.4894,0.109749,0.0485007,0.174521,0.00998406,0.332802
11c519e58dee,10,"resampler: Multinomial, range_std: 0.6",labdesktop,2026-09-20T10:04:32+00:00,1073b69d29e5,multinomial,0.6,0.0521214,0.266667,0,0.448125,0.00915505,0.679294,0.124757,129.19,4.30634,17.3064,12.7351,0.105207,0.0239856,0.0797726,0.0117396,0.39132
a3f75d0340a1,11,"resampler: Multinomial, range_std: 0.6",labdesktop,2026-09-20T10:04:32+00:00,1073b69d29e5,multinomial,0.6,0.0483337,0.2,0,0.444167,0.0112105,0.641954,0.307524,134.388,4.47959,8.4035,7.59948,0.0764809,0.030797,0.0668127,0.0100981,0.336602
0d06cab090ca,12,"resampler: Multinomial, range_std: 0.6",labdesktop,2026-09-20T10:04:32+00:00,1073b69d29e5,multinomial,0.6,0.0711476,0.166667,0,0.373,0.0096498,0.674759,0.205311,128.52,4.284,7.46131,7.48348,0.0861726,0.0431567,0.0553286,0.00880145,0.293382
3b08fc8a3aab,13,"resampler: Multinomial, range_std: 0.6",labdesktop,2026-09-20T10:04:32+00:00,1073b69d29e5,multinomial,0.6,0.0757752,0.233333,0,0.391429,0.0102845,0.628247,0.216096,131.296,4.37655,5.95473,4.62884,0.0822455,0.0500247,0.0620527,0.0106122,0.35374
d67e213221c5,14,"resampler: Multinomial, range_std: 0.6",labdesktop,2026-09-20T10:04:32+00:00,1073b69d29e5,multinomial,0.6,0.0411642,0.233333,0,0.450714,0.0109793,0.648114,0.353618,127.048,4.23495,23.3523,17.9814,0.113294,0.0456001,0.16669,0.0106069,0.353564
721622508e89,15,"resampler: Multinomial, range_std: 0.6",labdesktop,2026-09-20T10:04:32+00:00,1073b69d29e5,multinomial,0.6,0.0647689,0.2,0,0.39,0.0130268,0.640648,0.162617,124.816,4.16054,8.05252,8.34828,0.102906,0.0513527,0.0191559,0.00973438,0.324479
a6a6157e9833,16,"resampler: Multinomial, range_std: 0.6",labdesktop,2026-09-20T10:04:32+00:00,1073b69d29e5,multinomial,0.6,0.034639,0.2,0,0.4,0.0115901,0.667186,0.199144,139.697,4.65658,9.74212,10.2356,0.0961922,0.0418621,0.102628,0.00992158,0.330719
2f65a5231fb4,17,"resampler: Multinomial, range_std: 0.6",labdesktop,2026-09-20T10:04:32+00:00,1073b69d29e5,multinomial,0.6,0.083183,0.2,0,0.399167,0.0110949,0.68116,0.218838,120.822,4.02741,2.69649,0.540611,0.086207,0.0532444,0.0235466,0.00973742,0.324581
6efe6bd904d7,18,"resampler: Multinomial, range_std: 0.6",labdesktop,2026-09-20T10:04:32+00:00,1073b69d29e5,multinomial,0.6,0.0768206,0.366667,0,0.420455,0.00997356,0.59377,0.10932,114.64,3.82134,131.917,58.2718,0.200827,0.0466751,0.315831,0.0142297,0.474323
367f5deca711,19,"resampler: Multinomial, range_std: 0.6",labdesktop,2026-09-20T10:04:32+00:00,1073b69d29e5,multinomial,0.6,0.0452698,0.233333,0,0.419286,0.0114838,0.621622,0.340462,126.768,4.22561,5.24308,5.56099,0.0833892,0.0440982,0.0931797,0.0105316,0.351052
a9ced02a0511,0,"resampler: Multinomial, range_std: 0.8",labdesktop,2026-09-20T10:04:32+00:00,1073b69d29e5,multinomial,0.8,0.035718,0.2,0,0.430833,0.00986887,0.686741,0.360966,98.297,3.27657,1.16053,0.765144,0.0368266,0.0231682,0.0288858,0.00997398,0.332466
723ae77cd432,1,"resampler: Multinomial, range_std: 0.8",labdesktop,2026-09-20T10:04:32+00:00,1073b69d29e5,multinomial,0.8,0.0475866,0.233333,0,0.412857,0.0107566,0.706195,0.221444,99.2616,3.30872,21.9776,10.3195,0.085364,0.0494785,0.0964469,0.0107323,0.357743
c4c18e9698f7,2,"resampler: Multinomial, range_std: 0.8",labdesktop,2026-09-20T10:04:32+00:00,1073b69d29e5,multinomial,0.8,0.0491699,0.266667,0,0.41875,0.0100665,0.650857,0.247188,93.7825,3.12608,24.4344,10.7768,0.128578,0.0451604,0.169289,0.0117867,0.39289
f34d48453f17,3,"resampler: Multinomial, range_std: 0.8",labdesktop,2026-09-20T10:04:32+00:00,1073b69d29e5,multinomial,0.8,0.0703225,0.266667,0,0.393125,0.00949067,0.661769,0.202226,92.019,3.0673,26.1608,12.7746,0.112487,0.0384813,0.153368,0.0116494,0.388313
7a0126fe896f,4,"resampler: Multinomial, range_std: 0.8",labdesktop,2026-09-20T10:04:32+00:00,1073b69d29e5,multinomial,0.8,0.0623457,0.233333,0,0.438571,0.00905049,0.712695,0.23888,97.8264,3.26088,5.52275,5.77302,0.0792206,0.0536907,0.0578307,0.0105122,0.350405
83a2830cd6c7,5,"resampler: Multinomial, range_std: 0.8",labdesktop,2026-09-20T10:04:32+00:00,1073b69d29e5,multinomial,0.8,0.0384589,0.266667,0,0.44625,0.0105627,0.619732,0.325902,103.988,3.46625,7.2088,5.36821,0.0660818,0.0315218,0.0627349,0.0117113,0.390376
cbcfd8cb39d3,6,"resampler: Multinomial, range_std: 0.8",labdesktop,2026-09-20T10:04:32+00:00,1073b69d29e5,multinomial,0.8,0.03302,0.233333,0,0.427857,0.0102465,0.692711,0.350496,104.011,3.46703,3.22743,2.5919,0.058071,0.024163,0.0185745,0.0105342,0.35114
8ba04c26f2f4,7,"resampler: Multinomial, range_std: 0.8",labdesktop,2026-09-20T10:04:32+00:00,1073b69d29e5,multinomial,0.8,0.0783966,0.333333,0,0.397,0.0089761,0.649326,0.171034,95.9387,3.19796,53.2625,56.5115,0.179032,0.0652444,0.214968,0.0135945,0.453151
8a5ff63f100a,8,"resampler: Multinomial, range_std: 0.8",labdesktop,2026-09-20T10:04:32+00:00,1073b69d29e5,multinomial,0.8,0.109826,0.366667,0,0.404545,0.012218,0.605874,0.218135,66.7793,2.22598,125.683,47.9157,0.214938,0.0707917,0.376433,0.014584,0.486132
90a8cfdc12c3,9,"resampler: Multinomial, range_std: 0.8",labdesktop,2026-09-20T10:04:32+00:00,1073b69d29e5,multinomial,0.8,0.0730199,0.2,0,0.414167,0.0109726,0.665441,0.304405,92.9134,3.09711,14.525,9.55393,0.111811,0.044639,0.203946,0.0101156,0.337188
ddb5c46717d8,10,"resampler: Multinomial, range_std: 0.8",labdesktop,2026-09-20T10:04:32+00:00,1073b69d29e5,multinomial,0.8,0.0501628,0.233333,0,0.440714,0.00958754,0.670299,0.327238,101.355,3.3785,23.0828,23.2694,0.09851,0.0341729,0.108222,0.0110323,0.367744
369c89077ffa,11,"resampler: Multinomial, range_std: 0.8",labdesktop,2026-09-20T10:04:32+00:00,1073b69d29e5,multinomial,0.8,0.0584331,0.2,0,0.4475,0.0108654,0.642543,0.410057,102.881,3.42937,20.1849,22.4026,0.0802258,0.0375775,0.0607061,0.00978597,0.326199
eb664662ac15,12,"resampler: Multinomial, range_std: 0.8",labdesktop,2026-09-20T10:04:32+00:00,1073b69d29e5,multinomial,0.8,0.0849633,0.2,0,0.380833,0.0116656,0.633226,0.170514,97.1201,3.23734,4.47161,3.66751,0.0920622,0.0457533,0.0444227,0.00946975,0.315658
b7e306d33f1f,13,"resampler: Multinomial, range_std: 0.8",labdesktop,2026-09-20T10:04:32+00:00,1073b69d29e5,multinomial,0.8,0.0830691,0.266667,0,0.378125,0.010285,0.621477,0.184108,99.8425,3.32808,2.448,2.09847,0.0897302,0.0511713,0.111066,0.0116449,0.388162
c59fcc2a01af,14,"resampler: Multinomial, range_std: 0.8",labdesktop,2026-09-20T10:04:32+00:00,1073b69d29e5,multinomial,0.8,0.0590321,0.266667,0,0.448125,0.00849682,0.69907,0.356571,97.3062,3.24354,6.55362,4.31346,0.0937879,0.0321431,0.103774,0.0117313,0.391043
afc80a05bd5a,15,"resampler: Multinomial, range_std: 0.8",labdesktop,2026-09-20T10:04:32+00:00,1073b69d29e5,multinomial,0.8,0.0700579,0.2,0,0.42,0.0109581,0.654326,0.20231,93.044,3.10147,6.97462,7.95411,0.107559,0.0458846,0.0265319,0.0102202,0.340674
0cec1c789c15,16,"resampler: Multinomial, range_std: 0.8",labdesktop,2026-09-20T10:04:32+00:00,1073b69d29e5,multinomial,0.8,0.0459305,0.233333,0,0.405,0.0112838,0.632008,0.177724,107.852,3.59506,3.79092,2.7315,0.095589,0.0561531,0.0885241,0.0106702,0.355673
72b06cf36185,17,"resampler: Multinomial, range_std: 0.8",labdesktop,2026-09-20T10:04:32+00:00,1073b69d29e5,multinomial,0.8,0.0906606,0.233333,0,0.409286,0.00954856,0.675487,0.243829,87.4434,2.91478,5.33802,2.05432,0.0947655,0.058194,0.0218581,0.0106767,0.35589
a99554c3f1bc,18,"resampler: Multinomial, range_std: 0.8",labdesktop,2026-09-20T10:04:32+00:00,1073b69d29e5,multinomial,0.8,0.0991492,0.366667,0,0.431818,0.0102609,0.587857,0.281807,91.8664,3.06221,11.0822,2.73154,0.140327,0.0558501,0.278352,0.0146345,0.487815
ab92b39028c5,19,"resampler: Multinomial, range_std: 0.8",labdesktop,2026-09-20T10:04:32+00:00,1073b69d29e5,multinomial,0.8,0.0489979,0.266667,0,0.42,0.0105993,0.624374,0.185481,94.2424,3.14141,9.60109,9.73542,0.0959142,0.0546853,0.107164,0.0118429,0.394765
5092a6f16e10,0,"resampler: Residual, range_std: 0.08",labdesktop,2026-09-20T10:04:32+00:00,1073b69d29e5,residual,0.08,0.0436973,0.433333,0,0.365385,0.0113384,0.514214,0.00568342,-174.671,-5.82235,77252,2875.37,0.183535,0.0800035,0.273569,0.0160234,0.534112
86908b464a7d,1,"resampler: Residual, range_std: 0.08",labdesktop,2026-09-20T10:04:32+00:00,1073b69d29e5,residual,0.08,0.0455799,0.433333,0,0.408462,0.0128892,0.496617,0.051924,40.7925,1.35975,40.9896,21.9757,0.0583479,0.0530634,0.0234598,0.0165277,0.550924
c5a3df6aab49,2,"resampler: Residual, range_std: 0.08",labdesktop,2026-09-20T10:04:32+00:00,1073b69d29e5,residual,0.08,0.04397,0.466667,0,0.403214,0.0111486,0.529704,0.0115683,-291.211,-9.70705,3405.08,2119.64,0.165972,0.0669242,0.248352,0.0174573,0.58191
f83ba6003af4,3,"resampler: Residual, range_std: 0.08",labdesktop,2026-09-20T10:04:32+00:00,1073b69d29e5,residual,0.08,0.039218,0.5,0,0.364,0.0107751,0.468918,0.0266198,-22.0799,-0.735998,224.672,208.025,0.101959,0.0515419,0.118392,0.0174477,0.581591
94d7dc274068,4,"resampler: Residual, range_std: 0.08",labdesktop,2026-09-20T10:04:32+00:00,1073b69d29e5,residual,0.08,0.0365719,0.5,0,0.377,0.0094785,0.512249,0.0273869,-30.202,-1.00673,111.688,36.3709,0.056623,0.0384012,0.0622663,0.0179473,0.598244
6b8bf53638f0,5,"resampler: Residual, range_std: 0.08",labdesktop,2026-09-20T10:04:32+00:00,1073b69d29e5,residual,0.08,0.036758,0.566667,0,0.407059,0.0109502,0.451292,0.0134139,-1115.44,-37.1814,91739.5,23482.7,0.433337,0.142866,0.775665,0.0198529,0.661763
b6887d954815,6,"resampler: Residual, range_std: 0.08",labdesktop,2026-09-20T10:04:32+00:00,1073b69d29e5,residual,0.08,0.0466869,0.7,0,0.370952,0.0078883,0.403691,0.00602688,-2420.18,-80.6727,689903,224317,0.64454,0.183377,1.11687,0.0580622,1.93541
e1133aef120a,7,"resampler: Residual, range_std: 0.08",labdesktop,2026-09-20T10:04:32+00:00,1073b69d29e5,residual,0.08,0.0486056,0.466667,0,0.398571,0.0109336,0.520333,0.0100008,26.5292,0.884306,124946,105.042,0.081619,0.0615467,0.111224,0.0170514,0.568381
5ca5d2a23f0f,8,"resampler: Residual, range_std: 0.08",labdesktop,2026-09-20T10:04:32+00:00,1073b69d29e5,residual,0.08,0.0387929,0.533333,0,0.37375,0.0130006,0.410851,0.0313727,-3492.06,-116.402,978580,105646,0.790366,0.239516,1.39788,0.051192,1.7064
1cee056e3183,9,"resampler: Residual, range_std: 0.08",labdesktop,2026-09-20T10:04:32+00:00,1073b69d29e5,residual,0.08,0.0344277,0.633333,0,0.422368,0.0105992,0.425103,0.0283707,-2574.63,-85.821,416325,95093.6,0.638057,0.1549,1.06209,0.0554496,1.84832
56e1b239244c,10,"resampler: Residual, range_std: 0.08",labdesktop,2026-09-20T10:04:32+00:00,1073b69d29e5,residual,0.08,0.0440299,0.566667,0,0.406176,0.00905549,0.49382,0.0744689,49.2237,1.64079,18.7063,15.4392,0.0575917,0.0260674,0.0486647,0.0508885,1.69628
e2bf028f5a9c,11,"resampler: Residual, range_std: 0.08",labdesktop,2026-09-20T10:04:32+00:00,1073b69d29e5,residual,0.08,0.0331606,0.666667,0,0.4285,0.00900093,0.443795,0.0530263,-513.856,-17.1285,24130.9,5840.82,0.302969,0.0822827,0.512185,0.0226978,0.756595
fb9f1749f5e4,12,"resampler: Residual, range_std: 0.08",labdesktop,2026-09-20T10:04:32+00:00,1073b69d29e5,residual,0.08,0.0325097,0.433333,0,0.378077,0.0122041,0.507833,0.0322982,-116.656,-3.88853,918.352,950.262,0.121843,0.0245365,0.0634321,0.019737,0.657899
40e9425f910e,13,"resampler: Residual, range_std: 0.08",labdesktop,2026-09-20T10:04:32+00:00,1073b69d29e5,residual,0.08,0.0436409,0.6,0,0.366667,0.0105622,0.391486,0.0432186,-826.52,-27.5507,62953.3,13602.7,0.369087,0.107564,0.504883,0.0204023,0.680075
1b6822ed304d,14,"resampler: Residual, range_std: 0.08",labdesktop,2026-09-20T10:04:32+00:00,1073b69d29e5,residual,0.08,0.0621615,0.5,0,0.371667,0.0105682,0.4754,0.0332783,-198.368,-6.61228,575.924,414.609,0.154312,0.0848463,0.105477,0.0173017,0.576723
5fc202c9be17,15,"resampler: Residual, range_std: 0.08",labdesktop,2026-09-20T10:04:32+00:00,1073b69d29e5,residual,0.08,0.0377036,0.366667,0,0.389091,0.0118174,0.537301,0.0856303,117.754,3.92514,22.0556,20.3151,0.0605495,0.0254319,0.00957668,0.0143011,0.476702
6f92dc4ca14a,16,"resampler: Residual, range_std: 0.08",labdesktop,2026-09-20T10:04:32+00:00,1073b69d29e5,residual,0.08,0.033376,0.566667,0,0.417059,0.0107577,0.454393,0.0411805,-327.951,-10.9317,11466.3,8337.34,0.265564,0.0715634,0.419705,0.0199578,0.66526
34ef02fd528c,17,"resampler: Residual, range_std: 0.08",labdesktop,2026-09-20T10:04:32+00:00,1073b69d29e5,residual,0.08,0.0453932,0.4,0,0.369167,0.0130482,0.530162,0.00631874,-106.457,-3.54858,2889.49,1734.54,0.159845,0.0979784,0.214436,0.0151792,0.505973
ffdf9f9c2144,18,"resampler: Residual, range_std: 0.08",labdesktop,2026-09-20T10:04:32+00:00,1073b69d29e5,residual,0.08,0.0295722,0.633333,0,0.423158,0.0103036,0.429369,0.0667589,-617.564,-20.5855,19773,4467.57,0.355629,0.107107,0.575877,0.0221311,0.737704
d7963b9267cd,19,"resampler: Residual, range_std: 0.08",labdesktop,2026-09-20T10:04:32+00:00,1073b69d29e5,residual,0.08,0.0328488,0.433333,0,0.410385,0.0108526,0.538318,0.0380042,0.263143,0.00877144,1631.49,254.971,0.133172,0.0800616,0.207304,0.0161759,0.539198
d4ec4a5582ad,0,"resampler: Residual, range_std: 0.107",labdesktop,2026-09-20T10:04:32+00:00,1073b69d29e5,residual,0.107,0.0454291,0.3,0,0.382778,0.0129754,0.606044,0.00975997,134.886,4.49619,7.40605,6.73586,0.0522229,0.0728478,0.0250324,0.0121568,0.405226
fd15d67ea968,1,"resampler: Residual, range_std: 0.107",labdesktop,2026-09-20T10:04:32+00:00,1073b69d29e5,residual,0.107,0.0436536,0.333333,0,0.432,0.0106932,0.641379,0.128539,150.42,5.01401,569.408,108.711,0.0718339,0.0695597,0.0499519,0.0136423,0.454742
8d49c037f9fd,2,"resampler: Residual, range_std: 0.107",labdesktop,2026-09-20T10:04:32+00:00,1073b69d29e5,residual,0.107,0.0367356,0.4,0,0.425417,0.0124141,0.549249,0.0501382,-6.46871,-0.215624,576.976,440.634,0.146737,0.0619741,0.189899,0.0157136,0.523788
52e674f47d5b,3,"resampler: Residual, range_std: 0.107",labdesktop,2026-09-20T10:04:32+00:00,1073b69d29e5,residual,0.107,0.0517249,0.433333,0,0.465385,0.00931983,0.580356,0.0564247,112.564,3.75214,146.603,147.072,0.101915,0.0459156,0.111809,0.0165489,0.551628
38aa3f49a038,4,"resampler: Residual, range_std: 0.107",labdesktop,2026-09-20T10:04:32+00:00,1073b69d29e5,residual,0.107,0.0365248,0.333333,0,0.3345,0.0110902,0.56457,0.0363225,112.534,3.75113,32.1181,15.0708,0.0568716,0.0382434,0.0639105,0.0127491,0.42497
3efd8c54f9ce,5,"resampler: Residual, range_std: 0.107",labdesktop,2026-09-20T10:04:32+00:00,1073b69d29e5,residual,0.107,0.0853973,0.333333,0,0.3905,0.0104396,0.624843,0.00510589,60.6607,2.02202,411040,1452.79,0.152783,0.0591034,0.142664,0.0135471,0.451571
c2c59aebf276,6,"resampler: Residual, range_std: 0.107",labdesktop,2026-09-20T10:04:32+00:00,1073b69d29e5,residual,0.107,0.0275866,0.533333,0,0.385937,0.00987835,0.476388,0.0280947,-1397,-46.5665,215878,55701.6,0.658969,0.188654,1.1613,0.0189348,0.63116
1af40c9fe9fd,7,"resampler: Residual, range_std: 0.107",labdesktop,2026-09-20T10:04:32+00:00,1073b69d29e5,residual,0.107,0.0408108,0.4,0,0.422917,0.0122491,0.541415,0.0503603,147.182,4.90608,39.3066,44.2933,0.0760861,0.0542638,0.113693,0.0153023,0.510077
2c8f8a189d6a,8,"resampler: Residual, range_std: 0.107",labdesktop,2026-09-20T10:04:32+00:00,1073b69d29e5,residual,0.107,0.0622152,0.5,0,0.397,0.00996505,0.502956,0.0458199,-244.175,-8.13917,18575.7,2136.67,0.347163,0.138763,0.581228,0.0174278,0.580926
80b43d45d86c,9,"resampler: Residual, range_std: 0.107",labdesktop,2026-09-20T10:04:32+00:00,1073b69d29e5,residual,0.107,0.0328073,0.533333,0,0.41625,0.00956428,0.488532,0.0863436,-1380.33,-46.0111,152407,59192.2,0.639504,0.155866,1.06436,0.019363,0.645433
a331d50feb92,10,"resampler: Residual, range_std: 0.107",labdesktop,2026-09-20T10:04:32+00:00,1073b69d29e5,residual,0.107,0.0383229,0.4,0,0.415833,0.0108044,0.543056,0.0970989,159.163,5.30545,4.72179,4.27647,0.0515676,0.0239161,0.0311436,0.0158896,0.529653
f4fe9dc4d778,11,"resampler: Residual, range_std: 0.107",labdesktop,2026-09-20T10:04:32+00:00,1073b69d29e5,residual,0.107,0.0544154,0.4,0,0.385833,0.0106615,0.572885,0.078526,147.29,4.90967,32.6223,16.163,0.0605317,0.0379439,0.0275977,0.0195967,0.653223
14e27050186b,12,"resampler: Residual, range_std: 0.107",labdesktop,2026-09-20T10:04:32+00:00,1073b69d29e5,residual,0.107,0.0268766,0.333333,0,0.442,0.0113573,0.611108,0.10391,61.8424,2.06141,517.713,546.766,0.113179,0.0172194,0.0630607,0.0135532,0.451775
ccdb6c313c0b,13,"resampler: Residual, range_std: 0.107",labdesktop,2026-09-20T10:04:32+00:00,1073b69d29e5,residual,0.107,0.0490335,0.466667,0,0.425714,0.00987386,0.525618,0.0101464,-270.71,-9.02367,10882.4,3426.57,0.327698,0.0892987,0.492271,0.0178098,0.593662
c63172f018b3,14,"resampler: Residual, range_std: 0.107",labdesktop,2026-09-20T10:04:32+00:00,1073b69d29e5,residual,0.107,0.047843,0.466667,0,0.441071,0.0101255,0.549224,0.0992111,10.4552,0.348507,300.752,258.425,0.0969074,0.071092,0.061173,0.0179976,0.59992
fc040c56a15e,15,"resampler: Residual, range_std: 0.107",labdesktop,2026-09-20T10:04:32+00:00,1073b69d29e5,residual,0.107,0.0379946,0.3,0,0.425556,0.0115739,0.577942,0.137119,194.742,6.4914,11.6268,7.55124,0.06294,0.0212213,0.0172233,0.0129159,0.430529
4d32043b349b,16,"resampler: Residual, range_std: 0.107",labdesktop,2026-09-20T10:04:32+00:00,1073b69d29e5,residual,0.107,0.0340308,0.366667,0,0.405909,0.0125397,0.550024,0.0704652,159.894,5.32979,254.873,236.91,0.0913086,0.0385453,0.0902129,0.0150042,0.500142
56f4944aff2c,17,"resampler: Residual, range_std: 0.107",labdesktop,2026-09-20T10:04:32+00:00,1073b69d29e5,residual,0.107,0.0406295,0.333333,0,0.3925,0.0119238,0.583138,0.0372531,114.222,3.80739,10.3843,4.14979,0.0469428,0.0592173,0.0527967,0.0141017,0.470058
8071d545fe19,18,"resampler: Residual, range_std: 0.107",labdesktop,2026-09-20T10:04:32+00:00,1073b69d29e5,residual,0.107,0.0366253,0.466667,0,0.431786,0.0114012,0.525019,0.124315,15.5957,0.519856,1022.69,692.331,0.207678,0.0758928,0.30671,0.0179641,0.598804
cde184cc15ba,19,"resampler: Residual, range_std: 0.107",labdesktop,2026-09-20T10:04:32+00:00,1073b69d29e5,residual,0.107,0.0560527,0.433333,0,0.409231,0.00890567,0.54382,0.0625241,167.174,5.57248,49.7389,48.3629,0.0881294,0.0644066,0.0831005,0.016903,0.563434
008f8395f541,0,"resampler: Residual, range_std: 0.142",labdesktop,2026-09-20T10:04:32+00:00,1073b69d29e5,residual,0.142,0.0341978,0.3,0,0.465556,0.0130745,0.597066,0.168879,189.971,6.33238,2.21491,2.02976,0.0402079,0.0427824,0.0227527,0.0130123,0.433743
ec48831d23e4,1,"resampler: Residual, range_std: 0.142",labdesktop,2026-09-20T10:04:32+00:00,1073b69d29e5,residual,0.142,0.0498578,0.4,0,0.436667,0.0109697,0.543774,0.0626692,197.373,6.57909,5.0706,2.62291,0.0552851,0.0534663,0.0269196,0.0161538,0.538461
563407b5abd8,2,"resampler: Residual, range_std: 0.142",labdesktop,2026-09-20T10:04:32+00:00,1073b69d29e5,residual,0.142,0.0428955,0.333333,0,0.438,0.0121357,0.609089,0.0248028,140.535,4.68452,98.4997,43.8806,0.103058,0.0391345,0.0585923,0.0169907,0.566355
ad117f051095,3,"resampler: Residual, range_std: 0.142",labdesktop,2026-09-20T10:04:32+00:00,1073b69d29e5,residual,0.142,0.054328,0.366667,0,0.418636,0.00939916,0.609338,0.00998243,175.777,5.85923,67.547,55.1257,0.103448,0.0419252,0.126702,0.0152227,0.507425
c58b816ae896,4,"resampler: Residual, range_std: 0.142",labdesktop,2026-09-20T10:04:32+00:00,1073b69d29e5,residual,0.142,0.0307726,0.266667,0,0.44125,0.009265,0.682179,0.11294,176.881,5.89605,15.8736,17.0922,0.0558838,0.0338079,0.0767418,0.0121409,0.404696
6cd60b65e68c,5,"resampler: Residual, range_std: 0.142",labdesktop,2026-09-20T10:04:32+00:00,1073b69d29e5,residual,0.142,0.0739028,0.3,0,0.381111,0.0103555,0.652073,0.00506588,141.762,4.72539,406418,578.238,0.169711,0.0961783,0.220197,0.0124322,0.414407
97f55d6e2b41,6,"resampler: Residual, range_std: 0.142",labdesktop,2026-09-20T10:04:32+00:00,1073b69d29e5,residual,0.142,0.0656213,0.4,0,0.365,0.00937508,0.560946,0.0561886,173.562,5.78541,91.021,31.308,0.100985,0.066233,0.139727,0.015515,0.517166
050f9c7262c2,7,"resampler: Residual, range_std: 0.142",labdesktop,2026-09-20T10:04:32+00:00,1073b69d29e5,residual,0.142,0.0410739,0.3,0,0.437222,0.0104811,0.621299,0.0875964,199.981,6.66602,31.2479,15.6642,0.0764522,0.0566739,0.105259,0.0126733,0.422442
596a14b0f9e7,8,"resampler: Residual, range_std: 0.142",labdesktop,2026-09-20T10:04:32+00:00,1073b69d29e5,residual,0.142,0.0590681,0.433333,0,0.423846,0.0104295,0.528205,0.0696337,-195.742,-6.52472,18881.6,2338.16,0.435483,0.148276,0.750418,0.0165253,0.550844
76535c9baa3c,9,"resampler: Residual, range_std: 0.142",labdesktop,2026-09-20T10:04:32+00:00,1073b69d29e5,residual,0.142,0.0597089,0.333333,0,0.427,0.0123093,0.567794,0.116524,165.557,5.51855,190.379,88.1955,0.120617,0.0698429,0.170719,0.0141992,0.473307
f357253f3b89,10,"resampler: Residual, range_std: 0.142",labdesktop,2026-09-20T10:04:32+00:00,1073b69d29e5,residual,0.142,0.0336077,0.233333,0,0.427857,0.0120899,0.630552,0.221246,204.282,6.8094,3.62293,2.34707,0.0449281,0.0246317,0.0179627,0.0107802,0.35934
35b850b056d8,11,"resampler: Residual, range_std: 0.142",labdesktop,2026-09-20T10:04:32+00:00,1073b69d29e5,residual,0.142,0.057919,0.333333,0,0.4285,0.0090636,0.6079,0.140511,194.826,6.4942,15.0746,15.4141,0.0677219,0.0450979,0.0634857,0.0140264,0.467546
19044a1c6664,12,"resampler: Residual, range_std: 0.142",labdesktop,2026-09-20T10:04:32+00:00,1073b69d29e5,residual,0.142,0.0263524,0.266667,0,0.456875,0.012732,0.607223,0.161553,148.471,4.94903,183.012,191.627,0.100701,0.0225706,0.0456855,0.0116582,0.388607
a5bfdcb13882,13,"resampler: Residual, range_std: 0.142",labdesktop,2026-09-20T10:04:32+00:00,1073b69d29e5,residual,0.142,0.0659768,0.3,0,0.371111,0.00849684,0.645484,0.0778805,199.323,6.64411,44.6795,44.2199,0.0908699,0.0536878,0.0546011,0.0131241,0.437472
91eb6e501548,14,"resampler: Residual, range_std: 0.142",labdesktop,2026-09-20T10:04:32+00:00,1073b69d29e5,residual,0.142,0.0472074,0.466667,0,0.427857,0.00985634,0.526741,0.0707954,137.95,4.59835,20.4798,22.1113,0.0844628,0.0524239,0.0838937,0.0191647,0.638823
d2b7caed2f77,15,"resampler: Residual, range_std: 0.142",labdesktop,2026-09-20T10:04:32+00:00,1073b69d29e5,residual,0.142,0.0343866,0.233333,0,0.453571,0.0114755,0.64772,0.200312,221.536,7.38454,8.26316,5.4496,0.0626016,0.0166785,0.00630116,0.0117876,0.392919
80dc4468ed0a,16,"resampler: Residual, range_std: 0.142",labdesktop,2026-09-20T10:04:32+00:00,1073b69d29e5,residual,0.142,0.042251,0.4,0,0.44625,0.0105087,0.591575,0.0431362,209.845,6.99484,64.4755,63.0788,0.0792289,0.0370304,0.0812353,0.01619,0.539666
0d339aec3f5a,17,"resampler: Residual, range_std: 0.142",labdesktop,2026-09-20T10:04:32+00:00,1073b69d29e5,residual,0.142,0.0464045,0.266667,0,0.384375,0.010012,0.630267,0.011558,172.841,5.76137,4.73256,2.61345,0.0491282,0.0425999,0.0402007,0.0120028,0.400095
80dc9b6c7ffe,18,"resampler: Residual, range_std: 0.142",labdesktop,2026-09-20T10:04:32+00:00,1073b69d29e5,residual,0.142,0.0724548,0.366667,0,0.455455,0.0136979,0.562913,0.166108,148.184,4.93946,109.581,86.5532,0.133197,0.0633796,0.131386,0.0151899,0.506328
4323c8e987a4,19,"resampler: Residual, range_std: 0.142",labdesktop,2026-09-20T10:04:32+00:00,1073b69d29e5,residual,0.142,0.0508095,0.4,0,0.43375,0.00957427,0.58646,0.109632,207.015,6.9005,30.2417,25.8994,0.0810292,0.0574266,0.0745427,0.0158387,0.527958
d4302d451921,0,"resampler: Residual, range_std: 0.19",labdesktop,2026-09-20T10:04:32+00:00,1073b69d29e5,residual,0.19,0.0312176,0.233333,0,0.444286,0.011055,0.647303,0.252062,207.508,6.91692,1.57247,1.49923,0.0369826,0.0350539,0.0223469,0.0108156,0.360519
2127ba58a627,1,"resampler: Residual, range_std: 0.19",labdesktop,2026-09-20T10:04:32+00:00,1073b69d29e5,residual,0.19,0.0414251,0.233333,0,0.451429,0.014879,0.611019,0.170674,214.534,7.15114,4.49577,3.39067,0.0595176,0.0463097,0.0400829,0.0110293,0.367642
1c2578d2a958,2,"resampler: Residual, range_std: 0.19",labdesktop,2026-09-20T10:04:32+00:00,1073b69d29e5,residual,0.19,0.04129,0.333333,0,0.464,0.00976396,0.63052,0.107372,181.658,6.05528,47.0532,37.0821,0.0940551,0.0407501,0.0742707,0.0148017,0.49339
73c30a4d3dff,3,"resampler: Residual, range_std: 0.19",labdesktop,2026-09-20T10:04:32+00:00,1073b69d29e5,residual,0.19,0.0553246,0.3,0,0.454444,0.0106709,0.625944,0.17554,196.051,6.53503,56.5766,54.066,0.107173,0.0412793,0.135167,0.0129617,0.432056
a8c83cd5e40d,4,"resampler: Residual, range_std: 0.19",labdesktop,2026-09-20T10:04:32+00:00,1073b69d29e5,residual,0.19,0.0364928,0.2,0,0.478333,0.00993984,0.698486,0.223683,199.774,6.65914,13.9611,13.6513,0.0574201,0.038339,0.0661462,0.00996414,0.332138
275904bf3eea,5,"resampler: Residual, range_std: 0.19",labdesktop,2026-09-20T10:04:32+00:00,1073b69d29e5,residual,0.19,0.0580762,0.266667,0,0.37875,0.0093189,0.668469,0.0444252,208.524,6.95079,61.8714,18.0414,0.0863219,0.0583586,0.0923129,0.011674,0.389134
035e13d96953,6,"resampler: Residual, range_std: 0.19",labdesktop,2026-09-20T10:04:33+00:00,1073b69d29e5,residual,0.19,0.0461399,0.333333,0,0.44,0.00982612,0.61201,0.187096,207.738,6.9246,6.8687,4.50648,0.0660865,0.0412204,0.0114707,0.0143042,0.476806
913b78a0a78f,7,"resampler: Residual, range_std: 0.19",labdesktop,2026-09-20T10:04:33+00:00,1073b69d29e5,residual,0.19,0.0619035,0.4,0,0.443333,0.0108958,0.565612,0.205346,199.691,6.65635,20.132,17.2688,0.107715,0.0619577,0.067622,0.0156202,0.520673
5d4ed8c5bea4,8,"resampler: Residual, range_std: 0.19",labdesktop,2026-09-20T10:04:33+00:00,1073b69d29e5,residual,0.19,0.0507233,0.3,0,0.442222,0.0111233,0.597243,0.138137,44.9346,1.49782,4628.13,796.605,0.349971,0.121637,0.604671,0.0127364,0.424547
f014a8a97d54,9,"resampler: Residual, range_std: 0.19",labdesktop,2026-09-20T10:04:33+00:00,1073b69d29e5,residual,0.19,0.0460559,0.233333,0,0.423571,0.0107543,0.65708,0.183271,194.62,6.48733,11.417,9.37621,0.0748729,0.0547438,0.0769201,0.0107204,0.357346
b96dea88de7a,10,"resampler: Residual, range_std: 0.19",labdesktop,2026-09-20T10:04:33+00:00,1073b69d29e5,residual,0.19,0.0350152,0.233333,0,0.490714,0.00918128,0.710302,0.297015,215.761,7.19203,2.51386,1.53883,0.0459528,0.0227066,0.013884,0.0110947,0.369824
32e923b6f832,11,"resampler: Residual, range_std: 0.19",labdesktop,2026-09-20T10:04:33+00:00,1073b69d29e5,residual,0.19,0.0459088,0.3,0,0.447222,0.0100718,0.611195,0.259573,213.909,7.13032,15.882,10.9646,0.0560632,0.0320386,0.0316098,0.0130577,0.435257
d71485802933,12,"resampler: Residual, range_std: 0.19",labdesktop,2026-09-20T10:04:33+00:00,1073b69d29e5,residual,0.19,0.0512793,0.2,0,0.425833,0.0098316,0.698591,0.136875,190.197,6.33989,6.07528,5.20393,0.0761375,0.0290691,0.0564566,0.00982907,0.327636
32a7ef63c9d8,13,"resampler: Residual, range_std: 0.19",labdesktop,2026-09-20T10:04:33+00:00,1073b69d29e5,residual,0.19,0.0447943,0.3,0,0.452222,0.0109019,0.620014,0.201148,208.03,6.93435,87.6501,76.3989,0.131436,0.0570332,0.215922,0.012581,0.419368
eb6d7f16e7c8,14,"resampler: Residual, range_std: 0.19",labdesktop,2026-09-20T10:04:33+00:00,1073b69d29e5,residual,0.19,0.0530957,0.266667,0,0.3975,0.0114718,0.662737,0.229103,178.228,5.94093,19.7909,13.9679,0.0959816,0.044966,0.0835157,0.0120214,0.400714
0affaa465454,15,"resampler: Residual, range_std: 0.19",labdesktop,2026-09-20T10:04:33+00:00,1073b69d29e5,residual,0.19,0.0378639,0.233333,0,0.493571,0.0105022,0.672967,0.256893,222.063,7.4021,6.78403,5.41863,0.0691603,0.0256811,0.0138091,0.0114959,0.383197
1f0fb226bd1d,16,"resampler: Residual, range_std: 0.19",labdesktop,2026-09-20T10:04:33+00:00,1073b69d29e5,residual,0.19,0.0386428,0.266667,0,0.475625,0.0108152,0.622375,0.0636581,222.155,7.40518,28.7265,22.0714,0.0857715,0.0360828,0.100545,0.0119226,0.397418
629ea148e25a,17,"resampler: Residual, range_std: 0.19",labdesktop,2026-09-20T10:04:33+00:00,1073b69d29e5,residual,0.19,0.0503922,0.233333,0,0.419286,0.00901694,0.690683,0.0305368,193.67,6.45565,3.03899,1.9303,0.0511545,0.0408758,0.0283081,0.0104945,0.349818
c58534f8df8b,18,"resampler: Residual, range_std: 0.19",labdesktop,2026-09-20T10:04:33+00:00,1073b69d29e5,residual,0.19,0.0324218,0.3,0,0.467778,0.0106188,0.644882,0.217674,158.696,5.28988,479.107,309.022,0.213203,0.0695896,0.329412,0.0130581,0.43527
777a4c8c756d,19,"resampler: Residual, range_std: 0.19",labdesktop,2026-09-20T10:04:33+00:00,1073b69d29e5,residual,0.19,0.035039,0.3,0,0.448889,0.0133081,0.563935,0.158695,215.026,7.16752,12.2921,6.3464,0.0742779,0.0460089,0.0868353,0.0130684,0.435612
4f209440a535,0,"resampler: Residual, range_std: 0.253",labdesktop,2026-09-20T10:04:33+00:00,1073b69d29e5,residual,0.253,0.0267461,0.2,0,0.489167,0.0110644,0.648437,0.306953,202.055,6.73518,0.932435,0.847898,0.032266,0.0238273,0.029237,0.010002,0.333401
d7b0033faf8d,1,"resampler: Residual, range_std: 0.253",labdesktop,2026-09-20T10:04:33+00:00,1073b69d29e5,residual,0.253,0.0408221,0.233333,0,0.455,0.0119144,0.633103,0.208586,205.772,6.85908,5.03103,4.71118,0.0675303,0.0468707,0.0568381,0.0108802,0.362672
f5facd2386c8,2,"resampler: Residual, range_std: 0.253",labdesktop,2026-09-20T10:04:33+00:00,1073b69d29e5,residual,0.253,0.0445507,0.3,0,0.461111,0.010818,0.634408,0.154309,185.846,6.19487,26.0197,26.3859,0.0948382,0.0447571,0.058863,0.0126692,0.422306
290f1424af22,3,"resampler: Residual, range_std: 0.253",labdesktop,2026-09-20T10:04:33+00:00,1073b69d29e5,residual,0.253,0.0692889,0.3,0,0.483333,0.00906244,0.652583,0.297258,192.479,6.41598,32.8686,26.9965,0.109399,0.0404904,0.134266,0.0131209,0.437364
7a5bedeca902,4,"resampler: Residual, range_std: 0.253",labdesktop,2026-09-20T10:04:33+00:00,1073b69d29e5,residual,0.253,0.0384329,0.2,0,0.455,0.0116364,0.678562,0.252018,196.718,6.55728,10.0844,9.87572,0.0672365,0.0419772,0.0835343,0.0098891,0.329637
5e0f95cdcd96,5,"resampler: Residual, range_std: 0.253",labdesktop,2026-09-20T10:04:33+00:00,1073b69d29e5,residual,0.253,0.0613906,0.3,0,0.433889,0.0115026,0.624117,0.135625,202.175,6.73918,15.8334,18.0897,0.0924477,0.0536211,0.110721,0.0134139,0.44713
43640d2788c2,6,"resampler: Residual, range_std: 0.253",labdesktop,2026-09-20T10:04:33+00:00,1073b69d29e5,residual,0.253,0.0433183,0.266667,0,0.47875,0.00952558,0.662025,0.309751,204.688,6.82294,5.81936,3.25185,0.0655152,0.0349843,0.0403888,0.0119773,0.399243
318e4f268950,7,"resampler: Residual, range_std: 0.253",labdesktop,2026-09-20T10:04:33+00:00,1073b69d29e5,residual,0.253,0.0564332,0.266667,0,0.459375,0.010598,0.657793,0.264516,207.942,6.93139,33.1177,26.5894,0.108408,0.0618108,0.151808,0.0120448,0.401494
1a138dfa508d,8,"resampler: Residual, range_std: 0.253",labdesktop,2026-09-20T10:04:33+00:00,1073b69d29e5,residual,0.253,0.0646252,0.333333,0,0.4695,0.0113563,0.59736,0.221075,139.535,4.65116,442.334,392.88,0.248952,0.0999471,0.363681,0.0141186,0.470621
5cc9e1db36fe,9,"resampler: Residual, range_std: 0.253",labdesktop,2026-09-20T10:04:33+00:00,1073b69d29e5,residual,0.253,0.0356569,0.233333,0,0.475,0.0096261,0.681891,0.294811,188.824,6.29413,31.8821,31.9448,0.102226,0.0494664,0.154554,0.0112877,0.376256
adf140ceb494,10,"resampler: Residual, range_std: 0.253",labdesktop,2026-09-20T10:04:33+00:00,1073b69d29e5,residual,0.253,0.0351032,0.166667,0,0.421,0.0111631,0.65957,0.276944,207.81,6.927,1.73103,1.57651,0.046864,0.0219735,0.0186779,0.00875152,0.291717
97680164c781,11,"resampler: Residual, range_std: 0.253",labdesktop,2026-09-20T10:04:33+00:00,1073b69d29e5,residual,0.253,0.0388686,0.266667,0,0.473125,0.0101517,0.636425,0.245286,206.456,6.88185,26.8645,22.7359,0.0655545,0.0266543,0.0293804,0.0120189,0.40063
88b061d0b56c,12,"resampler: Residual, range_std: 0.253",labdesktop,2026-09-20T10:04:33+00:00,1073b69d29e5,residual,0.253,0.0448285,0.2,0,0.434167,0.0104065,0.678079,0.225609,191.929,6.39764,3.71655,3.24153,0.0600494,0.0331345,0.0340423,0.00954424,0.318141
8b7c767a0812,13,"resampler: Residual, range_std: 0.253",labdesktop,2026-09-20T10:04:33+00:00,1073b69d29e5,residual,0.253,0.0495871,0.3,0,0.495556,0.010281,0.660715,0.329,202.186,6.73952,71.9844,54.963,0.137209,0.0592661,0.234762,0.0129634,0.432114
b2188be0cd5e,14,"resampler: Residual, range_std: 0.253",labdesktop,2026-09-20T10:04:33+00:00,1073b69d29e5,residual,0.253,0.0365515,0.266667,0,0.42625,0.0105897,0.639846,0.27818,186.369,6.2123,7.55723,4.02181,0.0846459,0.0381167,0.106965,0.0119834,0.399446
985bfdd2e574,15,"resampler: Residual, range_std: 0.253",labdesktop,2026-09-20T10:04:33+00:00,1073b69d29e5,residual,0.253,0.0436114,0.233333,0,0.44,0.0100327,0.661198,0.153588,206.971,6.89905,8.17647,7.77701,0.0782253,0.039944,0.015873,0.0108916,0.363053
c78536cde0d4,16,"resampler: Residual, range_std: 0.253",labdesktop,2026-09-20T10:04:33+00:00,1073b69d29e5,residual,0.253,0.0350803,0.233333,0,0.470714,0.010575,0.656894,0.324004,217.087,7.23624,13.4909,9.71107,0.0803195,0.0328654,0.095753,0.0108887,0.362957
70b0755ea0ac,17,"resampler: Residual, range_std: 0.253",labdesktop,2026-09-20T10:04:33+00:00,1073b69d29e5,residual,0.253,0.0660835,0.3,0,0.457222,0.00913898,0.683235,0.274969,191.286,6.37619,2.7585,1.63491,0.0711822,0.0479053,0.0330243,0.0128237,0.427457
05fa28fe395c,18,"resampler: Residual, range_std: 0.253",labdesktop,2026-09-20T10:04:33+00:00,1073b69d29e5,residual,0.253,0.0845283,0.3,0,0.459444,0.0101105,0.582851,0.12121,189.651,6.3217,13.9774,11.3909,0.110036,0.0569838,0.0717367,0.012671,0.422366
4698c9f562ed,19,"resampler: Residual, range_std: 0.253",labdesktop,2026-09-20T10:04:33+00:00,1073b69d29e5,residual,0.253,0.0375498,0.266667,0,0.48125,0.010798,0.63207,0.263057,205.251,6.84169,13.1187,12.6298,0.079656,0.0400752,0.0800428,0.0117016,0.390053
3b3051bfddcc,0,"resampler: Residual, range_std: 0.337",labdesktop,2026-09-20T10:04:33+00:00,1073b69d29e5,residual,0.337,0.0308029,0.233333,0,0.480714,0.0108708,0.661887,0.35776,183.763,6.12544,1.14789,0.980276,0.0339997,0.0259533,0.0358598,0.0106173,0.353909
2919eaab0799,1,"resampler: Residual, range_std: 0.337",labdesktop,2026-09-20T10:04:33+00:00,1073b69d29e5,residual,0.337,0.055289,0.333333,0,0.469,0.0110259,0.594159,0.174644,181.917,6.0639,4.79242,1.63517,0.081074,0.0532265,0.0738903,0.0142156,0.473852
1c34b970c886,2,"resampler: Residual, range_std: 0.337",labdesktop,2026-09-20T10:04:33+00:00,1073b69d29e5,residual,0.337,0.0417193,0.266667,0,0.460625,0.00961714,0.665997,0.189803,173.542,5.78473,11.2496,10.5917,0.0986531,0.0402888,0.096363,0.0118749,0.395831
beed35fe210a,3,"resampler: Residual, range_std: 0.337",labdesktop,2026-09-20T10:04:33+00:00,1073b69d29e5,residual,0.337,0.0654888,0.3,0,0.484444,0.00963978,0.651382,0.133433,175.817,5.86057,18.8859,16.9551,0.0977665,0.0373007,0.0669658,0.0129257,0.430857
c5acf5d23425,4,"resampler: Residual, range_std: 0.337",labdesktop,2026-09-20T10:04:33+00:00,1073b69d29e5,residual,0.337,0.0430799,0.2,0,0.480833,0.0103314,0.677759,0.258394,180.415,6.01383,8.71025,8.16207,0.0754923,0.0467619,0.0920114,0.00977656,0.325885
906e4d5a5211,5,"resampler: Residual, range_std: 0.337",labdesktop,2026-09-20T10:04:33+00:00,1073b69d29e5,residual,0.337,0.0425341,0.233333,0,0.431429,0.0116463,0.627196,0.161802,188.826,6.29421,9.82693,6.75492,0.0610587,0.0377709,0.0754656,0.0112112,0.373708
2912e66376e3,6,"resampler: Residual, range_std: 0.337",labdesktop,2026-09-20T10:04:33+00:00,1073b69d29e5,residual,0.337,0.0417317,0.266667,0,0.48125,0.00948842,0.674197,0.326331,188.139,6.27129,3.78019,2.7353,0.0630122,0.0317649,0.0299376,0.0120214,0.400713
c1416387582d,7,"resampler: Residual, range_std: 0.337",labdesktop,2026-09-20T10:04:33+00:00,1073b69d29e5,residual,0.337,0.062515,0.366667,0,0.495,0.00985805,0.629632,0.295584,182.635,6.08784,35.7019,7.65051,0.124237,0.0508983,0.175719,0.0151886,0.506285
02fbe7fdf88c,8,"resampler: Residual, range_std: 0.337",labdesktop,2026-09-20T10:04:33+00:00,1073b69d29e5,residual,0.337,0.0684554,0.333333,0,0.4875,0.0101593,0.621086,0.127764,161.078,5.36926,175.755,121.714,0.162537,0.0745649,0.195971,0.0137127,0.457088
c3bcb25ce5ce,9,"resampler: Residual, range_std: 0.337",labdesktop,2026-09-20T10:04:33+00:00,1073b69d29e5,residual,0.337,0.0306916,0.233333,0,0.515,0.0114755,0.663907,0.369567,172.817,5.76056,34.042,33.0701,0.10673,0.0466152,0.16416,0.0110143,0.367143
39dcdc835630,10,"resampler: Residual, range_std: 0.337",labdesktop,2026-09-20T10:04:33+00:00,1073b69d29e5,residual,0.337,0.045249,0.233333,0,0.491429,0.0104742,0.639647,0.306726,187.119,6.2373,1.16403,0.673338,0.0591101,0.0262567,0.0291565,0.0109652,0.365508
646cb15b000a,11,"resampler: Residual, range_std: 0.337",labdesktop,2026-09-20T10:04:33+00:00,1073b69d29e5,residual,0.337,0.048977,0.3,0,0.510556,0.0102171,0.647434,0.339965,184.65,6.15498,8.24361,6.79079,0.063865,0.0285116,0.0364238,0.013304,0.443468
6a03750a3402,12,"resampler: Residual, range_std: 0.337",labdesktop,2026-09-20T10:04:33+00:00,1073b69d29e5,residual,0.337,0.05746,0.166667,0,0.394,0.011691,0.640111,0.237537,178.473,5.94909,4.27438,4.03603,0.0656191,0.0409956,0.0401266,0.00862611,0.287537
2832d0db67d3,13,"resampler: Residual, range_std: 0.337",labdesktop,2026-09-20T10:04:33+00:00,1073b69d29e5,residual,0.337,0.0556636,0.233333,0,0.475,0.0102725,0.661359,0.163382,184.425,6.14751,72.4926,83.8028,0.140194,0.0618865,0.239675,0.0109175,0.363915
7e5be8317122,14,"resampler: Residual, range_std: 0.337",labdesktop,2026-09-20T10:04:33+00:00,1073b69d29e5,residual,0.337,0.0441626,0.266667,0,0.463125,0.011605,0.616721,0.318096,175.032,5.83441,9.62,6.45167,0.0943268,0.0341614,0.121138,0.0119505,0.398349
04ade33d92e2,15,"resampler: Residual, range_std: 0.337",labdesktop,2026-09-20T10:04:33+00:00,1073b69d29e5,residual,0.337,0.0453525,0.166667,0,0.419,0.0116659,0.657918,0.152435,184.633,6.15442,5.60015,5.36956,0.0801416,0.0369573,0.0144758,0.00871873,0.290624
a2fbf194cde2,16,"resampler: Residual, range_std: 0.337",labdesktop,2026-09-20T10:04:33+00:00,1073b69d29e5,residual,0.337,0.0428712,0.233333,0,0.489286,0.0101893,0.664332,0.231268,196.716,6.55719,2.94869,2.31747,0.0739568,0.0414443,0.0556792,0.0109765,0.365882
213370d8a060,17,"resampler: Residual, range_std: 0.337",labdesktop,2026-09-20T10:04:33+00:00,1073b69d29e5,residual,0.337,0.0547607,0.233333,0,0.457857,0.0113817,0.66816,0.104901,174.781,5.82604,1.2058,1.15636,0.0618627,0.0438928,0.0410979,0.0105882,0.352942
ec94b2187e8a,18,"resampler: Residual, range_std: 0.337",labdesktop,2026-09-20T10:04:33+00:00,1073b69d29e5,residual,0.337,0.0643617,0.366667,0,0.447727,0.0100058,0.600702,0.130028,159.611,5.32036,147.895,67.5098,0.199715,0.0568553,0.313693,0.0146524,0.488413
3d5d9fcdf509,19,"resampler: Residual, range_std: 0.337",labdesktop,2026-09-20T10:04:33+00:00,1073b69d29e5,residual,0.337,0.0411713,0.3,0,0.48,0.0102414,0.621204,0.305176,182.951,6.09836,6.66814,6.76592,0.0782121,0.0456934,0.096602,0.0127649,0.425496
29ebcc786d36,0,"resampler: Residual, range_std: 0.45",labdesktop,2026-09-20T10:04:33+00:00,1073b69d29e5,residual,0.45,0.0357218,0.2,0,0.480833,0.0108649,0.665059,0.320268,158.331,5.2777,0.682581,0.457103,0.0372883,0.0238035,0.0392349,0.00976298,0.325433
fb77af065bc2,1,"resampler: Residual, range_std: 0.45",labdesktop,2026-09-20T10:04:33+00:00,1073b69d29e5,residual,0.45,0.0413873,0.233333,0,0.447857,0.0118362,0.665357,0.189264,158.955,5.29848,13.953,13.3042,0.0909425,0.0493834,0.122601,0.010728,0.357601
e9edfc1d6909,2,"resampler: Residual, range_std: 0.45",labdesktop,2026-09-20T10:04:33+00:00,1073b69d29e5,residual,0.45,0.0536346,0.266667,0,0.485,0.0110526,0.653445,0.216627,150.321,5.01071,17.691,18.5563,0.108934,0.0385497,0.0621352,0.0114797,0.382658
54db6a244ffd,3,"resampler: Residual, range_std: 0.45",labdesktop,2026-09-20T10:04:33+00:00,1073b69d29e5,residual,0.45,0.0750696,0.233333,0,0.458571,0.0098571,0.692127,0.133878,151.592,5.05308,28.5998,17.3487,0.110939,0.0392528,0.146737,0.0105087,0.350291
50a2f513d402,4,"resampler: Residual, range_std: 0.45",labdesktop,2026-09-20T10:04:33+00:00,1073b69d29e5,residual,0.45,0.0509075,0.233333,0,0.479286,0.0104805,0.66312,0.252397,156.426,5.21419,6.17378,6.14461,0.0801297,0.0470794,0.0748795,0.0106183,0.353942
45f31739a0b1,5,"resampler: Residual, range_std: 0.45",labdesktop,2026-09-20T10:04:33+00:00,1073b69d29e5,residual,0.45,0.0456133,0.2,0,0.455,0.011731,0.657438,0.271862,164.013,5.46709,9.84121,4.53575,0.0567442,0.0336924,0.0601812,0.00970818,0.323606
a21956418242,6,"resampler: Residual, range_std: 0.45",labdesktop,2026-09-20T10:04:33+00:00,1073b69d29e5,residual,0.45,0.0370687,0.233333,0,0.470714,0.0105496,0.643124,0.191364,163.55,5.45167,2.99724,2.54173,0.0580857,0.0323462,0.0348154,0.0109274,0.364248
cfc60740deba,7,"resampler: Residual, range_std: 0.45",labdesktop,2026-09-20T10:04:33+00:00,1073b69d29e5,residual,0.45,0.0976062,0.366667,0,0.467273,0.0121899,0.593267,0.215698,152.177,5.07256,38.0143,41.8554,0.139273,0.0680318,0.10761,0.015154,0.505132
ac68beda509d,8,"resampler: Residual, range_std: 0.45",labdesktop,2026-09-20T10:04:33+00:00,1073b69d29e5,residual,0.45,0.0816877,0.266667,0,0.4675,0.0108651,0.607933,0.138797,141.874,4.72914,34.9333,26.8411,0.126905,0.0745145,0.0946834,0.011778,0.3926
00cd4cfbe5fa,9,"resampler: Residual, range_std: 0.45",labdesktop,2026-09-20T10:04:33+00:00,1073b69d29e5,residual,0.45,0.0668575,0.3,0,0.503333,0.0127254,0.609568,0.334801,151.017,5.03389,8.31154,5.14634,0.0808106,0.0402868,0.0442809,0.0131563,0.438543
b980c611da1c,10,"resampler: Residual, range_std: 0.45",labdesktop,2026-09-20T10:04:33+00:00,1073b69d29e5,residual,0.45,0.0442539,0.233333,0,0.487143,0.0109331,0.640838,0.305961,161.222,5.37407,1.82477,1.37714,0.0651174,0.0262858,0.021113,0.0110358,0.36786
d6326a66bfbb,11,"resampler: Residual, range_std: 0.45",labdesktop,2026-09-20T10:04:33+00:00,1073b69d29e5,residual,0.45,0.0763607,0.233333,0,0.497857,0.0105662,0.641449,0.38269,159.613,5.32042,41.8633,30.8435,0.104382,0.033743,0.13183,0.011018,0.367267
9954c9159578,12,"resampler: Residual, range_std: 0.45",labdesktop,2026-09-20T10:04:33+00:00,1073b69d29e5,residual,0.45,0.0649105,0.166667,0,0.397,0.0111795,0.67154,0.228986,155.924,5.19748,3.37437,3.26455,0.0739371,0.0404668,0.0480406,0.00868882,0.289627
12f3a3352dd3,13,"resampler: Residual, range_std: 0.45",labdesktop,2026-09-20T10:04:33+00:00,1073b69d29e5,residual,0.45,0.0717468,0.233333,0,0.421429,0.00979606,0.656582,0.210927,163.769,5.45896,19.3471,4.4214,0.0799555,0.0500396,0.0387217,0.010639,0.354632
cef005573e85,14,"resampler: Residual, range_std: 0.45",labdesktop,2026-09-20T10:04:33+00:00,1073b69d29e5,residual,0.45,0.0417317,0.266667,0,0.5025,0.0113263,0.608572,0.331713,154.141,5.13804,26.0457,7.12404,0.106009,0.0351815,0.157101,0.0120299,0.400996
46714d117f68,15,"resampler: Residual, range_std: 0.45",labdesktop,2026-09-20T10:04:33+00:00,1073b69d29e5,residual,0.45,0.0502939,0.2,0,0.463333,0.00956655,0.65944,0.193394,156.086,5.20286,6.73531,7.42599,0.0794339,0.0382002,0.0142211,0.00979045,0.326348
d996e2587f59,16,"resampler: Residual, range_std: 0.45",labdesktop,2026-09-20T10:04:33+00:00,1073b69d29e5,residual,0.45,0.0630989,0.3,0,0.513333,0.0094691,0.63816,0.168175,168.169,5.60563,14.0093,7.6257,0.108668,0.0489575,0.137899,0.0126934,0.423112
3acf732cf420,17,"resampler: Residual, range_std: 0.45",labdesktop,2026-09-20T10:04:33+00:00,1073b69d29e5,residual,0.45,0.0730565,0.233333,0,0.504286,0.0116701,0.632215,0.169273,148.846,4.96154,8.27119,3.46115,0.0913284,0.053913,0.0692543,0.010598,0.353266
8e15446583ae,18,"resampler: Residual, range_std: 0.45",labdesktop,2026-09-20T10:04:33+00:00,1073b69d29e5,residual,0.45,0.0702634,0.333333,0,0.4325,0.010086,0.585381,0.139742,153.992,5.13307,53.4591,10.3757,0.114787,0.0473028,0.105197,0.013224,0.440802
abd6abb19a74,19,"resampler: Residual, range_std: 0.45",labdesktop,2026-09-20T10:04:33+00:00,1073b69d29e5,residual,0.45,0.0385373,0.266667,0,0.505,0.0121011,0.625719,0.327288,157.166,5.23887,10.4604,8.80289,0.0821935,0.0394466,0.111925,0.011943,0.398099
5b092ad4553b,0,"resampler: Residual, range_std: 0.6",labdesktop,2026-09-20T10:04:33+00:00,1073b69d29e5,residual,0.6,0.0341347,0.166667,0,0.493,0.0116146,0.658912,0.317336,129.021,4.3007,0.678041,0.721774,0.0364039,0.021845,0.0471943,0.0087329,0.291097
b3cda91556ae,1,"resampler: Residual, range_std: 0.6",labdesktop,2026-09-20T10:04:33+00:00,1073b69d29e5,residual,0.6,0.0443156,0.266667,0,0.46,0.00983231,0.64951,0.204153,130.643,4.35478,7.82443,5.50298,0.0754986,0.0464168,0.0881771,0.0117128,0.390427
81f1837eb17d,2,"resampler: Residual, range_std: 0.6",labdesktop,2026-09-20T10:04:33+00:00,1073b69d29e5,residual,0.6,0.0528897,0.266667,0,0.46,0.00989994,0.655462,0.235139,124.697,4.15656,22.7394,9.83366,0.120511,0.0425961,0.15646,0.0117386,0.391286
f92b30c95ced,3,"resampler: Residual, range_std: 0.6",labdesktop,2026-09-20T10:04:33+00:00,1073b69d29e5,residual,0.6,0.0959581,0.3,0,0.482778,0.0111888,0.649626,0.0694101,117.08,3.90265,95.2285,18.9081,0.14385,0.0542291,0.254758,0.0128949,0.42983
c0b9dd0e7c34,4,"resampler: Residual, range_std: 0.6",labdesktop,2026-09-20T10:04:33+00:00,1073b69d29e5,residual,0.6,0.0668171,0.3,0,0.491111,0.0103479,0.62096,0.244684,126.617,4.22058,6.72766,4.99047,0.0866034,0.0485112,0.0837548,0.0129558,0.43186
67f6baedeb79,5,"resampler: Residual, range_std: 0.6",labdesktop,2026-09-20T10:04:33+00:00,1073b69d29e5,residual,0.6,0.0460698,0.266667,0,0.464375,0.00975646,0.656053,0.2988,134.225,4.47417,5.74601,3.40985,0.0592884,0.0316631,0.0476018,0.0116738,0.389127
e229b763be9f,6,"resampler: Residual, range_std: 0.6",labdesktop,2026-09-20T10:04:33+00:00,1073b69d29e5,residual,0.6,0.0417372,0.3,0,0.515,0.0105947,0.633577,0.290404,134.511,4.48369,3.45234,2.19902,0.058653,0.0267923,0.0268317,0.0129582,0.431939
f1838ea5dc1d,7,"resampler: Residual, range_std: 0.6",labdesktop,2026-09-20T10:04:33+00:00,1073b69d29e5,residual,0.6,0.0789517,0.333333,0,0.4585,0.0111487,0.58727,0.188224,109.578,3.65262,381.037,215.535,0.195762,0.0685017,0.198963,0.0133942,0.446474
0b43e18a10c8,8,"resampler: Residual, range_std: 0.6",labdesktop,2026-09-20T10:04:33+00:00,1073b69d29e5,residual,0.6,0.0827823,0.333333,0,0.4315,0.0112795,0.618571,0.218357,109.576,3.65255,40.8673,22.5341,0.154757,0.0581103,0.254213,0.0134865,0.449551
9a9fa12a01c9,9,"resampler: Residual, range_std: 0.6",labdesktop,2026-09-20T10:04:33+00:00,1073b69d29e5,residual,0.6,0.0629197,0.333333,0,0.5115,0.0111824,0.614301,0.340295,123.092,4.10306,3.9919,2.50446,0.0897446,0.0348847,0.103573,0.0139341,0.464471
67e14f376f83,10,"resampler: Residual, range_std: 0.6",labdesktop,2026-09-20T10:04:33+00:00,1073b69d29e5,residual,0.6,0.05357,0.266667,0,0.46875,0.010555,0.620373,0.240817,130.836,4.3612,3.26865,2.08051,0.0815808,0.02623,0.0217821,0.0120336,0.401119
01a799ae8dfd,11,"resampler: Residual, range_std: 0.6",labdesktop,2026-09-20T10:04:33+00:00,1073b69d29e5,residual,0.6,0.0500404,0.233333,0,0.485,0.0122459,0.60202,0.263034,130.315,4.34384,4.09804,4.24257,0.0706445,0.0344489,0.0636877,0.0106112,0.353705
00f44e7eca32,12,"resampler: Residual, range_std: 0.6",labdesktop,2026-09-20T10:04:33+00:00,1073b69d29e5,residual,0.6,0.0736567,0.166667,0,0.408,0.0106077,0.676549,0.205311,127.935,4.2645,3.27864,3.10348,0.0857346,0.0444338,0.0522375,0.00853056,0.284352
c0ee2d3819be,13,"resampler: Residual, range_std: 0.6",labdesktop,2026-09-20T10:04:33+00:00,1073b69d29e5,residual,0.6,0.067582,0.266667,0,0.45625,0.00966228,0.647642,0.212864,134.431,4.48103,3.5721,1.97418,0.0808676,0.0486801,0.0750639,0.0115823,0.386076
5c025c396e30,14,"resampler: Residual, range_std: 0.6",labdesktop,2026-09-20T10:04:33+00:00,1073b69d29e5,residual,0.6,0.0471014,0.2,0,0.496667,0.0118263,0.620277,0.303095,127.238,4.24125,5.79129,3.60098,0.0966475,0.0310354,0.135131,0.00982981,0.32766
91400321c940,15,"resampler: Residual, range_std: 0.6",labdesktop,2026-09-20T10:04:33+00:00,1073b69d29e5,residual,0.6,0.0690912,0.2,0,0.444167,0.0101458,0.680133,0.170349,124.987,4.16624,4.50281,4.03325,0.099155,0.0569653,0.0276236,0.00957747,0.319249
93cf59ac9a88,16,"resampler: Residual, range_std: 0.6",labdesktop,2026-09-20T10:04:33+00:00,1073b69d29e5,residual,0.6,0.0693976,0.266667,0,0.435625,0.0100325,0.652183,0.119247,138.396,4.6132,37.4445,27.9488,0.121928,0.0502652,0.153695,0.0115677,0.385589
2f8d0184632f,17,"resampler: Residual, range_std: 0.6",labdesktop,2026-09-20T10:04:33+00:00,1073b69d29e5,residual,0.6,0.084607,0.333333,0,0.456,0.00830906,0.671349,0.248323,120.281,4.00935,5.26495,4.39505,0.105036,0.0614515,0.125062,0.0135838,0.452792
061da4302e67,18,"resampler: Residual, range_std: 0.6",labdesktop,2026-09-20T10:04:33+00:00,1073b69d29e5,residual,0.6,0.0616844,0.266667,0,0.451875,0.0129098,0.630111,0.19738,129.749,4.32496,3.47638,2.41816,0.068294,0.0414182,0.0435007,0.0114249,0.38083
aba2531d4524,19,"resampler: Residual, range_std: 0.6",labdesktop,2026-09-20T10:04:33+00:00,1073b69d29e5,residual,0.6,0.0411324,0.2,0,0.484167,0.0114111,0.632052,0.334035,126.709,4.22364,5.05353,5.13436,0.0808346,0.0456089,0.0902385,0.00994257,0.331419
02a0a9bb13be,0,"resampler: Residual, range_std: 0.8",labdesktop,2026-09-20T10:04:33+00:00,1073b69d29e5,residual,0.8,0.0376477,0.2,0,0.4875,0.0106945,0.674258,0.319251,97.9585,3.26528,1.24612,0.979092,0.0435935,0.0203472,0.0134108,0.00956047,0.318682
603bd731f877,1,"resampler: Residual, range_std: 0.8",labdesktop,2026-09-20T10:04:33+00:00,1073b69d29e5,residual,0.8,0.0469793,0.3,0,0.491111,0.0103377,0.624411,0.293294,98.6457,3.28819,3.30599,3.28752,0.079028,0.0426127,0.126261,0.0129526,0.431752
2b45a6394639,2,"resampler: Residual, range_std: 0.8",labdesktop,2026-09-20T10:04:33+00:00,1073b69d29e5,residual,0.8,0.0607922,0.266667,0,0.471875,0.00943027,0.65781,0.243732,95.757,3.1919,10.9329,9.81269,0.120772,0.0445419,0.122055,0.0122053,0.406843
92591f63c33e,3,"resampler: Residual, range_std: 0.8",labdesktop,2026-09-20T10:04:33+00:00,1073b69d29e5,residual,0.8,0.0796199,0.3,0,0.469444,0.00894281,0.638005,0.147121,91.0516,3.03505,22.118,19.7983,0.108256,0.0458,0.111018,0.0129103,0.430344
7af821c08f71,4,"resampler: Residual, range_std: 0.8",labdesktop,2026-09-20T10:04:33+00:00,1073b69d29e5,residual,0.8,0.0607852,0.3,0,0.470556,0.0104322,0.596734,0.206583,96.3155,3.21052,7.96526,6.08574,0.085485,0.0491515,0.067486,0.0129717,0.43239
2ec6b38957bd,5,"resampler: Residual, range_std: 0.8",labdesktop,2026-09-20T10:04:33+00:00,1073b69d29e5,residual,0.8,0.0398138,0.2,0,0.486667,0.0117064,0.684547,0.307728,103.605,3.45351,9.86215,4.92551,0.0536008,0.0298264,0.0590029,0.0100316,0.334387
c4000738b212,6,"resampler: Residual, range_std: 0.8",labdesktop,2026-09-20T10:04:33+00:00,1073b69d29e5,residual,0.8,0.036309,0.233333,0,0.486429,0.0101854,0.669738,0.334,103.374,3.4458,4.1738,3.79017,0.0671744,0.0245521,0.0568548,0.0111953,0.373178
23c7e578778f,7,"resampler: Residual, range_std: 0.8",labdesktop,2026-09-20T10:04:33+00:00,1073b69d29e5,residual,0.8,0.0565381,0.333333,0,0.482,0.0111492,0.632028,0.182564,94.0814,3.13605,30.995,36.7088,0.143425,0.0613224,0.0969969,0.0139362,0.46454
0a6b44371b52,8,"resampler: Residual, range_std: 0.8",labdesktop,2026-09-20T10:04:33+00:00,1073b69d29e5,residual,0.8,0.0737059,0.3,0,0.479444,0.00997646,0.655207,0.242639,81.2768,2.70923,120.174,141.05,0.175877,0.0527693,0.207417,0.0131054,0.436847
e541085f5305,9,"resampler: Residual, range_std: 0.8",labdesktop,2026-09-20T10:04:33+00:00,1073b69d29e5,residual,0.8,0.0689085,0.266667,0,0.5125,0.0110497,0.662995,0.299815,94.0806,3.13602,8.65743,5.19814,0.0998561,0.0415864,0.162403,0.0122064,0.406881
90b996105fb2,10,"resampler: Residual, range_std: 0.8",labdesktop,2026-09-20T10:04:33+00:00,1073b69d29e5,residual,0.8,0.0540446,0.2,0,0.474167,0.0110184,0.638579,0.316971,100.105,3.33684,3.23551,1.43409,0.0855513,0.0264961,0.0412003,0.00998739,0.332913
20f57865c544,11,"resampler: Residual, range_std: 0.8",labdesktop,2026-09-20T10:04:33+00:00,1073b69d29e5,residual,0.8,0.0628823,0.2,0,0.49,0.0105501,0.650733,0.244296,102.258,3.4086,8.4449,7.05562,0.0720241,0.0425736,0.0318537,0.00986102,0.328701
4854f71bc91a,12,"resampler: Residual, range_std: 0.8",labdesktop,2026-09-20T10:04:33+00:00,1073b69d29e5,residual,0.8,0.0894454,0.2,0,0.438333,0.0100291,0.640302,0.18295,96.6145,3.22048,5.24204,4.61306,0.0955169,0.0492902,0.0452065,0.00962009,0.32067
8aefedc62ee4,13,"resampler: Residual, range_std: 0.8",labdesktop,2026-09-20T10:04:33+00:00,1073b69d29e5,residual,0.8,0.0658031,0.266667,0,0.474375,0.00956893,0.641922,0.223634,104.016,3.46719,3.12626,2.31973,0.0778769,0.0490554,0.0606758,0.012486,0.4162
9a497f0d2dc1,14,"resampler: Residual, range_std: 0.8",labdesktop,2026-09-20T10:04:33+00:00,1073b69d29e5,residual,0.8,0.0479865,0.233333,0,0.502143,0.0110274,0.665871,0.248091,96.9859,3.23286,19.8996,4.94913,0.10581,0.0331816,0.156534,0.0113528,0.378427
58b5482348ed,15,"resampler: Residual, range_std: 0.8",labdesktop,2026-09-20T10:04:33+00:00,1073b69d29e5,residual,0.8,0.0635167,0.2,0,0.468333,0.0112438,0.637342,0.225774,92.3337,3.07779,8.23359,8.75553,0.0907902,0.0457394,0.0323559,0.00966256,0.322085
f74ced373b99,16,"resampler: Residual, range_std: 0.8",labdesktop,2026-09-20T10:04:33+00:00,1073b69d29e5,residual,0.8,0.0601941,0.233333,0,0.469286,0.0131739,0.615598,0.0986797,109.416,3.64719,8.31976,8.14226,0.10098,0.046632,0.117908,0.0106747,0.355823
aebc34f9a960,17,"resampler: Residual, range_std: 0.8",labdesktop,2026-09-20T10:04:33+00:00,1073b69d29e5,residual,0.8,0.0764193,0.266667,0,0.486875,0.0100701,0.660998,0.288497,89.7606,2.99202,2.51512,1.26586,0.0920684,0.053791,0.0767925,0.0118271,0.394236
f9e0bcf12883,18,"resampler: Residual, range_std: 0.8",labdesktop,2026-09-20T10:04:33+00:00,1073b69d29e5,residual,0.8,0.164942,0.366667,0,0.449091,0.00934371,0.595828,0.173325,85.6206,2.85402,76.6381,10.697,0.199948,0.0719494,0.119098,0.0149712,0.49904
8998b5b5214b,19,"resampler: Residual, range_std: 0.8",labdesktop,2026-09-20T10:04:33+00:00,1073b69d29e5,residual,0.8,0.0451111,0.266667,0,0.481875,0.0111027,0.619814,0.30096,94.064,3.13547,4.79624,4.3988,0.0997331,0.0447601,0.133071,0.0119179,0.397263
626924b33033,0,"resampler: Stratified, range_std: 0.08",labdesktop,2026-09-20T10:04:33+00:00,1073b69d29e5,stratified,0.08,0.0455042,0.5,0,0.372667,0.010844,0.480964,0.0204791,6.34136,0.211379,15.5102,6.00688,0.0503409,0.0609364,0.0257008,0.0271101,0.90367
75e40457318d,1,"resampler: Stratified, range_std: 0.08",labdesktop,2026-09-20T10:04:33+00:00,1073b69d29e5,stratified,0.08,0.0566907,0.466667,0,0.406786,0.0121558,0.492488,0.0529818,15.1817,0.506058,1085.18,449.82,0.0978073,0.0781787,0.0250318,0.0253971,0.846569
9062d2a7fe21,2,"resampler: Stratified, range_std: 0.08",labdesktop,2026-09-20T10:04:33+00:00,1073b69d29e5,stratified,0.08,0.0550672,0.5,0,0.453333,0.0107352,0.500679,0.0112825,-278.306,-9.27686,3506.87,2521.77,0.163792,0.0665914,0.245811,0.0265556,0.885187
26187973a73d,3,"resampler: Stratified, range_std: 0.08",labdesktop,2026-09-20T10:04:33+00:00,1073b69d29e5,stratified,0.08,0.0463357,0.533333,0,0.322812,0.0111156,0.418134,0.00808954,-25.9582,-0.865275,183.812,148.627,0.104301,0.0524312,0.12088,0.0283272,0.944239
085e51b524a3,4,"resampler: Stratified, range_std: 0.08",labdesktop,2026-09-20T10:04:33+00:00,1073b69d29e5,stratified,0.08,0.0442536,0.433333,0,0.388462,0.0109359,0.522035,0.0358781,-121.513,-4.05044,666.958,382.231,0.144063,0.0677597,0.211517,0.0240048,0.800159
2db0ec6e1989,5,"resampler: Stratified, range_std: 0.08",labdesktop,2026-09-20T10:04:33+00:00,1073b69d29e5,stratified,0.08,0.0423839,0.5,0,0.485333,0.0113956,0.524525,0.00529227,-257.135,-8.57117,13601.2,3546.76,0.218611,0.0876011,0.365744,0.0266488,0.888293
610a15795e99,6,"resampler: Stratified, range_std: 0.08",labdesktop,2026-09-20T10:04:33+00:00,1073b69d29e5,stratified,0.08,0.035184,0.633333,0,0.369211,0.00948323,0.391868,0.0050042,-2755.28,-91.8428,3.20181e+06,214731,0.683968,0.193366,1.18354,0.0320988,1.06996
be4b585c7945,7,"resampler: Stratified, range_std: 0.08",labdesktop,2026-09-20T10:04:33+00:00,1073b69d29e5,stratified,0.08,0.0340833,0.533333,0,0.409062,0.0111478,0.443921,0.0645698,-1004.95,-33.4984,70255.6,21041.3,0.402965,0.0949332,0.625687,0.0285895,0.952982
d1dce471130d,8,"resampler: Stratified, range_std: 0.08",labdesktop,2026-09-20T10:04:33+00:00,1073b69d29e5,stratified,0.08,0.0394428,0.566667,0,0.413529,0.0114367,0.408199,0.0256224,-3583.62,-119.454,981455,111102,0.799662,0.239944,1.41482,0.0296702,0.989008
55c85b0188a8,9,"resampler: Stratified, range_std: 0.08",labdesktop,2026-09-20T10:04:33+00:00,1073b69d29e5,stratified,0.08,0.0299102,0.566667,0,0.421471,0.0115753,0.424524,0.0168753,-2457.07,-81.9025,170827,95689.2,0.622382,0.153042,1.0456,0.0299765,0.999217
0afbaaaadb45,10,"resampler: Stratified, range_std: 0.08",labdesktop,2026-09-20T10:04:33+00:00,1073b69d29e5,stratified,0.08,0.0414047,0.466667,0,0.4175,0.0110488,0.516895,0.0764558,46.9364,1.56455,15.1335,14.312,0.0602376,0.0258207,0.0176366,0.0248317,0.827724
7be072726e7d,11,"resampler: Stratified, range_std: 0.08",labdesktop,2026-09-20T10:04:33+00:00,1073b69d29e5,stratified,0.08,0.0369702,0.6,0,0.411389,0.00982639,0.422798,0.0566613,-1655.2,-55.1734,188717,64289.3,0.535517,0.13677,0.904539,0.0313217,1.04406
2029f80bf15a,12,"resampler: Stratified, range_std: 0.08",labdesktop,2026-09-20T10:04:33+00:00,1073b69d29e5,stratified,0.08,0.0342471,0.466667,0,0.389286,0.011176,0.488119,0.0284418,-116.192,-3.87305,896.648,920.662,0.122525,0.0234601,0.0416964,0.025412,0.847066
fb821bdd1c47,13,"resampler: Stratified, range_std: 0.08",labdesktop,2026-09-20T10:04:33+00:00,1073b69d29e5,stratified,0.08,0.0521439,0.633333,0,0.411316,0.0091794,0.414229,0.0173166,-881.491,-29.383,60950.8,42318.6,0.379951,0.112493,0.52121,0.0327017,1.09006
83ecddfe6a78,14,"resampler: Stratified, range_std: 0.08",labdesktop,2026-09-20T10:04:33+00:00,1073b69d29e5,stratified,0.08,0.0365162,0.466667,0,0.394643,0.0112775,0.517796,0.0374804,-217.405,-7.24684,765.955,654.345,0.169609,0.0728029,0.165001,0.0245705,0.819016
c0e3f08657c3,15,"resampler: Stratified, range_std: 0.08",labdesktop,2026-09-20T10:04:33+00:00,1073b69d29e5,stratified,0.08,0.0406095,0.433333,0,0.410385,0.011056,0.526221,0.0488297,122.016,4.06719,19.9686,11.7016,0.0590091,0.0247959,0.0427844,0.0235147,0.783825
224fd50c85e3,16,"resampler: Stratified, range_std: 0.08",labdesktop,2026-09-20T10:04:33+00:00,1073b69d29e5,stratified,0.08,0.0318856,0.566667,0,0.411765,0.0107887,0.431223,0.04678,-1166.08,-38.8693,427986,70288.7,0.463568,0.110729,0.761942,0.0292207,0.974022
40142636f3bb,17,"resampler: Stratified, range_std: 0.08",labdesktop,2026-09-20T10:04:33+00:00,1073b69d29e5,stratified,0.08,0.0336637,0.6,0,0.436667,0.0109923,0.444386,0.00728199,-735.531,-24.5177,29522.6,7623.03,0.322301,0.0911411,0.499628,0.0305047,1.01682
38f4f4674d80,18,"resampler: Stratified, range_std: 0.08",labdesktop,2026-09-20T10:04:33+00:00,1073b69d29e5,stratified,0.08,0.0311915,0.633333,0,0.454737,0.00880712,0.46273,0.0412681,-541.86,-18.062,23285.3,11001.9,0.333362,0.101756,0.533969,0.0323471,1.07824
46cb251062f7,19,"resampler: Stratified, range_std: 0.08",labdesktop,2026-09-20T10:04:33+00:00,1073b69d29e5,stratified,0.08,0.0310163,0.466667,0,0.439643,0.010764,0.531028,0.020121,-14.263,-0.475434,2081.82,326.38,0.140097,0.0835442,0.230396,0.0252355,0.841182
6619d8005e08,0,"resampler: Stratified, range_std: 0.107",labdesktop,2026-09-20T10:04:33+00:00,1073b69d29e5,stratified,0.107,0.0344746,0.4,0,0.447083,0.0103419,0.573558,0.06734,133.921,4.46405,3.75799,3.21459,0.0418569,0.0401574,0.0122306,0.0225216,0.75072
c023b79b86aa,1,"resampler: Stratified, range_std: 0.107",labdesktop,2026-09-20T10:04:33+00:00,1073b69d29e5,stratified,0.107,0.0477922,0.466667,0,0.411071,0.0108265,0.499592,0.0122052,150.049,5.00162,27.1226,8.5618,0.0604751,0.0569821,0.0426809,0.0246897,0.822991
25224b947fe0,2,"resampler: Stratified, range_std: 0.107",labdesktop,2026-09-20T10:04:33+00:00,1073b69d29e5,stratified,0.107,0.0454797,0.4,0,0.420833,0.0108869,0.564318,0.0379335,-17.8936,-0.596455,1079.12,496.871,0.155805,0.0589547,0.2183,0.0220071,0.733571
576e3ecd83e9,3,"resampler: Stratified, range_std: 0.107",labdesktop,2026-09-20T10:04:33+00:00,1073b69d29e5,stratified,0.107,0.0614577,0.433333,0,0.392692,0.00986004,0.53538,0.00518295,112.39,3.74635,509.063,147.237,0.108028,0.0460683,0.108658,0.0232962,0.776539
a32cf7c0e7e3,4,"resampler: Stratified, range_std: 0.107",labdesktop,2026-09-20T10:04:33+00:00,1073b69d29e5,stratified,0.107,0.0378932,0.266667,0,0.383125,0.0121332,0.614906,0.013958,113.449,3.78163,42.1941,19.787,0.058139,0.0403142,0.0726989,0.0157424,0.524747
3ad51c082e3b,5,"resampler: Stratified, range_std: 0.107",labdesktop,2026-09-20T10:04:33+00:00,1073b69d29e5,stratified,0.107,0.0846226,0.366667,0,0.404545,0.0110585,0.578273,0.00649406,-82.4035,-2.74678,29212,1833.59,0.25568,0.111284,0.428324,0.0201203,0.670677
bddcc435057f,6,"resampler: Stratified, range_std: 0.107",labdesktop,2026-09-20T10:04:33+00:00,1073b69d29e5,stratified,0.107,0.0366004,0.566667,0,0.438529,0.0102464,0.483081,0.0187461,-1290.88,-43.0293,165379,48041.1,0.637372,0.181738,1.12243,0.0292118,0.973728
b11ef71348d3,7,"resampler: Stratified, range_std: 0.107",labdesktop,2026-09-20T10:04:33+00:00,1073b69d29e5,stratified,0.107,0.0433312,0.466667,0,0.439643,0.0102236,0.508751,0.0619435,149.76,4.992,27.2603,17.5562,0.0666704,0.0567438,0.0794198,0.024611,0.820368
66e36f1af765,8,"resampler: Stratified, range_std: 0.107",labdesktop,2026-09-20T10:04:33+00:00,1073b69d29e5,stratified,0.107,0.0365532,0.5,0,0.441333,0.0114135,0.491163,0.0458199,-2127.51,-70.917,367508,88332,0.816836,0.243099,1.45307,0.0260914,0.869715
66df17ca3820,9,"resampler: Stratified, range_std: 0.107",labdesktop,2026-09-20T10:04:33+00:00,1073b69d29e5,stratified,0.107,0.0287802,0.5,0,0.419333,0.0101649,0.481637,0.0271909,-1363.4,-45.4466,144205,39618.2,0.635555,0.155495,1.06601,0.0263902,0.879674
df456becb6dd,10,"resampler: Stratified, range_std: 0.107",labdesktop,2026-09-20T10:04:33+00:00,1073b69d29e5,stratified,0.107,0.0397311,0.366667,0,0.442273,0.0102739,0.599199,0.0588033,158.654,5.28848,5.56696,5.70437,0.0528984,0.0287903,0.0288401,0.0202648,0.675493
660f2b96dfbf,11,"resampler: Stratified, range_std: 0.107",labdesktop,2026-09-20T10:04:33+00:00,1073b69d29e5,stratified,0.107,0.0640393,0.4,0,0.435833,0.00973111,0.562006,0.0212725,139.723,4.65742,93.425,19.3677,0.0739315,0.0406531,0.0421716,0.0224637,0.748791
9eccc103ad13,12,"resampler: Stratified, range_std: 0.107",labdesktop,2026-09-20T10:04:33+00:00,1073b69d29e5,stratified,0.107,0.03813,0.3,0,0.404444,0.0121903,0.581051,0.0646117,68.6384,2.28795,1080.71,683.25,0.11146,0.0208944,0.0434377,0.0173957,0.579856
d45a2e421df1,13,"resampler: Stratified, range_std: 0.107",labdesktop,2026-09-20T10:04:33+00:00,1073b69d29e5,stratified,0.107,0.0514022,0.5,0,0.487,0.0109261,0.521297,0.00773971,-298.08,-9.936,24970.6,7445.55,0.339043,0.0943048,0.518986,0.0261659,0.872196
f90c3e7c6b49,14,"resampler: Stratified, range_std: 0.107",labdesktop,2026-09-20T10:04:33+00:00,1073b69d29e5,stratified,0.107,0.0545804,0.533333,0,0.425,0.00972662,0.509383,0.0411992,-3.14105,-0.104702,341.784,408.727,0.162016,0.0719036,0.192429,0.0277494,0.924981
043ece3b7b92,15,"resampler: Stratified, range_std: 0.107",labdesktop,2026-09-20T10:04:33+00:00,1073b69d29e5,stratified,0.107,0.0360939,0.366667,0,0.478182,0.0101011,0.603348,0.122061,194.287,6.47624,11.9754,9.88533,0.0641152,0.0187262,0.00628333,0.0203683,0.678944
e3ac27d5ccee,16,"resampler: Stratified, range_std: 0.107",labdesktop,2026-09-20T10:04:33+00:00,1073b69d29e5,stratified,0.107,0.037239,0.3,0,0.427222,0.013075,0.576258,0.0121935,167.957,5.59857,180.53,78.3101,0.0761989,0.0413325,0.0588125,0.0177072,0.59024
df9dc84fdc3b,17,"resampler: Stratified, range_std: 0.107",labdesktop,2026-09-20T10:04:33+00:00,1073b69d29e5,stratified,0.107,0.0378105,0.3,0,0.422222,0.0121172,0.611939,0.0348994,110.786,3.69286,9.94786,3.84917,0.039179,0.0555652,0.0418825,0.0175171,0.583902
25626c51b8d4,18,"resampler: Stratified, range_std: 0.107",labdesktop,2026-09-20T10:04:33+00:00,1073b69d29e5,stratified,0.107,0.0409742,0.466667,0,0.431786,0.0101029,0.501545,0.0764394,-10.2618,-0.34206,2132.65,1657.02,0.230082,0.0821237,0.345778,0.025364,0.845467
f7e128a76890,19,"resampler: Stratified, range_std: 0.107",labdesktop,2026-09-20T10:04:33+00:00,1073b69d29e5,stratified,0.107,0.0388702,0.366667,0,0.391364,0.0115087,0.542424,0.010564,168.28,5.60932,64.7747,66.1209,0.0728655,0.0671915,0.0795797,0.0201845,0.672818
6c811657e28e,0,"resampler: Stratified, range_std: 0.142",labdesktop,2026-09-20T10:04:33+00:00,1073b69d29e5,stratified,0.142,0.0337509,0.266667,0,0.48375,0.016068,0.553578,0.131829,190.669,6.35562,1.79852,1.49008,0.0375199,0.0426048,0.0211069,0.0158944,0.529812
1dc9c39866b8,1,"resampler: Stratified, range_std: 0.142",labdesktop,2026-09-20T10:04:33+00:00,1073b69d29e5,stratified,0.142,0.0424968,0.4,0,0.487917,0.0104097,0.598362,0.181736,199.632,6.65441,10.1701,8.81992,0.0692514,0.0556101,0.03086,0.0221692,0.738975
56a1c6256696,2,"resampler: Stratified, range_std: 0.142",labdesktop,2026-09-20T10:04:33+00:00,1073b69d29e5,stratified,0.142,0.0723197,0.4,0,0.407917,0.0096183,0.600879,0.0319872,144.101,4.80337,153.284,71.3735,0.0935261,0.0628427,0.0611648,0.0219483,0.731611
e78d3faa4c95,3,"resampler: Stratified, range_std: 0.142",labdesktop,2026-09-20T10:04:33+00:00,1073b69d29e5,stratified,0.142,0.0578323,0.366667,0,0.440909,0.00945774,0.60349,0.0163872,173.473,5.78242,81.0788,56.5147,0.110686,0.0423007,0.140606,0.0201324,0.671079
e486377c3848,4,"resampler: Stratified, range_std: 0.142",labdesktop,2026-09-20T10:04:33+00:00,1073b69d29e5,stratified,0.142,0.0349924,0.233333,0,0.470714,0.0103368,0.666895,0.179877,177.145,5.90484,17.5127,13.8181,0.0531564,0.0355913,0.0557051,0.0142569,0.475229
82d41dbf766b,5,"resampler: Stratified, range_std: 0.142",labdesktop,2026-09-20T10:04:33+00:00,1073b69d29e5,stratified,0.142,0.0588347,0.366667,0,0.437727,0.010241,0.612063,0.0156842,164.582,5.48608,163.635,116.838,0.135872,0.0700324,0.17456,0.02111,0.703666
f5995f96e2a8,6,"resampler: Stratified, range_std: 0.142",labdesktop,2026-09-20T10:04:33+00:00,1073b69d29e5,stratified,0.142,0.0497417,0.333333,0,0.4095,0.0103371,0.56397,0.0504465,186.944,6.23147,14.4164,10.2267,0.0687918,0.054443,0.0227408,0.0196216,0.654052
51bc54af05d0,7,"resampler: Stratified, range_std: 0.142",labdesktop,2026-09-20T10:04:33+00:00,1073b69d29e5,stratified,0.142,0.0403804,0.333333,0,0.468,0.0107376,0.596831,0.0937856,199.105,6.63684,26.0915,27.7556,0.0799999,0.0501973,0.120783,0.0192042,0.640141
0cef758cc07f,8,"resampler: Stratified, range_std: 0.142",labdesktop,2026-09-20T10:04:33+00:00,1073b69d29e5,stratified,0.142,0.0572816,0.433333,0,0.468077,0.00958861,0.577333,0.0696337,-38.7662,-1.29221,5078.49,1098.54,0.338895,0.128303,0.575992,0.0236297,0.787656
ac6c3f958540,9,"resampler: Stratified, range_std: 0.142",labdesktop,2026-09-20T10:04:33+00:00,1073b69d29e5,stratified,0.142,0.0591916,0.366667,0,0.457273,0.00999593,0.607416,0.116408,163.668,5.45561,140.31,116.835,0.117463,0.0701715,0.168144,0.0206205,0.687351
9ce36d8c20c1,10,"resampler: Stratified, range_std: 0.142",labdesktop,2026-09-20T10:04:33+00:00,1073b69d29e5,stratified,0.142,0.0342803,0.233333,0,0.429286,0.0119315,0.64304,0.225202,204.507,6.81691,3.42102,2.34944,0.0483663,0.022465,0.0187623,0.0145545,0.485152
42c0006af620,11,"resampler: Stratified, range_std: 0.142",labdesktop,2026-09-20T10:04:33+00:00,1073b69d29e5,stratified,0.142,0.0626232,0.3,0,0.438889,0.0116181,0.533221,0.150944,192.411,6.4137,16.3912,11.647,0.0718282,0.0367006,0.0638127,0.0174407,0.581358
87704a9ef5ff,12,"resampler: Stratified, range_std: 0.142",labdesktop,2026-09-20T10:04:33+00:00,1073b69d29e5,stratified,0.142,0.0317635,0.266667,0,0.4825,0.0116647,0.631831,0.16109,146.048,4.86826,230.082,256.079,0.105511,0.0212535,0.0580359,0.0160578,0.535261
bc5a5a0cb780,13,"resampler: Stratified, range_std: 0.142",labdesktop,2026-09-20T10:04:33+00:00,1073b69d29e5,stratified,0.142,0.0533743,0.333333,0,0.4185,0.010989,0.548305,0.142253,183.466,6.11555,344.28,132.701,0.149104,0.0562616,0.214262,0.0190235,0.634116
0c43abdac1b5,14,"resampler: Stratified, range_std: 0.142",labdesktop,2026-09-20T10:04:33+00:00,1073b69d29e5,stratified,0.142,0.0634965,0.4,0,0.42125,0.0107573,0.522546,0.0961109,135.285,4.5095,29.8233,25.9535,0.10409,0.0630247,0.060755,0.0218694,0.728981
eb5fbd392285,15,"resampler: Stratified, range_std: 0.142",labdesktop,2026-09-20T10:04:33+00:00,1073b69d29e5,stratified,0.142,0.0406458,0.3,0,0.511111,0.010833,0.619015,0.200312,221.192,7.37308,8.04567,7.325,0.0661169,0.0242291,0.0166355,0.0174262,0.580872
fd187c4f99b4,16,"resampler: Stratified, range_std: 0.142",labdesktop,2026-09-20T10:04:33+00:00,1073b69d29e5,stratified,0.142,0.0332723,0.3,0,0.494444,0.0113019,0.614264,0.0740556,210.055,7.00183,49.6962,51.7656,0.0833754,0.0386348,0.0872056,0.0174916,0.583053
ff9d9694f966,17,"resampler: Stratified, range_std: 0.142",labdesktop,2026-09-20T10:04:33+00:00,1073b69d29e5,stratified,0.142,0.0316558,0.3,0,0.483889,0.0103926,0.63135,0.0823973,171.361,5.71203,11.4839,4.66355,0.0346008,0.0258813,0.0128883,0.0176534,0.588446
2e165c25e844,18,"resampler: Stratified, range_std: 0.142",labdesktop,2026-09-20T10:04:33+00:00,1073b69d29e5,stratified,0.142,0.0343764,0.366667,0,0.501364,0.012212,0.602315,0.166108,115.603,3.85344,924.203,302.833,0.208525,0.0720008,0.313092,0.0206773,0.689244
f68800fe9d4c,19,"resampler: Stratified, range_std: 0.142",labdesktop,2026-09-20T10:04:33+00:00,1073b69d29e5,stratified,0.142,0.0512235,0.333333,0,0.417,0.0107183,0.564106,0.0862837,207.067,6.90222,24.3424,25.0808,0.0811554,0.0581969,0.0743518,0.0189889,0.632964
0fa8a17889a8,0,"resampler: Stratified, range_std: 0.19",labdesktop,2026-09-20T10:04:33+00:00,1073b69d29e5,stratified,0.19,0.0303954,0.2,0,0.46,0.0116673,0.618903,0.252062,207.409,6.91363,1.55961,1.62181,0.0362646,0.0354249,0.0222141,0.0131001,0.43667
c73b2b0824f1,1,"resampler: Stratified, range_std: 0.19",labdesktop,2026-09-20T10:04:33+00:00,1073b69d29e5,stratified,0.19,0.0484772,0.333333,0,0.477,0.0107377,0.623871,0.159829,212.169,7.07229,6.21649,3.68432,0.0644566,0.0459281,0.0689253,0.0191104,0.637013
bc96679343ff,2,"resampler: Stratified, range_std: 0.19",labdesktop,2026-09-20T10:04:33+00:00,1073b69d29e5,stratified,0.19,0.0542453,0.333333,0,0.465,0.0107168,0.589482,0.108114,175.944,5.8648,29.9664,25.7222,0.0968648,0.0474047,0.0921982,0.0188765,0.629216
0c700df7cca7,3,"resampler: Stratified, range_std: 0.19",labdesktop,2026-09-20T10:04:33+00:00,1073b69d29e5,stratified,0.19,0.0732418,0.433333,0,0.461923,0.00904792,0.559575,0.0664322,194.131,6.47103,27.6463,20.0928,0.10909,0.043961,0.162621,0.0244864,0.816213
77d7fa40f771,4,"resampler: Stratified, range_std: 0.19",labdesktop,2026-09-20T10:04:33+00:00,1073b69d29e5,stratified,0.19,0.0364896,0.233333,0,0.496429,0.0108731,0.649371,0.223683,200.052,6.6684,11.7309,11.2701,0.0573747,0.0402549,0.068405,0.0140166,0.467222
c48033e79e30,5,"resampler: Stratified, range_std: 0.19",labdesktop,2026-09-20T10:04:33+00:00,1073b69d29e5,stratified,0.19,0.0514336,0.166667,0,0.398,0.0113772,0.702329,0.048845,212.61,7.087,16.3792,9.85167,0.058409,0.0422167,0.04736,0.011691,0.389699
49e2e637c4a0,6,"resampler: Stratified, range_std: 0.19",labdesktop,2026-09-20T10:04:33+00:00,1073b69d29e5,stratified,0.19,0.0463174,0.3,0,0.463889,0.0116654,0.603034,0.133556,208.01,6.93366,6.00291,3.02088,0.0659522,0.0405525,0.0305329,0.0176659,0.588865
6d3549022c64,7,"resampler: Stratified, range_std: 0.19",labdesktop,2026-09-20T10:04:33+00:00,1073b69d29e5,stratified,0.19,0.0419618,0.233333,0,0.47,0.0110453,0.63594,0.164336,215.803,7.19344,17.9419,16.0241,0.0758829,0.0455941,0.105121,0.0144977,0.483256
5f01ff6ac765,8,"resampler: Stratified, range_std: 0.19",labdesktop,2026-09-20T10:04:33+00:00,1073b69d29e5,stratified,0.19,0.060705,0.333333,0,0.488,0.010778,0.623317,0.138137,92.2471,3.0749,2625.19,947.363,0.294518,0.11075,0.467439,0.0192224,0.640747
04fecb1149ed,9,"resampler: Stratified, range_std: 0.19",labdesktop,2026-09-20T10:04:33+00:00,1073b69d29e5,stratified,0.19,0.045575,0.233333,0,0.435714,0.0123859,0.623847,0.161333,195.945,6.53149,14.9952,13.7046,0.071289,0.0554944,0.0829721,0.0146593,0.488644
2ca5a178dee5,10,"resampler: Stratified, range_std: 0.19",labdesktop,2026-09-20T10:04:34+00:00,1073b69d29e5,stratified,0.19,0.0391995,0.233333,0,0.468571,0.0104034,0.6582,0.297015,215.076,7.16921,3.12297,1.18693,0.0498203,0.025421,0.0173824,0.0144842,0.482805
3dd8fbaed0a3,11,"resampler: Stratified, range_std: 0.19",labdesktop,2026-09-20T10:04:34+00:00,1073b69d29e5,stratified,0.19,0.0467745,0.3,0,0.481111,0.0117881,0.634893,0.218002,204.642,6.8214,100.303,41.1717,0.100886,0.0298716,0.113594,0.0174909,0.583032
d76e21f4d595,12,"resampler: Stratified, range_std: 0.19",labdesktop,2026-09-20T10:04:34+00:00,1073b69d29e5,stratified,0.19,0.046603,0.233333,0,0.473571,0.0115368,0.638591,0.201105,190.15,6.33835,6.55041,6.71422,0.073553,0.0257504,0.0459656,0.0145974,0.486581
797354d83a70,13,"resampler: Stratified, range_std: 0.19",labdesktop,2026-09-20T10:04:34+00:00,1073b69d29e5,stratified,0.19,0.0525715,0.3,0,0.476667,0.0106461,0.64713,0.172193,214.182,7.1394,37.5013,40.6246,0.0905062,0.0531112,0.0913882,0.0176351,0.587838
0d2b2a7821b8,14,"resampler: Stratified, range_std: 0.19",labdesktop,2026-09-20T10:04:34+00:00,1073b69d29e5,stratified,0.19,0.0437477,0.333333,0,0.4745,0.0115569,0.601976,0.224699,178.356,5.94521,14.4851,10.0946,0.0927345,0.0439734,0.105585,0.0189958,0.633192
8b86a81c8ec3,15,"resampler: Stratified, range_std: 0.19",labdesktop,2026-09-20T10:04:34+00:00,1073b69d29e5,stratified,0.19,0.037597,0.2,0,0.496667,0.0115334,0.64054,0.256893,222.395,7.41317,6.31824,6.09127,0.0688123,0.0277697,0.0079383,0.0132219,0.440731
9ebe86f3f643,16,"resampler: Stratified, range_std: 0.19",labdesktop,2026-09-20T10:04:34+00:00,1073b69d29e5,stratified,0.19,0.0284433,0.266667,0,0.478125,0.0106386,0.639176,0.13125,225.498,7.51661,21.7427,16.5824,0.0775509,0.0408897,0.072575,0.0162245,0.540815
675ce41795bd,17,"resampler: Stratified, range_std: 0.19",labdesktop,2026-09-20T10:04:34+00:00,1073b69d29e5,stratified,0.19,0.0447237,0.266667,0,0.469375,0.011489,0.588512,0.0736066,194.218,6.47394,2.14158,1.44527,0.0468793,0.0325266,0.0268135,0.0163319,0.544395
f26dbc046066,18,"resampler: Stratified, range_std: 0.19",labdesktop,2026-09-20T10:04:34+00:00,1073b69d29e5,stratified,0.19,0.0326586,0.3,0,0.486667,0.011813,0.620765,0.217674,162.577,5.41923,432.33,300.557,0.204641,0.0670649,0.303074,0.0176766,0.589218
922b9068a46d,19,"resampler: Stratified, range_std: 0.19",labdesktop,2026-09-20T10:04:34+00:00,1073b69d29e5,stratified,0.19,0.0417836,0.3,0,0.478889,0.0106633,0.611842,0.190165,214.893,7.16309,17.3609,16.2927,0.0838465,0.047218,0.0917716,0.0176433,0.58811
6598064577d1,0,"resampler: Stratified, range_std: 0.253",labdesktop,2026-09-20T10:04:34+00:00,1073b69d29e5,stratified,0.253,0.032001,0.233333,0,0.496429,0.00956089,0.696042,0.306953,201.943,6.73143,1.24824,1.09479,0.0357712,0.0289887,0.0272927,0.0145537,0.485124
8d083c25a5fb,1,"resampler: Stratified, range_std: 0.253",labdesktop,2026-09-20T10:04:34+00:00,1073b69d29e5,stratified,0.253,0.0513757,0.233333,0,0.492143,0.0125129,0.595749,0.220819,204.586,6.81955,3.21339,2.93101,0.069795,0.0576631,0.0915614,0.0147794,0.492646
e66bb7e9a1da,2,"resampler: Stratified, range_std: 0.253",labdesktop,2026-09-20T10:04:34+00:00,1073b69d29e5,stratified,0.253,0.0461387,0.233333,0,0.455,0.0104987,0.648795,0.154309,186.127,6.20423,16.5771,12.5754,0.0951489,0.0291457,0.0809558,0.0146547,0.488489
5eb840591719,3,"resampler: Stratified, range_std: 0.253",labdesktop,2026-09-20T10:04:34+00:00,1073b69d29e5,stratified,0.253,0.0774567,0.266667,0,0.469375,0.0107692,0.613527,0.110121,187.753,6.25843,193.225,25.2861,0.122557,0.0463368,0.202785,0.0160261,0.534205
7beedb381cdb,4,"resampler: Stratified, range_std: 0.253",labdesktop,2026-09-20T10:04:34+00:00,1073b69d29e5,stratified,0.253,0.0423914,0.166667,0,0.457,0.0109656,0.697251,0.252018,197.647,6.58824,9.45673,10.2182,0.0641222,0.0438819,0.0703559,0.0115473,0.384911
a84b33160189,5,"resampler: Stratified, range_std: 0.253",labdesktop,2026-09-20T10:04:34+00:00,1073b69d29e5,stratified,0.253,0.0476169,0.166667,0,0.407,0.0115161,0.637694,0.127557,206.695,6.88983,9.42411,5.54656,0.056769,0.0424239,0.0477067,0.0119164,0.397215
c76a541c2aee,6,"resampler: Stratified, range_std: 0.253",labdesktop,2026-09-20T10:04:34+00:00,1073b69d29e5,stratified,0.253,0.0386536,0.233333,0,0.495714,0.0115435,0.634231,0.309387,204.929,6.83097,4.25815,2.99421,0.060549,0.0313136,0.0269456,0.0146939,0.489795
a5aa70624887,7,"resampler: Stratified, range_std: 0.253",labdesktop,2026-09-20T10:04:34+00:00,1073b69d29e5,stratified,0.253,0.0517453,0.233333,0,0.468571,0.0104932,0.637125,0.264516,209.302,6.97672,16.6943,13.4699,0.0945596,0.0558567,0.11853,0.0146087,0.486956
795b32ee0127,8,"resampler: Stratified, range_std: 0.253",labdesktop,2026-09-20T10:04:34+00:00,1073b69d29e5,stratified,0.253,0.065811,0.333333,0,0.4825,0.0110431,0.556323,0.0324946,142.904,4.76348,1047.7,286.07,0.245851,0.0942628,0.378429,0.0193893,0.646311
25efb8c0f36a,9,"resampler: Stratified, range_std: 0.253",labdesktop,2026-09-20T10:04:34+00:00,1073b69d29e5,stratified,0.253,0.0442683,0.266667,0,0.46625,0.0102287,0.666524,0.01874,189.668,6.32226,18.3053,17.8166,0.0915092,0.0484678,0.133753,0.0163365,0.544549
b341a7872bb7,10,"resampler: Stratified, range_std: 0.253",labdesktop,2026-09-20T10:04:34+00:00,1073b69d29e5,stratified,0.253,0.0359744,0.2,0,0.461667,0.0109722,0.664697,0.17885,207.676,6.92255,1.56273,1.27373,0.0459803,0.0247035,0.0165351,0.0131981,0.439937
6d7f547976c7,11,"resampler: Stratified, range_std: 0.253",labdesktop,2026-09-20T10:04:34+00:00,1073b69d29e5,stratified,0.253,0.0428527,0.333333,0,0.518,0.0115894,0.600895,0.310657,204.62,6.82067,3.36706,3.22873,0.0601518,0.024862,0.0121859,0.0190543,0.635143
abd221909490,12,"resampler: Stratified, range_std: 0.253",labdesktop,2026-09-20T10:04:34+00:00,1073b69d29e5,stratified,0.253,0.0433055,0.2,0,0.458333,0.00915733,0.727088,0.225609,192.396,6.41321,4.05687,3.55466,0.0590729,0.0321375,0.0409213,0.0130986,0.436621
edafdf72197f,13,"resampler: Stratified, range_std: 0.253",labdesktop,2026-09-20T10:04:34+00:00,1073b69d29e5,stratified,0.253,0.0484392,0.266667,0,0.49125,0.0107865,0.640454,0.317463,201.219,6.70731,88.4942,75.6063,0.144658,0.0576467,0.250379,0.0162951,0.543171
9b16addbf1f6,14,"resampler: Stratified, range_std: 0.253",labdesktop,2026-09-20T10:04:34+00:00,1073b69d29e5,stratified,0.253,0.0417621,0.266667,0,0.47,0.0102413,0.664433,0.27818,186.167,6.20556,10.3569,7.3909,0.0899389,0.0410291,0.100618,0.0162092,0.540306
4ff399f993b7,15,"resampler: Stratified, range_std: 0.253",labdesktop,2026-09-20T10:04:34+00:00,1073b69d29e5,stratified,0.253,0.0415945,0.233333,0,0.495,0.00953877,0.701658,0.29472,207.451,6.91503,6.78006,7.25389,0.0749436,0.0443726,0.0170947,0.0147031,0.490103
7af61b143e9b,16,"resampler: Stratified, range_std: 0.253",labdesktop,2026-09-20T10:04:34+00:00,1073b69d29e5,stratified,0.253,0.0348424,0.233333,0,0.488571,0.0105176,0.630449,0.282609,217.562,7.25206,6.05623,7.05654,0.0700915,0.0352878,0.0577745,0.0146746,0.489153
8b575fc52309,17,"resampler: Stratified, range_std: 0.253",labdesktop,2026-09-20T10:04:34+00:00,1073b69d29e5,stratified,0.253,0.0646332,0.266667,0,0.465,0.00836922,0.664906,0.274969,191.062,6.36874,2.72879,1.82289,0.0679008,0.0476697,0.0300152,0.0165743,0.552476
7c220ae3557f,18,"resampler: Stratified, range_std: 0.253",labdesktop,2026-09-20T10:04:34+00:00,1073b69d29e5,stratified,0.253,0.0526994,0.333333,0,0.4735,0.0108956,0.611111,0.166509,170.594,5.68647,253.407,96.3363,0.19703,0.0565682,0.303962,0.0196819,0.656062
973191533a6b,19,"resampler: Stratified, range_std: 0.253",labdesktop,2026-09-20T10:04:34+00:00,1073b69d29e5,stratified,0.253,0.0404904,0.266667,0,0.51375,0.010666,0.631529,0.26661,204.922,6.83075,9.46779,10.0442,0.0795501,0.0455274,0.081305,0.0160221,0.53407
caca87bb7d48,0,"resampler: Stratified, range_std: 0.337",labdesktop,2026-09-20T10:04:34+00:00,1073b69d29e5,stratified,0.337,0.032319,0.233333,0,0.513571,0.00991532,0.686438,0.35776,184.251,6.14171,1.165,1.01567,0.035806,0.0258317,0.0268199,0.0144838,0.482793
fd867973713a,1,"resampler: Stratified, range_std: 0.337",labdesktop,2026-09-20T10:04:34+00:00,1073b69d29e5,stratified,0.337,0.0505442,0.233333,0,0.461429,0.0130495,0.58823,0.197084,185.955,6.1985,2.67648,1.49505,0.0680516,0.0463277,0.0800103,0.0146365,0.487882
7a13ef056ed8,2,"resampler: Stratified, range_std: 0.337",labdesktop,2026-09-20T10:04:34+00:00,1073b69d29e5,stratified,0.337,0.0472939,0.266667,0,0.47,0.0102336,0.642633,0.189803,173.066,5.76888,18.4742,14.3432,0.104685,0.0482078,0.117769,0.0160316,0.534388
d591d62a4b91,3,"resampler: Stratified, range_std: 0.337",labdesktop,2026-09-20T10:04:34+00:00,1073b69d29e5,stratified,0.337,0.078161,0.3,0,0.512222,0.00997738,0.602593,0.162429,173.47,5.78232,18.2566,15.1647,0.110472,0.0433406,0.136767,0.0174604,0.582013
7e439d7540eb,4,"resampler: Stratified, range_std: 0.337",labdesktop,2026-09-20T10:04:34+00:00,1073b69d29e5,stratified,0.337,0.0475605,0.233333,0,0.497143,0.0092667,0.682173,0.22553,181.145,6.03816,8.00986,7.41822,0.0683034,0.0447811,0.0670088,0.0142814,0.476046
2eb912d46a90,5,"resampler: Stratified, range_std: 0.337",labdesktop,2026-09-20T10:04:34+00:00,1073b69d29e5,stratified,0.337,0.0430548,0.166667,0,0.462,0.0107062,0.670852,0.217984,189.948,6.33159,10.9131,5.62109,0.0531824,0.031393,0.0519243,0.0119059,0.396863
edcadf06c793,6,"resampler: Stratified, range_std: 0.337",labdesktop,2026-09-20T10:04:34+00:00,1073b69d29e5,stratified,0.337,0.0373124,0.233333,0,0.524286,0.0113164,0.662913,0.342988,187.731,6.25771,4.20809,3.55932,0.0642772,0.0327855,0.0365784,0.0144522,0.481741
f5e91ee728c0,7,"resampler: Stratified, range_std: 0.337",labdesktop,2026-09-20T10:04:34+00:00,1073b69d29e5,stratified,0.337,0.0729334,0.333333,0,0.5005,0.012245,0.576914,0.259108,181.761,6.05869,6.16627,5.76036,0.102517,0.0543503,0.0506329,0.0187483,0.624944
cda1d70cdb3c,8,"resampler: Stratified, range_std: 0.337",labdesktop,2026-09-20T10:04:34+00:00,1073b69d29e5,stratified,0.337,0.0586248,0.333333,0,0.4885,0.0113418,0.59834,0.115794,134.204,4.47348,449.945,222.414,0.238564,0.0894401,0.352397,0.0187473,0.624912
4b244fcc8ee4,9,"resampler: Stratified, range_std: 0.337",labdesktop,2026-09-20T10:04:34+00:00,1073b69d29e5,stratified,0.337,0.0755623,0.3,0,0.516111,0.0111039,0.607204,0.1588,172.557,5.75189,4.2597,2.97114,0.0849798,0.0425251,0.154251,0.0173188,0.577294
047e34078a0c,10,"resampler: Stratified, range_std: 0.337",labdesktop,2026-09-20T10:04:34+00:00,1073b69d29e5,stratified,0.337,0.0394844,0.166667,0,0.461,0.0121051,0.623857,0.275055,187.961,6.26535,1.05763,0.626503,0.0534305,0.0245216,0.0300535,0.0114882,0.382939
75718ea3efdb,11,"resampler: Stratified, range_std: 0.337",labdesktop,2026-09-20T10:04:34+00:00,1073b69d29e5,stratified,0.337,0.0608649,0.266667,0,0.501875,0.0102273,0.627437,0.247177,187.439,6.24796,31.2883,20.2054,0.0749165,0.0363156,0.0500526,0.0159035,0.530115
10d9964298d8,12,"resampler: Stratified, range_std: 0.337",labdesktop,2026-09-20T10:04:34+00:00,1073b69d29e5,stratified,0.337,0.0590351,0.2,0,0.438333,0.0107491,0.630111,0.185146,177.656,5.92186,4.39242,3.59327,0.0667071,0.0425646,0.0423369,0.0128671,0.428903
d1d2f0e28aaa,13,"resampler: Stratified, range_std: 0.337",labdesktop,2026-09-20T10:04:34+00:00,1073b69d29e5,stratified,0.337,0.0544326,0.233333,0,0.505,0.00977011,0.674563,0.294886,190.653,6.35509,13.0532,12.1318,0.0794818,0.0441765,0.0595061,0.0144909,0.483029
9ec5c289b4e1,14,"resampler: Stratified, range_std: 0.337",labdesktop,2026-09-20T10:04:34+00:00,1073b69d29e5,stratified,0.337,0.0403743,0.266667,0,0.495625,0.00934265,0.691554,0.318096,175.387,5.84624,8.04596,4.9845,0.0955808,0.0343788,0.120852,0.0159046,0.530154
975905f29c92,15,"resampler: Stratified, range_std: 0.337",labdesktop,2026-09-20T10:04:34+00:00,1073b69d29e5,stratified,0.337,0.0465926,0.2,0,0.46,0.00951807,0.698049,0.15561,184.759,6.15863,6.07599,6.19896,0.0780725,0.0352033,0.00764794,0.012976,0.432534
aa3b3547bc85,16,"resampler: Stratified, range_std: 0.337",labdesktop,2026-09-20T10:04:34+00:00,1073b69d29e5,stratified,0.337,0.040625,0.2,0,0.480833,0.00996351,0.680152,0.231541,197.188,6.57292,16.2474,9.70813,0.0870171,0.0369602,0.105072,0.0129832,0.432775
ea10473fa167,17,"resampler: Stratified, range_std: 0.337",labdesktop,2026-09-20T10:04:34+00:00,1073b69d29e5,stratified,0.337,0.0706874,0.3,0,0.495556,0.00893762,0.688954,0.322342,173.982,5.7994,3.27581,2.1885,0.0759138,0.0522436,0.0342197,0.0174883,0.582943
be64cbe3810b,18,"resampler: Stratified, range_std: 0.337",labdesktop,2026-09-20T10:04:34+00:00,1073b69d29e5,stratified,0.337,0.063644,0.366667,0,0.466818,0.0095058,0.603926,0.12584,158.951,5.29838,271.678,66.8586,0.211609,0.056985,0.345084,0.0206397,0.68799
43c265a37065,19,"resampler: Stratified, range_std: 0.337",labdesktop,2026-09-20T10:04:34+00:00,1073b69d29e5,stratified,0.337,0.0413797,0.3,0,0.507222,0.0121911,0.582069,0.305176,183.205,6.10682,8.96209,10.3807,0.0862488,0.043123,0.101477,0.0173013,0.57671
883bc94bc4b3,0,"resampler: Stratified, range_std: 0.45",labdesktop,2026-09-20T10:04:34+00:00,1073b69d29e5,stratified,0.45,0.0345933,0.2,0,0.498333,0.0102482,0.678513,0.33214,158.727,5.29091,0.915197,0.77653,0.0370668,0.0225222,0.0332331,0.0128239,0.427464
48608ff21dd8,1,"resampler: Stratified, range_std: 0.45",labdesktop,2026-09-20T10:04:34+00:00,1073b69d29e5,stratified,0.45,0.0446993,0.266667,0,0.50375,0.0102831,0.648659,0.244827,160.001,5.33337,2.36377,1.63118,0.068433,0.0419762,0.0873089,0.0161571,0.538569
1e90d68a81e9,2,"resampler: Stratified, range_std: 0.45",labdesktop,2026-09-20T10:04:34+00:00,1073b69d29e5,stratified,0.45,0.051658,0.266667,0,0.485,0.0105862,0.630934,0.182175,153.41,5.11366,11.8274,14.0023,0.102621,0.0377195,0.0362238,0.016284,0.542799
945e3accd6f7,3,"resampler: Stratified, range_std: 0.45",labdesktop,2026-09-20T10:04:34+00:00,1073b69d29e5,stratified,0.45,0.0857468,0.333333,0,0.483,0.0100087,0.616521,0.10017,149.099,4.96998,61.6936,15.9602,0.10996,0.0472775,0.132337,0.0191933,0.639778
70a68b6eeecb,4,"resampler: Stratified, range_std: 0.45",labdesktop,2026-09-20T10:04:34+00:00,1073b69d29e5,stratified,0.45,0.0507054,0.233333,0,0.509286,0.0107449,0.661139,0.252397,156.265,5.20884,8.66232,9.80932,0.0798083,0.0485608,0.0920551,0.0145636,0.485453
9b07fdeb47a8,5,"resampler: Stratified, range_std: 0.45",labdesktop,2026-09-20T10:04:34+00:00,1073b69d29e5,stratified,0.45,0.0379245,0.2,0,0.488333,0.0115995,0.689274,0.264805,164.023,5.46743,7.05602,5.48866,0.0559831,0.033524,0.0715532,0.013111,0.437034
666706ed90a8,6,"resampler: Stratified, range_std: 0.45",labdesktop,2026-09-20T10:04:34+00:00,1073b69d29e5,stratified,0.45,0.0321708,0.233333,0,0.525714,0.0111143,0.664661,0.377172,163.056,5.43519,4.66924,3.44528,0.0659908,0.0286848,0.0586882,0.0147403,0.491345
87c1d7e97afd,7,"resampler: Stratified, range_std: 0.45",labdesktop,2026-09-20T10:04:34+00:00,1073b69d29e5,stratified,0.45,0.0650679,0.3,0,0.493889,0.0101839,0.643662,0.276867,165.358,5.51192,18.5203,20.3196,0.1176,0.0567258,0.138668,0.0173417,0.578055
bb28eb2fa346,8,"resampler: Stratified, range_std: 0.45",labdesktop,2026-09-20T10:04:34+00:00,1073b69d29e5,stratified,0.45,0.150098,0.366667,0,0.486364,0.0094195,0.629436,0.143962,120.755,4.02516,330.134,42.2029,0.24108,0.0862937,0.443664,0.0202001,0.673338
02d2ab02f31e,9,"resampler: Stratified, range_std: 0.45",labdesktop,2026-09-20T10:04:34+00:00,1073b69d29e5,stratified,0.45,0.0636773,0.333333,0,0.525,0.011874,0.603921,0.199642,151.982,5.06608,2.57938,1.91015,0.0706296,0.0333489,0.0522441,0.0190485,0.63495
27052cb90dac,10,"resampler: Stratified, range_std: 0.45",labdesktop,2026-09-20T10:04:34+00:00,1073b69d29e5,stratified,0.45,0.0461969,0.2,0,0.490833,0.0110599,0.652766,0.288826,161.738,5.39125,1.2624,0.888478,0.0650028,0.0242458,0.0255355,0.0130727,0.435758
3961374c73b9,11,"resampler: Stratified, range_std: 0.45",labdesktop,2026-09-20T10:04:34+00:00,1073b69d29e5,stratified,0.45,0.0588259,0.266667,0,0.5125,0.0124685,0.597418,0.252028,160.94,5.36465,7.16753,7.14518,0.0678656,0.0356637,0.0690793,0.0159154,0.530513
5856f537192d,12,"resampler: Stratified, range_std: 0.45",labdesktop,2026-09-20T10:04:34+00:00,1073b69d29e5,stratified,0.45,0.06305,0.166667,0,0.432,0.00973568,0.701925,0.228986,156.131,5.20437,3.72517,3.38778,0.0736225,0.0393778,0.047419,0.0115549,0.385162
a8d47c1c82a0,13,"resampler: Stratified, range_std: 0.45",labdesktop,2026-09-20T10:04:34+00:00,1073b69d29e5,stratified,0.45,0.0553053,0.233333,0,0.505714,0.00992598,0.659298,0.331647,165.844,5.52812,10.3106,5.98128,0.0714631,0.0460494,0.0663495,0.0146886,0.489621
de3306396fc7,14,"resampler: Stratified, range_std: 0.45",labdesktop,2026-09-20T10:04:34+00:00,1073b69d29e5,stratified,0.45,0.0428977,0.266667,0,0.52625,0.0100615,0.666987,0.343129,153.124,5.10413,3.14336,2.68393,0.0833423,0.0300268,0.0934231,0.0161274,0.53758
5475f057f8a4,15,"resampler: Stratified, range_std: 0.45",labdesktop,2026-09-20T10:04:34+00:00,1073b69d29e5,stratified,0.45,0.0532445,0.2,0,0.4625,0.0119603,0.628165,0.207268,156.126,5.2042,8.43545,8.97891,0.088186,0.0400311,0.0187666,0.0131533,0.438445
09b15ce8e07b,16,"resampler: Stratified, range_std: 0.45",labdesktop,2026-09-20T10:04:34+00:00,1073b69d29e5,stratified,0.45,0.0438895,0.2,0,0.455,0.0100102,0.675969,0.187891,171.616,5.72054,5.79546,7.08275,0.0804384,0.0391572,0.0879457,0.0129249,0.430829
e25f5d1b2eb7,17,"resampler: Stratified, range_std: 0.45",labdesktop,2026-09-20T10:04:34+00:00,1073b69d29e5,stratified,0.45,0.0731237,0.233333,0,0.513571,0.0120314,0.653253,0.361201,149.172,4.97239,3.0682,2.23379,0.0827804,0.0545584,0.0381768,0.0146868,0.489561
6d9207de058d,18,"resampler: Stratified, range_std: 0.45",labdesktop,2026-09-20T10:04:34+00:00,1073b69d29e5,stratified,0.45,0.0797234,0.3,0,0.479444,0.0101347,0.622189,0.202926,136.406,4.54686,484.488,56.2656,0.224033,0.0614785,0.375927,0.0176282,0.587606
49ec001fc4b7,19,"resampler: Stratified, range_std: 0.45",labdesktop,2026-09-20T10:04:34+00:00,1073b69d29e5,stratified,0.45,0.0409471,0.3,0,0.51,0.0106399,0.624476,0.314004,156.275,5.20918,4.85868,3.84728,0.0838611,0.0438813,0.108993,0.0172903,0.576343
83fd16e92e6a,0,"resampler: Stratified, range_std: 0.6",labdesktop,2026-09-20T10:04:34+00:00,1073b69d29e5,stratified,0.6,0.0422288,0.2,0,0.510833,0.0120899,0.635619,0.370554,129.158,4.30528,1.19061,0.82845,0.0496376,0.026461,0.0213172,0.0126881,0.422936
3ef72343ce1b,1,"resampler: Stratified, range_std: 0.6",labdesktop,2026-09-20T10:04:34+00:00,1073b69d29e5,stratified,0.6,0.0496745,0.333333,0,0.4915,0.00932043,0.633361,0.224318,129.648,4.32159,2.98691,1.15073,0.0778018,0.0423185,0.119897,0.0191765,0.639218
4eae9d607e08,2,"resampler: Stratified, range_std: 0.6",labdesktop,2026-09-20T10:04:34+00:00,1073b69d29e5,stratified,0.6,0.0509404,0.3,0,0.483889,0.0106223,0.634774,0.235139,122.404,4.08014,14.6095,13.9472,0.118787,0.0443308,0.106709,0.0177051,0.590169
00a4d576795a,3,"resampler: Stratified, range_std: 0.6",labdesktop,2026-09-20T10:04:34+00:00,1073b69d29e5,stratified,0.6,0.082772,0.3,0,0.475556,0.00964462,0.623406,0.0928724,121.945,4.06483,23.5361,15.4485,0.112092,0.0450565,0.139206,0.0176108,0.587028
b5db0ce64398,4,"resampler: Stratified, range_std: 0.6",labdesktop,2026-09-20T10:04:34+00:00,1073b69d29e5,stratified,0.6,0.0561472,0.266667,0,0.498125,0.00987444,0.674064,0.244684,128.653,4.28844,5.45645,5.49725,0.0779825,0.0436918,0.0482686,0.0159792,0.532641
64fef6c17892,5,"resampler: Stratified, range_std: 0.6",labdesktop,2026-09-20T10:04:34+00:00,1073b69d29e5,stratified,0.6,0.0335638,0.2,0,0.4925,0.0108585,0.689708,0.312912,135.491,4.51635,7.56388,4.85997,0.0529543,0.030981,0.0563337,0.0131023,0.436742
853141d9bcb5,6,"resampler: Stratified, range_std: 0.6",labdesktop,2026-09-20T10:04:34+00:00,1073b69d29e5,stratified,0.6,0.0349421,0.266667,0,0.525625,0.0119211,0.641793,0.340386,134.135,4.47117,4.14294,3.90324,0.0706059,0.0302324,0.0704305,0.015933,0.531101
1af79bc5c695,7,"resampler: Stratified, range_std: 0.6",labdesktop,2026-09-20T10:04:34+00:00,1073b69d29e5,stratified,0.6,0.0607696,0.366667,0,0.509545,0.0112877,0.620521,0.178874,123.586,4.11955,35.4602,38.053,0.14716,0.061661,0.101767,0.0205793,0.685976
87e909ed6401,8,"resampler: Stratified, range_std: 0.6",labdesktop,2026-09-20T10:04:34+00:00,1073b69d29e5,stratified,0.6,0.0627181,0.3,0,0.491667,0.0104554,0.63188,0.143646,114.273,3.80909,51.2876,36.3644,0.151863,0.0461416,0.18408,0.0172697,0.575656
fec46a43ee17,9,"resampler: Stratified, range_std: 0.6",labdesktop,2026-09-20T10:04:34+00:00,1073b69d29e5,stratified,0.6,0.0706667,0.266667,0,0.506875,0.0115066,0.622562,0.356052,122.49,4.08301,15.2764,2.58576,0.101301,0.0393901,0.174685,0.0161258,0.537528
e9e9522f8768,10,"resampler: Stratified, range_std: 0.6",labdesktop,2026-09-20T10:04:34+00:00,1073b69d29e5,stratified,0.6,0.0509831,0.2,0,0.5,0.0102976,0.652952,0.287522,132.205,4.40682,2.35908,1.47835,0.0797095,0.0276316,0.0592095,0.0131468,0.438227
5705de910eb0,11,"resampler: Stratified, range_std: 0.6",labdesktop,2026-09-20T10:04:34+00:00,1073b69d29e5,stratified,0.6,0.0608196,0.266667,0,0.495,0.0114013,0.60889,0.258429,132.101,4.40337,4.32813,3.68732,0.0737714,0.0346062,0.0701066,0.0174506,0.581686
231dae0ac48b,12,"resampler: Stratified, range_std: 0.6",labdesktop,2026-09-20T10:04:34+00:00,1073b69d29e5,stratified,0.6,0.0780591,0.166667,0,0.415,0.0108019,0.684893,0.195735,127.736,4.25785,4.55102,4.60845,0.0862881,0.045116,0.0501475,0.0115422,0.384741
96887b66fed7,13,"resampler: Stratified, range_std: 0.6",labdesktop,2026-09-20T10:04:34+00:00,1073b69d29e5,stratified,0.6,0.0615237,0.233333,0,0.465,0.00874788,0.697141,0.203579,135.977,4.53257,11.0848,4.73102,0.0736808,0.0498888,0.0699152,0.0147209,0.490696
f6152c9f5ef0,14,"resampler: Stratified, range_std: 0.6",labdesktop,2026-09-20T10:04:34+00:00,1073b69d29e5,stratified,0.6,0.0440851,0.266667,0,0.539375,0.0098801,0.677035,0.353618,127.605,4.25349,4.04518,3.06176,0.0939437,0.0313327,0.130253,0.0164019,0.546731
f6d9e9e0b792,15,"resampler: Stratified, range_std: 0.6",labdesktop,2026-09-20T10:04:34+00:00,1073b69d29e5,stratified,0.6,0.062121,0.2,0,0.478333,0.0102798,0.655669,0.171995,124.569,4.15229,8.05242,8.81336,0.0949511,0.0467478,0.0369484,0.0133643,0.445477
40b9870c0c78,16,"resampler: Stratified, range_std: 0.6",labdesktop,2026-09-20T10:04:34+00:00,1073b69d29e5,stratified,0.6,0.0523154,0.233333,0,0.474286,0.00990824,0.673585,0.145917,139.837,4.66124,15.256,4.28392,0.101237,0.035021,0.135035,0.0147721,0.492404
7e5874d3286c,17,"resampler: Stratified, range_std: 0.6",labdesktop,2026-09-20T10:04:34+00:00,1073b69d29e5,stratified,0.6,0.0797109,0.3,0,0.533889,0.0106023,0.600454,0.284228,120.053,4.00178,4.49098,3.44173,0.089415,0.0504699,0.0312915,0.0179036,0.596785
00d48522b220,18,"resampler: Stratified, range_std: 0.6",labdesktop,2026-09-20T10:04:34+00:00,1073b69d29e5,stratified,0.6,0.0856408,0.266667,0,0.444375,0.011372,0.574514,0.117413,125.301,4.17672,235.531,16.8707,0.149332,0.0526331,0.222836,0.0159132,0.530441
9dba6486b2af,19,"resampler: Stratified, range_std: 0.6",labdesktop,2026-09-20T10:04:34+00:00,1073b69d29e5,stratified,0.6,0.0424653,0.266667,0,0.5175,0.011425,0.630665,0.324841,126.61,4.22034,7.86754,4.97034,0.0898932,0.0433179,0.119741,0.0163077,0.54359
7de17b3b69d3,0,"resampler: Stratified, range_std: 0.8",labdesktop,2026-09-20T10:04:34+00:00,1073b69d29e5,stratified,0.8,0.0415183,0.2,0,0.503333,0.01072,0.685009,0.313358,98.2597,3.27532,1.24886,1.11251,0.0464411,0.0218853,0.0312572,0.0129139,0.430464
4264d88ebc8b,1,"resampler: Stratified, range_std: 0.8",labdesktop,2026-09-20T10:04:34+00:00,1073b69d29e5,stratified,0.8,0.0474617,0.266667,0,0.5125,0.0100597,0.682768,0.245487,99.6258,3.32086,5.44008,4.53861,0.0685419,0.0457159,0.0675058,0.0162806,0.542685
0fc5075dc27f,2,"resampler: Stratified, range_std: 0.8",labdesktop,2026-09-20T10:04:34+00:00,1073b69d29e5,stratified,0.8,0.0494608,0.266667,0,0.503125,0.0103476,0.665347,0.247188,92.5816,3.08605,18.7217,11.8436,0.127609,0.043805,0.167197,0.0160938,0.53646
e212917f3d17,3,"resampler: Stratified, range_std: 0.8",labdesktop,2026-09-20T10:04:34+00:00,1073b69d29e5,stratified,0.8,0.0823579,0.266667,0,0.494375,0.0100966,0.661995,0.109566,90.4937,3.01646,16.5081,16.5255,0.110251,0.0428592,0.122709,0.0161278,0.537595
14c83950f9f2,4,"resampler: Stratified, range_std: 0.8",labdesktop,2026-09-20T10:04:34+00:00,1073b69d29e5,stratified,0.8,0.0634225,0.266667,0,0.5075,0.0100507,0.626922,0.23888,96.4711,3.2157,11.2366,11.6129,0.0861099,0.0455209,0.0684222,0.0161135,0.537115
c7b34d6e592d,5,"resampler: Stratified, range_std: 0.8",labdesktop,2026-09-20T10:04:34+00:00,1073b69d29e5,stratified,0.8,0.0377705,0.266667,0,0.52625,0.0122322,0.620066,0.327027,103.711,3.45704,5.20477,3.28039,0.0509267,0.0287971,0.0423871,0.0160233,0.53411
009c412624b0,6,"resampler: Stratified, range_std: 0.8",labdesktop,2026-09-20T10:04:34+00:00,1073b69d29e5,stratified,0.8,0.0346451,0.233333,0,0.520714,0.0113532,0.646952,0.253968,103,3.43332,4.74148,4.1464,0.0652494,0.0295253,0.0544597,0.0143647,0.478824
ffff8b081822,7,"resampler: Stratified, range_std: 0.8",labdesktop,2026-09-20T10:04:34+00:00,1073b69d29e5,stratified,0.8,0.0774408,0.3,0,0.515,0.00858507,0.651514,0.303006,103.928,3.46426,13.3969,15.8762,0.129784,0.0582501,0.125762,0.0173592,0.57864
e21c6b696022,8,"resampler: Stratified, range_std: 0.8",labdesktop,2026-09-20T10:04:34+00:00,1073b69d29e5,stratified,0.8,0.0746756,0.366667,0,0.473636,0.0117724,0.553074,0.142032,81.8943,2.72981,18.3284,20.4307,0.124844,0.0476916,0.0768446,0.0204674,0.682248
fd29f02227cb,9,"resampler: Stratified, range_std: 0.8",labdesktop,2026-09-20T10:04:34+00:00,1073b69d29e5,stratified,0.8,0.0770372,0.266667,0,0.515625,0.0106268,0.642591,0.296294,92.4465,3.08155,10.9511,5.42926,0.104769,0.0454445,0.193915,0.0160564,0.535212
b1d12bfea906,10,"resampler: Stratified, range_std: 0.8",labdesktop,2026-09-20T10:04:34+00:00,1073b69d29e5,stratified,0.8,0.0533247,0.233333,0,0.501429,0.0099142,0.646492,0.308194,99.9996,3.33332,3.19296,1.51713,0.0850761,0.0248027,0.0351961,0.0146875,0.489582
7c9e8ddd346b,11,"resampler: Stratified, range_std: 0.8",labdesktop,2026-09-20T10:04:34+00:00,1073b69d29e5,stratified,0.8,0.0647662,0.233333,0,0.512857,0.0109353,0.625607,0.247953,101.099,3.36996,5.36142,5.16329,0.0794769,0.0340991,0.0898353,0.0146377,0.487923
700abc172af5,12,"resampler: Stratified, range_std: 0.8",labdesktop,2026-09-20T10:04:34+00:00,1073b69d29e5,stratified,0.8,0.0852625,0.2,0,0.46,0.0100489,0.659857,0.18295,97.164,3.2388,3.66454,3.74122,0.0925882,0.0429257,0.0427236,0.0132341,0.441138
c2113e367122,13,"resampler: Stratified, range_std: 0.8",labdesktop,2026-09-20T10:04:34+00:00,1073b69d29e5,stratified,0.8,0.0669472,0.233333,0,0.45,0.00917678,0.675661,0.228822,104.434,3.48113,6.96601,2.89554,0.0745429,0.0467985,0.0651783,0.0146156,0.487186
2b2df5991de2,14,"resampler: Stratified, range_std: 0.8",labdesktop,2026-09-20T10:04:34+00:00,1073b69d29e5,stratified,0.8,0.0485685,0.266667,0,0.534375,0.00951007,0.688151,0.356571,97.3149,3.24383,11.8726,5.22206,0.0999725,0.0330267,0.13898,0.0160553,0.535177
890be7b25ba4,15,"resampler: Stratified, range_std: 0.8",labdesktop,2026-09-20T10:04:34+00:00,1073b69d29e5,stratified,0.8,0.0609872,0.166667,0,0.456,0.0115737,0.644534,0.205831,92.4773,3.08258,8.28484,9.80758,0.0916816,0.0428098,0.015865,0.0116399,0.387997
aeb773ec750c,16,"resampler: Stratified, range_std: 0.8",labdesktop,2026-09-20T10:04:34+00:00,1073b69d29e5,stratified,0.8,0.0503791,0.166667,0,0.451,0.0133343,0.630519,0.120385,110.59,3.68633,8.0753,8.13008,0.0918666,0.0299031,0.107248,0.0125107,0.417022
00600c532bf6,17,"resampler: Stratified, range_std: 0.8",labdesktop,2026-09-20T10:04:34+00:00,1073b69d29e5,stratified,0.8,0.0758918,0.3,0,0.516111,0.01065,0.633804,0.300741,89.3674,2.97891,7.39624,2.5933,0.105936,0.058457,0.077272,0.0182818,0.609395
23ccf01d4977,18,"resampler: Stratified, range_std: 0.8",labdesktop,2026-09-20T10:04:34+00:00,1073b69d29e5,stratified,0.8,0.0853557,0.266667,0,0.445,0.00972698,0.612838,0.0965957,96.2713,3.20904,64.4895,36.5562,0.127693,0.053927,0.114494,0.0161363,0.537875
fdbd94e2eee0,19,"resampler: Stratified, range_std: 0.8",labdesktop,2026-09-20T10:04:34+00:00,1073b69d29e5,stratified,0.8,0.0507526,0.266667,0,0.5125,0.0110031,0.622807,0.290554,93.9883,3.13294,6.22242,6.20552,0.0944613,0.0465232,0.0977757,0.0159142,0.530473
a827125bbad2,0,"resampler: Systematic, range_std: 0.08",labdesktop,2026-09-20T10:04:34+00:00,1073b69d29e5,systematic,0.08,0.0419756,0.433333,0,0.392308,0.0121135,0.507379,0.0145544,8.26157,0.275386,13.2347,10.4051,0.047678,0.055298,0.0378606,0.00597388,0.199129
47561a40c324,1,"resampler: Systematic, range_std: 0.08",labdesktop,2026-09-20T10:04:34+00:00,1073b69d29e5,systematic,0.08,0.0463419,0.366667,0,0.44,0.0127424,0.550765,0.0841008,41.3734,1.37911,84.7265,82.6421,0.0696348,0.0788542,0.0297733,0.00601147,0.200382
c71e4014bf44,2,"resampler: Systematic, range_std: 0.08",labdesktop,2026-09-20T10:04:34+00:00,1073b69d29e5,systematic,0.08,0.0420994,0.466667,0,0.4075,0.0120059,0.486604,0.0169758,-312.562,-10.4187,3608.33,2444.42,0.174311,0.0676007,0.266189,0.00618501,0.206167
9b1372f394f8,3,"resampler: Systematic, range_std: 0.08",labdesktop,2026-09-20T10:04:34+00:00,1073b69d29e5,systematic,0.08,0.0347344,0.566667,0,0.425882,0.00986998,0.458047,0.0100975,-188.487,-6.28289,4866.69,976.047,0.18094,0.0618666,0.28001,0.00685272,0.228424
f402f4e07391,4,"resampler: Systematic, range_std: 0.08",labdesktop,2026-09-20T10:04:34+00:00,1073b69d29e5,systematic,0.08,0.038545,0.533333,0,0.447187,0.00906476,0.504251,0.0428448,-34.0308,-1.13436,90.9967,34.553,0.0680349,0.0499942,0.0833175,0.00665215,0.221738
0ec6805e5d32,5,"resampler: Systematic, range_std: 0.08",labdesktop,2026-09-20T10:04:34+00:00,1073b69d29e5,systematic,0.08,0.0426619,0.5,0,0.492333,0.0121993,0.504037,0.00508947,-251.023,-8.36743,1.11263e+06,4711.24,0.217871,0.0856955,0.351223,0.00639498,0.213166
ee06bbb4e405,6,"resampler: Systematic, range_std: 0.08",labdesktop,2026-09-20T10:04:34+00:00,1073b69d29e5,systematic,0.08,0.0306063,0.633333,0,0.409211,0.00915756,0.420959,0.0411498,-2359.39,-78.6465,457943,114960,0.631118,0.178488,1.10915,0.00686348,0.228783
f375bc345f9c,7,"resampler: Systematic, range_std: 0.08",labdesktop,2026-09-20T10:04:34+00:00,1073b69d29e5,systematic,0.08,0.0293104,0.533333,0,0.4125,0.011265,0.435464,0.0113028,-885.401,-29.5134,78136.7,17867.5,0.376929,0.0974787,0.591836,0.00650831,0.216944
cffe5df77cb4,8,"resampler: Systematic, range_std: 0.08",labdesktop,2026-09-20T10:04:34+00:00,1073b69d29e5,systematic,0.08,0.0424047,0.733333,0,0.487727,0.00785624,0.40886,0.0221243,-3691.94,-123.065,944898,178860,0.812588,0.241738,1.42826,0.00739736,0.246579
fab4cf17facb,9,"resampler: Systematic, range_std: 0.08",labdesktop,2026-09-20T10:04:34+00:00,1073b69d29e5,systematic,0.08,0.0334633,0.633333,0,0.435789,0.00933908,0.419058,0.0197918,-2421.02,-80.7006,247724,106791,0.618117,0.151148,1.02286,0.00689878,0.229959
d375bbc18ace,10,"resampler: Systematic, range_std: 0.08",labdesktop,2026-09-20T10:04:34+00:00,1073b69d29e5,systematic,0.08,0.0454531,0.433333,0,0.422308,0.0119354,0.516203,0.0236005,48.5354,1.61785,9.37674,7.17713,0.0625976,0.0274864,0.037163,0.0060631,0.202103
a6b3b2838c06,11,"resampler: Systematic, range_std: 0.08",labdesktop,2026-09-20T10:04:34+00:00,1073b69d29e5,systematic,0.08,0.0378206,0.4,0,0.430833,0.0116284,0.534823,0.0353236,30.5188,1.01729,58.5188,22.0135,0.043879,0.0304463,0.0434084,0.00567597,0.189199
da0ac4dbb4f4,12,"resampler: Systematic, range_std: 0.08",labdesktop,2026-09-20T10:04:34+00:00,1073b69d29e5,systematic,0.08,0.037581,0.466667,0,0.414286,0.0110318,0.483452,0.0376211,-111.276,-3.7092,1102.12,829.911,0.121732,0.0256606,0.029948,0.006086,0.202867
91ab142a298d,13,"resampler: Systematic, range_std: 0.08",labdesktop,2026-09-20T10:04:34+00:00,1073b69d29e5,systematic,0.08,0.0538136,0.533333,0,0.42,0.00922909,0.509131,0.0185065,-24.369,-0.812299,424.854,348.309,0.147533,0.0714264,0.107262,0.0064069,0.213563
f96e8b5b61ed,14,"resampler: Systematic, range_std: 0.08",labdesktop,2026-09-20T10:04:34+00:00,1073b69d29e5,systematic,0.08,0.040725,0.533333,0,0.40375,0.0107614,0.483054,0.0325396,-241.346,-8.04486,1308.01,566.869,0.181564,0.0799419,0.225466,0.00635463,0.211821
b6ea29323f12,15,"resampler: Systematic, range_std: 0.08",labdesktop,2026-09-20T10:04:34+00:00,1073b69d29e5,systematic,0.08,0.0386662,0.366667,0,0.423182,0.0110297,0.565891,0.0856303,117.77,3.92567,23.5977,20.6686,0.0621715,0.0261241,0.00235978,0.0055789,0.185963
908e63a4f11e,16,"resampler: Systematic, range_std: 0.08",labdesktop,2026-09-20T10:04:34+00:00,1073b69d29e5,systematic,0.08,0.0383801,0.466667,0,0.4525,0.0113895,0.508531,0.0342813,49.4937,1.64979,824.202,316.69,0.0861284,0.0429754,0.0710273,0.00598223,0.199408
8b7df56ca8d0,17,"resampler: Systematic, range_std: 0.08",labdesktop,2026-09-20T10:04:34+00:00,1073b69d29e5,systematic,0.08,0.0356348,0.566667,0,0.462353,0.0108068,0.447548,0.00689352,-23.5213,-0.784044,18.8139,10.8075,0.0440831,0.039685,0.0583588,0.0066117,0.22039
57d0f227780b,18,"resampler: Systematic, range_std: 0.08",labdesktop,2026-09-20T10:04:34+00:00,1073b69d29e5,systematic,0.08,0.0277226,0.6,0,0.420556,0.010302,0.418521,0.048706,-632.165,-21.0722,26305.9,5079.22,0.359469,0.111151,0.597705,0.00690878,0.230293
01a75a558309,19,"resampler: Systematic, range_std: 0.08",labdesktop,2026-09-20T10:04:34+00:00,1073b69d29e5,systematic,0.08,0.0369413,0.466667,0,0.436429,0.0102986,0.515088,0.0362126,28.2239,0.940798,902.659,172.381,0.114174,0.0788267,0.17283,0.00661566,0.220522
ce0145135cc2,0,"resampler: Systematic, range_std: 0.107",labdesktop,2026-09-20T10:04:34+00:00,1073b69d29e5,systematic,0.107,0.0432351,0.366667,0,0.427273,0.0123869,0.557235,0.0182363,134.458,4.48192,4.86273,3.54515,0.0488172,0.0607119,0.0157,0.00567354,0.189118
ba8138ffd4ec,1,"resampler: Systematic, range_std: 0.107",labdesktop,2026-09-20T10:04:34+00:00,1073b69d29e5,systematic,0.107,0.0538154,0.4,0,0.440417,0.0131992,0.538109,0.100418,153.422,5.11408,46.0235,33.8442,0.0770443,0.0664412,0.0296063,0.00601152,0.200384
3d21cc3cfedb,2,"resampler: Systematic, range_std: 0.107",labdesktop,2026-09-20T10:04:34+00:00,1073b69d29e5,systematic,0.107,0.0428723,0.4,0,0.451667,0.0148704,0.487757,0.0420764,-58.1725,-1.93908,1944.82,644.5,0.181969,0.0651932,0.275888,0.00596018,0.198673
6013fb49d0e9,3,"resampler: Systematic, range_std: 0.107",labdesktop,2026-09-20T10:04:34+00:00,1073b69d29e5,systematic,0.107,0.0482528,0.433333,0,0.441538,0.0124395,0.542608,0.0100652,123.762,4.12539,66.9206,54.7132,0.0856913,0.0422334,0.0864803,0.00588735,0.196245
1d601fb87144,4,"resampler: Systematic, range_std: 0.107",labdesktop,2026-09-20T10:04:34+00:00,1073b69d29e5,systematic,0.107,0.0366912,0.233333,0,0.417857,0.0112839,0.640783,0.134085,113.102,3.77005,29.278,19.4322,0.0564485,0.0386789,0.0636756,0.00683792,0.227931
6daf483feab4,5,"resampler: Systematic, range_std: 0.107",labdesktop,2026-09-20T10:04:34+00:00,1073b69d29e5,systematic,0.107,0.082857,0.333333,0,0.4115,0.00979503,0.63868,0.00514651,65.1385,2.17128,391461,1051.19,0.148576,0.0588417,0.146162,0.00564078,0.188026
37153489b7e7,6,"resampler: Systematic, range_std: 0.107",labdesktop,2026-09-20T10:04:34+00:00,1073b69d29e5,systematic,0.107,0.0518,0.4,0,0.37875,0.0100238,0.584557,0.0142335,108.4,3.61334,96.9778,85.3162,0.0917416,0.0772265,0.120869,0.00599272,0.199757
fc73a4af77e8,7,"resampler: Systematic, range_std: 0.107",labdesktop,2026-09-20T10:04:34+00:00,1073b69d29e5,systematic,0.107,0.0443917,0.4,0,0.470417,0.0107852,0.541977,0.0435439,146.464,4.88213,32.7369,33.0888,0.0799881,0.0613581,0.104025,0.00577078,0.192359
09347aa61ac8,8,"resampler: Systematic, range_std: 0.107",labdesktop,2026-09-20T10:04:34+00:00,1073b69d29e5,systematic,0.107,0.0496532,0.5,0,0.468,0.0106666,0.503207,0.0458199,-918.324,-30.6108,90200.5,12076.7,0.564755,0.187353,0.986611,0.00678596,0.226199
cc4694d8203c,9,"resampler: Systematic, range_std: 0.107",labdesktop,2026-09-20T10:04:34+00:00,1073b69d29e5,systematic,0.107,0.0311683,0.5,0,0.450667,0.0104225,0.483097,0.0231127,-1403.02,-46.7672,138401,40478.8,0.644097,0.157284,1.07789,0.00634268,0.211423
0f24f4d189a6,10,"resampler: Systematic, range_std: 0.107",labdesktop,2026-09-20T10:04:34+00:00,1073b69d29e5,systematic,0.107,0.0396432,0.333333,0,0.4535,0.0105407,0.637542,0.0856712,156.5,5.21667,7.74136,4.5617,0.0532838,0.0291067,0.0146672,0.00600418,0.200139
e761e66af891,11,"resampler: Systematic, range_std: 0.107",labdesktop,2026-09-20T10:04:34+00:00,1073b69d29e5,systematic,0.107,0.0323698,0.433333,0,0.476538,0.0112935,0.550995,0.006149,39.0094,1.30031,3466.77,1882.86,0.179559,0.070388,0.318599,0.00596641,0.19888
7ac9a728d4c5,12,"resampler: Systematic, range_std: 0.107",labdesktop,2026-09-20T10:04:34+00:00,1073b69d29e5,systematic,0.107,0.0316043,0.333333,0,0.4605,0.0104968,0.586194,0.0979992,70.3792,2.34597,202.107,208.181,0.103819,0.0192603,0.0396332,0.0057667,0.192223
3200415a2353,13,"resampler: Systematic, range_std: 0.107",labdesktop,2026-09-20T10:04:34+00:00,1073b69d29e5,systematic,0.107,0.0538471,0.4,0,0.437083,0.0105791,0.556911,0.0190101,114.316,3.81052,834.25,183.77,0.159453,0.0651937,0.234458,0.00579085,0.193028
12127cbbc69b,14,"resampler: Systematic, range_std: 0.107",labdesktop,2026-09-20T10:04:34+00:00,1073b69d29e5,systematic,0.107,0.0563542,0.466667,0,0.474643,0.0116989,0.504671,0.0791853,40.6643,1.35548,80.8432,72.5826,0.103011,0.0679308,0.102926,0.00613692,0.204564
2073eace5b29,15,"resampler: Systematic, range_std: 0.107",labdesktop,2026-09-20T10:04:34+00:00,1073b69d29e5,systematic,0.107,0.0419589,0.3,0,0.477778,0.0115238,0.594719,0.137119,195.164,6.50548,11.4322,9.29667,0.0619679,0.0234119,0.0253667,0.0053399,0.177997
f5fea198626f,16,"resampler: Systematic, range_std: 0.107",labdesktop,2026-09-20T10:04:34+00:00,1073b69d29e5,systematic,0.107,0.0368289,0.333333,0,0.457,0.0119481,0.590438,0.0146147,162.265,5.40882,188.45,122.598,0.0865123,0.0428084,0.0705616,0.00566084,0.188695
a57f77a491a9,17,"resampler: Systematic, range_std: 0.107",labdesktop,2026-09-20T10:04:34+00:00,1073b69d29e5,systematic,0.107,0.0562769,0.333333,0,0.341,0.012095,0.514752,0.00546916,111.952,3.73172,21.5992,3.71453,0.0590296,0.0371939,0.0354574,0.00544682,0.181561
e3fff645726f,18,"resampler: Systematic, range_std: 0.107",labdesktop,2026-09-20T10:04:34+00:00,1073b69d29e5,systematic,0.107,0.0346419,0.5,0,0.47,0.00856979,0.555143,0.124315,9.91414,0.330471,1342.75,665.473,0.211643,0.0785339,0.316003,0.00628197,0.209399
394b7dda91ca,19,"resampler: Systematic, range_std: 0.107",labdesktop,2026-09-20T10:04:34+00:00,1073b69d29e5,systematic,0.107,0.052151,0.466667,0,0.468214,0.00870396,0.564376,0.0670507,168.457,5.61525,56.1186,52.5498,0.0786767,0.0680923,0.0619062,0.00604839,0.201613
1ba043543397,0,"resampler: Systematic, range_std: 0.142",labdesktop,2026-09-20T10:04:34+00:00,1073b69d29e5,systematic,0.142,0.0343205,0.333333,0,0.518,0.0108328,0.611801,0.158838,189.711,6.3237,2.37544,2.2624,0.0425415,0.0428613,0.0202753,0.00585397,0.195132
2e30cb01e8e9,1,"resampler: Systematic, range_std: 0.142",labdesktop,2026-09-20T10:04:34+00:00,1073b69d29e5,systematic,0.142,0.0501247,0.3,0,0.460556,0.0117996,0.624419,0.199569,201.945,6.73152,10.9032,10.4235,0.0713226,0.0716485,0.0304753,0.00533442,0.177814
46e0b01c0eb4,2,"resampler: Systematic, range_std: 0.142",labdesktop,2026-09-20T10:04:34+00:00,1073b69d29e5,systematic,0.142,0.0459765,0.366667,0,0.495,0.00990855,0.613434,0.0429183,152.945,5.09816,100.273,56.4182,0.0883866,0.037521,0.0311713,0.00559684,0.186561
b4f81a346bed,3,"resampler: Systematic, range_std: 0.142",labdesktop,2026-09-20T10:04:34+00:00,1073b69d29e5,systematic,0.142,0.0504486,0.366667,0,0.48,0.00964595,0.598142,0.0283064,177.922,5.93073,53.5265,53.7026,0.0995337,0.0396921,0.110561,0.00563151,0.187717
fd2ff52aae8f,4,"resampler: Systematic, range_std: 0.142",labdesktop,2026-09-20T10:04:34+00:00,1073b69d29e5,systematic,0.142,0.0346929,0.233333,0,0.490714,0.0113105,0.660458,0.179877,177.577,5.91922,20.2912,18.9973,0.05461,0.0357189,0.0635456,0.00542647,0.180882
032f0e5dc09a,5,"resampler: Systematic, range_std: 0.142",labdesktop,2026-09-20T10:04:34+00:00,1073b69d29e5,systematic,0.142,0.056446,0.4,0,0.442083,0.00972622,0.5851,0.0154174,-1.07209,-0.0357365,10284.7,1221.52,0.303506,0.104291,0.475022,0.00585216,0.195072
99c50b7b409d,6,"resampler: Systematic, range_std: 0.142",labdesktop,2026-09-20T10:04:34+00:00,1073b69d29e5,systematic,0.142,0.0507329,0.366667,0,0.407273,0.00909061,0.573898,0.0572214,186.892,6.22972,12.245,11.5761,0.0681232,0.0545251,0.0239864,0.0060791,0.202637
505890ebafc1,7,"resampler: Systematic, range_std: 0.142",labdesktop,2026-09-20T10:04:34+00:00,1073b69d29e5,systematic,0.142,0.0407368,0.3,0,0.477778,0.0110624,0.623735,0.077326,198.728,6.62427,33.0879,21.5988,0.0802963,0.0513596,0.112847,0.00540688,0.180229
accfe2dd9616,8,"resampler: Systematic, range_std: 0.142",labdesktop,2026-09-20T10:04:34+00:00,1073b69d29e5,systematic,0.142,0.0689517,0.466667,0,0.473214,0.00951238,0.552913,0.0696337,22.1127,0.737089,3557.29,1144.36,0.29212,0.117816,0.451214,0.00637516,0.212505
0a740626bdcf,9,"resampler: Systematic, range_std: 0.142",labdesktop,2026-09-20T10:04:34+00:00,1073b69d29e5,systematic,0.142,0.0612777,0.333333,0,0.4835,0.0131576,0.556527,0.127446,159.475,5.31585,185.851,203.47,0.124815,0.0727777,0.171641,0.00549889,0.183296
a4d896682dd4,10,"resampler: Systematic, range_std: 0.142",labdesktop,2026-09-20T10:04:34+00:00,1073b69d29e5,systematic,0.142,0.0350231,0.233333,0,0.434286,0.0123021,0.608671,0.197623,203.476,6.78254,4.54315,2.61182,0.046975,0.0255428,0.016419,0.00499483,0.166494
18b2831a35b2,11,"resampler: Systematic, range_std: 0.142",labdesktop,2026-09-20T10:04:34+00:00,1073b69d29e5,systematic,0.142,0.0595319,0.4,0,0.469167,0.0102241,0.552557,0.0664845,191.378,6.37926,19.7484,23.7787,0.0713322,0.0393861,0.0779064,0.00576503,0.192168
cd064ae3a7b6,12,"resampler: Systematic, range_std: 0.142",labdesktop,2026-09-20T10:04:34+00:00,1073b69d29e5,systematic,0.142,0.0281883,0.266667,0,0.503125,0.0116973,0.640645,0.15956,146.207,4.87357,205.359,233.532,0.104736,0.0191134,0.0524735,0.00544461,0.181487
fafd4c8b48c8,13,"resampler: Systematic, range_std: 0.142",labdesktop,2026-09-20T10:04:34+00:00,1073b69d29e5,systematic,0.142,0.0454866,0.333333,0,0.4435,0.00998099,0.595928,0.109675,182.549,6.08496,273.352,92.5524,0.148504,0.0626741,0.231784,0.00546365,0.182122
fee75873aab8,14,"resampler: Systematic, range_std: 0.142",labdesktop,2026-09-20T10:04:34+00:00,1073b69d29e5,systematic,0.142,0.0663367,0.366667,0,0.451364,0.0108133,0.557361,0.0305093,133.59,4.453,48.0583,42.4488,0.106465,0.0540107,0.0683163,0.00561543,0.187181
f4c615344746,15,"resampler: Systematic, range_std: 0.142",labdesktop,2026-09-20T10:04:34+00:00,1073b69d29e5,systematic,0.142,0.0374902,0.333333,0,0.5245,0.0103139,0.621519,0.200312,221.927,7.39755,7.62881,5.52876,0.0641918,0.0214514,0.00932461,0.00539882,0.179961
c7bd04818659,16,"resampler: Systematic, range_std: 0.142",labdesktop,2026-09-20T10:04:34+00:00,1073b69d29e5,systematic,0.142,0.0379036,0.333333,0,0.523,0.00963658,0.639571,0.0619072,212.89,7.09632,44.546,49.5941,0.0774077,0.0399551,0.046762,0.00581303,0.193768
f629cfaa3880,17,"resampler: Systematic, range_std: 0.142",labdesktop,2026-09-20T10:04:34+00:00,1073b69d29e5,systematic,0.142,0.0390153,0.233333,0,0.449286,0.0109199,0.595786,0.0275791,175.311,5.84369,3.28044,2.93847,0.0438796,0.0328154,0.0481591,0.00510767,0.170256
82fd839218ef,18,"resampler: Systematic, range_std: 0.142",labdesktop,2026-09-20T10:04:34+00:00,1073b69d29e5,systematic,0.142,0.0341047,0.333333,0,0.4965,0.0117774,0.601532,0.166108,122.051,4.06837,498.173,277.369,0.200262,0.0715764,0.296973,0.00611435,0.203812
58834e460b34,19,"resampler: Systematic, range_std: 0.142",labdesktop,2026-09-20T10:04:34+00:00,1073b69d29e5,systematic,0.142,0.0586591,0.4,0,0.441667,0.00994266,0.561178,0.107127,204.725,6.82416,30.241,27.5715,0.0891035,0.0593674,0.0785544,0.00588771,0.196257
33eeb95463fe,0,"resampler: Systematic, range_std: 0.19",labdesktop,2026-09-20T10:04:34+00:00,1073b69d29e5,systematic,0.19,0.0330105,0.233333,0,0.496429,0.012462,0.611398,0.252062,207.001,6.90002,1.36701,1.53008,0.0382137,0.0342016,0.0185842,0.00526879,0.175626
3d45e3099955,1,"resampler: Systematic, range_std: 0.19",labdesktop,2026-09-20T10:04:34+00:00,1073b69d29e5,systematic,0.19,0.0430449,0.3,0,0.532778,0.0119676,0.606897,0.242371,212.986,7.09952,6.24279,3.10852,0.0668044,0.0449179,0.0737138,0.00532631,0.177544
dfdfddef180d,2,"resampler: Systematic, range_std: 0.19",labdesktop,2026-09-20T10:04:34+00:00,1073b69d29e5,systematic,0.19,0.0456356,0.3,0,0.461667,0.0101141,0.620416,0.0964356,183.803,6.12676,52.5695,31.4759,0.08825,0.0395425,0.0543448,0.00529645,0.176548
af54b55b3d5a,3,"resampler: Systematic, range_std: 0.19",labdesktop,2026-09-20T10:04:34+00:00,1073b69d29e5,systematic,0.19,0.0717704,0.3,0,0.437778,0.0103647,0.589224,0.0887023,194.327,6.47756,33.4582,28.4621,0.108551,0.0398249,0.122726,0.00526879,0.175626
0909c96c138a,4,"resampler: Systematic, range_std: 0.19",labdesktop,2026-09-20T10:04:34+00:00,1073b69d29e5,systematic,0.19,0.0362868,0.233333,0,0.525,0.0101476,0.650851,0.223683,199.912,6.66373,12.1962,11.7158,0.056517,0.039903,0.0624853,0.00539905,0.179968
16ffe454dc17,5,"resampler: Systematic, range_std: 0.19",labdesktop,2026-09-20T10:04:34+00:00,1073b69d29e5,systematic,0.19,0.0559677,0.2,0,0.4375,0.0123199,0.639082,0.040622,202.701,6.75672,89.4972,69.3783,0.102409,0.0493661,0.0709589,0.00501282,0.167094
c357610507e2,6,"resampler: Systematic, range_std: 0.19",labdesktop,2026-09-20T10:04:34+00:00,1073b69d29e5,systematic,0.19,0.0408081,0.3,0,0.5,0.0103516,0.611686,0.164371,207.897,6.92991,7.8606,6.18524,0.063395,0.0392402,0.0216731,0.00533598,0.177866
2f89f6c57ffa,7,"resampler: Systematic, range_std: 0.19",labdesktop,2026-09-20T10:04:34+00:00,1073b69d29e5,systematic,0.19,0.0438354,0.233333,0,0.473571,0.0113054,0.638671,0.166931,215.85,7.19499,18.9341,17.4801,0.0792637,0.0489984,0.10983,0.00505271,0.168424
12c2fffc9d3e,8,"resampler: Systematic, range_std: 0.19",labdesktop,2026-09-20T10:04:34+00:00,1073b69d29e5,systematic,0.19,0.0513796,0.333333,0,0.485,0.0104302,0.611702,0.138137,39.138,1.3046,3050.25,642.454,0.35541,0.126644,0.610697,0.0053902,0.179673
f0339c89279d,9,"resampler: Systematic, range_std: 0.19",labdesktop,2026-09-20T10:04:34+00:00,1073b69d29e5,systematic,0.19,0.0420684,0.233333,0,0.473571,0.0105381,0.657371,0.166236,193.814,6.46045,24.4523,23.9353,0.0866844,0.0572896,0.122626,0.00505904,0.168635
daca1d92aa57,10,"resampler: Systematic, range_std: 0.19",labdesktop,2026-09-20T10:04:34+00:00,1073b69d29e5,systematic,0.19,0.0314742,0.233333,0,0.517857,0.00973737,0.711566,0.297015,215.878,7.19595,3.68039,2.65905,0.0443148,0.0214729,0.00912687,0.00491784,0.163928
0f8aad1620ba,11,"resampler: Systematic, range_std: 0.19",labdesktop,2026-09-20T10:04:34+00:00,1073b69d29e5,systematic,0.19,0.055146,0.3,0,0.494444,0.0104236,0.596538,0.175759,206.621,6.88738,8.62562,8.18165,0.0660778,0.0304708,0.0795138,0.00526617,0.175539
9107f4c956df,12,"resampler: Systematic, range_std: 0.19",labdesktop,2026-09-20T10:04:34+00:00,1073b69d29e5,systematic,0.19,0.0458815,0.2,0,0.4575,0.0104509,0.683022,0.132489,190.536,6.35121,7.52096,8.01039,0.0720004,0.0270567,0.0391616,0.00480172,0.160057
70bee8e9a631,13,"resampler: Systematic, range_std: 0.19",labdesktop,2026-09-20T10:04:34+00:00,1073b69d29e5,systematic,0.19,0.0447251,0.3,0,0.508333,0.0111711,0.626653,0.234473,203.232,6.7744,141.105,101.614,0.146549,0.0575724,0.235197,0.00526224,0.175408
a55eaec9c427,14,"resampler: Systematic, range_std: 0.19",labdesktop,2026-09-20T10:04:34+00:00,1073b69d29e5,systematic,0.19,0.0477872,0.333333,0,0.42,0.0123021,0.561913,0.0553806,175.857,5.86191,13.5085,9.37356,0.0973243,0.0440172,0.0983723,0.0054072,0.18024
52ca94c97818,15,"resampler: Systematic, range_std: 0.19",labdesktop,2026-09-20T10:04:34+00:00,1073b69d29e5,systematic,0.19,0.0406804,0.233333,0,0.511429,0.0109126,0.661523,0.256893,222.343,7.41145,5.62924,4.7289,0.0693285,0.0281669,0.00888874,0.00497034,0.165678
2f17f3f16e2e,16,"resampler: Systematic, range_std: 0.19",labdesktop,2026-09-20T10:04:34+00:00,1073b69d29e5,systematic,0.19,0.0366231,0.3,0,0.513333,0.00978815,0.630269,0.09125,223.717,7.45724,24.273,13.8115,0.0805087,0.0357195,0.0665464,0.00525422,0.175141
f6dfb33e06f8,17,"resampler: Systematic, range_std: 0.19",labdesktop,2026-09-20T10:04:34+00:00,1073b69d29e5,systematic,0.19,0.0430128,0.233333,0,0.47,0.00932512,0.642877,0.0835807,194.947,6.49824,2.71512,2.27138,0.0483745,0.041087,0.0492432,0.00492989,0.16433
9640aad13b21,18,"resampler: Systematic, range_std: 0.19",labdesktop,2026-09-20T10:04:34+00:00,1073b69d29e5,systematic,0.19,0.0856849,0.366667,0,0.459091,0.0132262,0.554164,0.0605227,169.896,5.66321,129.406,129.94,0.16375,0.0612109,0.163862,0.00561001,0.187
cb860a671d7a,19,"resampler: Systematic, range_std: 0.19",labdesktop,2026-09-20T10:04:34+00:00,1073b69d29e5,systematic,0.19,0.0402322,0.333333,0,0.5045,0.0120168,0.59625,0.186422,215.114,7.17048,13.5821,13.3908,0.0795266,0.0513737,0.092017,0.00540951,0.180317
989b4b7b761a,0,"resampler: Systematic, range_std: 0.253",labdesktop,2026-09-20T10:04:34+00:00,1073b69d29e5,systematic,0.253,0.0307122,0.233333,0,0.518571,0.00997474,0.683158,0.306953,201.904,6.73013,1.20182,1.11289,0.0353971,0.0285784,0.0321791,0.00491402,0.163801
6067af2dc5da,1,"resampler: Systematic, range_std: 0.253",labdesktop,2026-09-20T10:04:34+00:00,1073b69d29e5,systematic,0.253,0.0438328,0.266667,0,0.54125,0.0126511,0.606456,0.266337,205.391,6.84635,3.95859,2.06416,0.0638646,0.0424612,0.0663193,0.00512312,0.170771
d0017bb25910,2,"resampler: Systematic, range_std: 0.253",labdesktop,2026-09-20T10:04:34+00:00,1073b69d29e5,systematic,0.253,0.0429446,0.266667,0,0.49125,0.0113049,0.631363,0.154309,187.682,6.25608,15.1618,15.3523,0.086832,0.0381851,0.0568617,0.00552776,0.184259
2873e22b193c,3,"resampler: Systematic, range_std: 0.253",labdesktop,2026-09-20T10:04:34+00:00,1073b69d29e5,systematic,0.253,0.0633719,0.266667,0,0.52875,0.00985231,0.666818,0.154651,192.855,6.4285,40.2494,29.8193,0.108722,0.0389307,0.143543,0.00512463,0.170821
f4b65567286a,4,"resampler: Systematic, range_std: 0.253",labdesktop,2026-09-20T10:04:34+00:00,1073b69d29e5,systematic,0.253,0.0406137,0.2,0,0.4875,0.0128793,0.637805,0.252018,197.728,6.59092,11.9573,11.1944,0.0635081,0.0437505,0.0704868,0.00488338,0.162779
a6f4778ae74d,5,"resampler: Systematic, range_std: 0.253",labdesktop,2026-09-20T10:04:34+00:00,1073b69d29e5,systematic,0.253,0.0450606,0.2,0,0.458333,0.0115861,0.637635,0.139978,206.999,6.89997,10.5057,5.0866,0.0560858,0.0358432,0.0582267,0.00481839,0.160613
6028e7c18097,6,"resampler: Systematic, range_std: 0.253",labdesktop,2026-09-20T10:04:34+00:00,1073b69d29e5,systematic,0.253,0.0417617,0.266667,0,0.526875,0.0103823,0.627143,0.309751,204.209,6.80698,5.70318,3.2021,0.0663229,0.0357021,0.0159746,0.0051396,0.17132
7597844c3991,7,"resampler: Systematic, range_std: 0.253",labdesktop,2026-09-20T10:04:34+00:00,1073b69d29e5,systematic,0.253,0.0475659,0.266667,0,0.495625,0.0111253,0.617834,0.264516,209.321,6.97735,12.954,15.0328,0.0860448,0.0479094,0.115368,0.00517254,0.172418
2c854c0ea658,8,"resampler: Systematic, range_std: 0.253",labdesktop,2026-09-20T10:04:34+00:00,1073b69d29e5,systematic,0.253,0.0665162,0.3,0,0.513889,0.0100456,0.643393,0.225431,145.643,4.85476,1016.95,517.911,0.235314,0.0938383,0.339966,0.00521365,0.173788
c950022accea,9,"resampler: Systematic, range_std: 0.253",labdesktop,2026-09-20T10:04:34+00:00,1073b69d29e5,systematic,0.253,0.0351318,0.3,0,0.531667,0.0127459,0.614791,0.240479,189.069,6.30229,28.7492,20.52,0.0991463,0.052034,0.156505,0.00526377,0.175459
e554f758b0f6,10,"resampler: Systematic, range_std: 0.253",labdesktop,2026-09-20T10:04:34+00:00,1073b69d29e5,systematic,0.253,0.0357591,0.2,0,0.464167,0.0118905,0.640052,0.177316,207.018,6.9006,1.83362,1.44377,0.0475385,0.0233309,0.009685,0.00487598,0.162533
2aee595873c8,11,"resampler: Systematic, range_std: 0.253",labdesktop,2026-09-20T10:04:34+00:00,1073b69d29e5,systematic,0.253,0.0458195,0.3,0,0.544444,0.0102302,0.634736,0.306973,203.973,6.79909,9.77536,6.32351,0.0624919,0.0265951,0.0352703,0.00526852,0.175617
5512085c1725,12,"resampler: Systematic, range_std: 0.253",labdesktop,2026-09-20T10:04:34+00:00,1073b69d29e5,systematic,0.253,0.0433199,0.2,0,0.4975,0.0104917,0.664162,0.225609,192.377,6.41258,4.19544,3.47701,0.0584911,0.0326965,0.0345849,0.00479699,0.1599
bb27e042ba04,13,"resampler: Systematic, range_std: 0.253",labdesktop,2026-09-20T10:04:34+00:00,1073b69d29e5,systematic,0.253,0.0483132,0.266667,0,0.543125,0.0103157,0.661124,0.309532,202.906,6.76355,81.6717,92.8576,0.134211,0.0575452,0.236405,0.00519661,0.17322
c601a8609c96,14,"resampler: Systematic, range_std: 0.253",labdesktop,2026-09-20T10:04:34+00:00,1073b69d29e5,systematic,0.253,0.0388282,0.266667,0,0.4975,0.01246,0.610264,0.27818,186.152,6.20508,10.6602,5.01012,0.0868094,0.0368237,0.110257,0.0051121,0.170403
6861032b7c52,15,"resampler: Systematic, range_std: 0.253",labdesktop,2026-09-20T10:04:34+00:00,1073b69d29e5,systematic,0.253,0.0453738,0.233333,0,0.53,0.00990752,0.667847,0.29472,207.556,6.91853,5.42913,5.83611,0.0748558,0.0361341,0.0064769,0.00501804,0.167268
e7cb9c1ca297,16,"resampler: Systematic, range_std: 0.253",labdesktop,2026-09-20T10:04:34+00:00,1073b69d29e5,systematic,0.253,0.031122,0.3,0,0.529444,0.0110597,0.643428,0.314194,217.048,7.23494,15.4271,11.4676,0.0812506,0.0390774,0.0882069,0.00521353,0.173784
88ce401b3d49,17,"resampler: Systematic, range_std: 0.253",labdesktop,2026-09-20T10:04:34+00:00,1073b69d29e5,systematic,0.253,0.069671,0.266667,0,0.45,0.0120863,0.53462,0.0876622,191.044,6.36813,2.44314,1.8601,0.073274,0.0506619,0.0378713,0.00506905,0.168968
9bda4b589b5a,18,"resampler: Systematic, range_std: 0.253",labdesktop,2026-09-20T10:04:34+00:00,1073b69d29e5,systematic,0.253,0.0528863,0.333333,0,0.481,0.0123677,0.586922,0.147297,193.935,6.46449,5.21965,4.8743,0.0952534,0.0496813,0.0809403,0.00544731,0.181577
ab47c495b23e,19,"resampler: Systematic, range_std: 0.253",labdesktop,2026-09-20T10:04:34+00:00,1073b69d29e5,systematic,0.253,0.0394912,0.266667,0,0.508125,0.0123154,0.603724,0.267394,204.843,6.82812,7.11828,8.05668,0.0769312,0.0433601,0.0763707,0.00514476,0.171492
c1493a71f533,0,"resampler: Systematic, range_std: 0.337",labdesktop,2026-09-20T10:04:34+00:00,1073b69d29e5,systematic,0.337,0.0306459,0.233333,0,0.522143,0.00964233,0.705654,0.35776,184.062,6.13542,0.777187,0.65343,0.0327914,0.0213922,0.021046,0.00509948,0.169983
4abd4bb3a053,1,"resampler: Systematic, range_std: 0.337",labdesktop,2026-09-20T10:04:34+00:00,1073b69d29e5,systematic,0.337,0.0426262,0.266667,0,0.524375,0.011038,0.627249,0.224586,185.324,6.17747,6.27622,3.16495,0.0748557,0.0440777,0.102024,0.00509251,0.16975
3f9f684c3f9f,2,"resampler: Systematic, range_std: 0.337",labdesktop,2026-09-20T10:04:34+00:00,1073b69d29e5,systematic,0.337,0.0406909,0.266667,0,0.511875,0.0102815,0.671023,0.189803,171.381,5.7127,19.3592,14.3338,0.106747,0.0396867,0.103684,0.00517398,0.172466
aaabaff3c5a6,3,"resampler: Systematic, range_std: 0.337",labdesktop,2026-09-20T10:04:34+00:00,1073b69d29e5,systematic,0.337,0.0674932,0.3,0,0.521111,0.0092077,0.648096,0.258556,176.24,5.87467,27.7105,25.3211,0.0956027,0.0393314,0.0682848,0.00527732,0.175911
9cc871e642de,4,"resampler: Systematic, range_std: 0.337",labdesktop,2026-09-20T10:04:34+00:00,1073b69d29e5,systematic,0.337,0.047942,0.2,0,0.485,0.0124847,0.618552,0.258394,181.474,6.04914,10.4169,10.4892,0.0713986,0.0487976,0.0738863,0.00478036,0.159345
68b55a67e670,5,"resampler: Systematic, range_std: 0.337",labdesktop,2026-09-20T10:04:34+00:00,1073b69d29e5,systematic,0.337,0.0393369,0.166667,0,0.47,0.0106613,0.660451,0.220864,189.406,6.31353,10.5745,7.92368,0.0575103,0.0334204,0.0763386,0.00472612,0.157537
58b652b9b09a,6,"resampler: Systematic, range_std: 0.337",labdesktop,2026-09-20T10:04:34+00:00,1073b69d29e5,systematic,0.337,0.0364565,0.233333,0,0.505714,0.010685,0.654381,0.322239,187.565,6.25216,5.44503,3.99301,0.0662358,0.0298817,0.0489097,0.00502592,0.167531
469bd0293aad,7,"resampler: Systematic, range_std: 0.337",labdesktop,2026-09-20T10:04:34+00:00,1073b69d29e5,systematic,0.337,0.0862863,0.366667,0,0.514091,0.0112429,0.59129,0.259274,178.303,5.94343,32.1995,28.2984,0.114764,0.0578627,0.0815978,0.00572011,0.19067
e0ff5f735604,8,"resampler: Systematic, range_std: 0.337",labdesktop,2026-09-20T10:04:34+00:00,1073b69d29e5,systematic,0.337,0.0701348,0.266667,0,0.49,0.0110804,0.650535,0.11945,160.136,5.33786,169.442,225.092,0.171546,0.0703195,0.21081,0.00518561,0.172854
545743c641fa,9,"resampler: Systematic, range_std: 0.337",labdesktop,2026-09-20T10:04:34+00:00,1073b69d29e5,systematic,0.337,0.0500114,0.3,0,0.511111,0.0103747,0.614992,0.0245846,173.957,5.79856,7.23117,6.12632,0.0806516,0.0448524,0.0901401,0.00525969,0.175323
26e90611cc87,10,"resampler: Systematic, range_std: 0.337",labdesktop,2026-09-20T10:04:34+00:00,1073b69d29e5,systematic,0.337,0.0418999,0.2,0,0.49,0.0119628,0.63395,0.290783,186.999,6.23331,1.48228,1.28454,0.0546235,0.0239385,0.00848098,0.00479958,0.159986
162b6b27a86b,11,"resampler: Systematic, range_std: 0.337",labdesktop,2026-09-20T10:04:34+00:00,1073b69d29e5,systematic,0.337,0.0449966,0.233333,0,0.538571,0.0113543,0.614355,0.226259,188.672,6.28908,9.93449,7.99778,0.0578883,0.0308706,0.0331918,0.00510322,0.170107
22b2f930e17c,12,"resampler: Systematic, range_std: 0.337",labdesktop,2026-09-20T10:04:34+00:00,1073b69d29e5,systematic,0.337,0.0540918,0.166667,0,0.428,0.0104548,0.656198,0.237537,178.737,5.95789,4.22188,3.66857,0.0655076,0.0377221,0.0479319,0.00458669,0.15289
9d26576d2e6f,13,"resampler: Systematic, range_std: 0.337",labdesktop,2026-09-20T10:04:34+00:00,1073b69d29e5,systematic,0.337,0.0562282,0.233333,0,0.508571,0.00997905,0.6732,0.31096,189.226,6.30753,9.2972,7.99042,0.0803461,0.0503981,0.0493208,0.0050153,0.167177
4ab1202aa660,14,"resampler: Systematic, range_std: 0.337",labdesktop,2026-09-20T10:04:34+00:00,1073b69d29e5,systematic,0.337,0.0412073,0.266667,0,0.5125,0.00998545,0.677112,0.318096,175.608,5.8536,5.44284,5.60293,0.0906239,0.0311034,0.103304,0.00518662,0.172887
9a36d1e6854d,15,"resampler: Systematic, range_std: 0.337",labdesktop,2026-09-20T10:04:34+00:00,1073b69d29e5,systematic,0.337,0.0469554,0.2,0,0.453333,0.00985542,0.674274,0.139215,184.39,6.14634,5.87549,6.44621,0.0789881,0.0344471,0.00215311,0.0048413,0.161377
f1fab8b58ff6,16,"resampler: Systematic, range_std: 0.337",labdesktop,2026-09-20T10:04:34+00:00,1073b69d29e5,systematic,0.337,0.0399469,0.233333,0,0.542857,0.0103369,0.680066,0.228327,196.366,6.54554,15.1369,8.23376,0.0943952,0.0396041,0.111522,0.00490695,0.163565
31d197f17b93,17,"resampler: Systematic, range_std: 0.337",labdesktop,2026-09-20T10:04:34+00:00,1073b69d29e5,systematic,0.337,0.069428,0.233333,0,0.500714,0.0101875,0.645755,0.322342,174.737,5.82458,6.8013,3.11641,0.0828767,0.0542352,0.0607334,0.00500502,0.166834
dcfbc26dc11e,18,"resampler: Systematic, range_std: 0.337",labdesktop,2026-09-20T10:04:34+00:00,1073b69d29e5,systematic,0.337,0.0611553,0.266667,0,0.4675,0.0108124,0.606618,0.136333,177.637,5.92124,59.4158,21.3088,0.123364,0.0519892,0.113146,0.00526647,0.175549
377a8d03438e,19,"resampler: Systematic, range_std: 0.337",labdesktop,2026-09-20T10:04:34+00:00,1073b69d29e5,systematic,0.337,0.0436527,0.266667,0,0.515,0.0109543,0.615427,0.293992,183.256,6.10852,7.7094,8.83951,0.085877,0.0461331,0.0961674,0.00531328,0.177109
a889e4bc12e1,0,"resampler: Systematic, range_std: 0.45",labdesktop,2026-09-20T10:04:34+00:00,1073b69d29e5,systematic,0.45,0.0322757,0.233333,0,0.537143,0.0108323,0.669807,0.393018,158.736,5.2912,0.863382,0.640869,0.0355079,0.0213869,0.0236514,0.00510603,0.170201
e1637e046fd2,1,"resampler: Systematic, range_std: 0.45",labdesktop,2026-09-20T10:04:34+00:00,1073b69d29e5,systematic,0.45,0.0504355,0.3,0,0.526667,0.010319,0.61925,0.212865,158.901,5.29669,4.58009,2.48527,0.0820618,0.0495749,0.120385,0.00528613,0.176204
0a6fd5ed8627,2,"resampler: Systematic, range_std: 0.45",labdesktop,2026-09-20T10:04:34+00:00,1073b69d29e5,systematic,0.45,0.0449581,0.266667,0,0.493125,0.0106029,0.644103,0.216627,150.445,5.01484,13.8537,13.5581,0.111671,0.046642,0.102116,0.00526153,0.175384
8815a745bf9e,3,"resampler: Systematic, range_std: 0.45",labdesktop,2026-09-20T10:04:34+00:00,1073b69d29e5,systematic,0.45,0.0761821,0.3,0,0.504444,0.00889086,0.647442,0.0970665,151.433,5.04777,23.2786,17.551,0.10869,0.0454257,0.129085,0.00543863,0.181288
9ec9e1befbf4,4,"resampler: Systematic, range_std: 0.45",labdesktop,2026-09-20T10:04:34+00:00,1073b69d29e5,systematic,0.45,0.0530018,0.233333,0,0.510714,0.00970178,0.668427,0.252397,157.194,5.23979,10.0107,9.20588,0.0767354,0.047052,0.0616692,0.00499251,0.166417
37ba51fc1bd3,5,"resampler: Systematic, range_std: 0.45",labdesktop,2026-09-20T10:04:34+00:00,1073b69d29e5,systematic,0.45,0.0374125,0.233333,0,0.478571,0.0119914,0.611825,0.128846,163.998,5.46659,8.28959,3.73228,0.0522878,0.0328765,0.0507667,0.00506414,0.168805
4e9cd8834c77,6,"resampler: Systematic, range_std: 0.45",labdesktop,2026-09-20T10:04:34+00:00,1073b69d29e5,systematic,0.45,0.0364629,0.266667,0,0.5375,0.0103514,0.65507,0.342732,163.169,5.43897,4.44069,3.17915,0.0625295,0.0289399,0.0394987,0.00522016,0.174005
5d3b8765da28,7,"resampler: Systematic, range_std: 0.45",labdesktop,2026-09-20T10:04:34+00:00,1073b69d29e5,systematic,0.45,0.0699721,0.266667,0,0.50125,0.01017,0.653001,0.231051,165.073,5.50242,18.1689,17.1759,0.120675,0.054793,0.14608,0.00517732,0.172577
6985366da0f6,8,"resampler: Systematic, range_std: 0.45",labdesktop,2026-09-20T10:04:34+00:00,1073b69d29e5,systematic,0.45,0.0685828,0.333333,0,0.4985,0.00910417,0.647088,0.163382,141.679,4.72262,52.9965,55.5603,0.149857,0.0585367,0.168582,0.00540024,0.180008
dd5af3517e6e,9,"resampler: Systematic, range_std: 0.45",labdesktop,2026-09-20T10:04:34+00:00,1073b69d29e5,systematic,0.45,0.0720567,0.3,0,0.561667,0.0130015,0.59523,0.373834,149.784,4.99279,4.88636,3.292,0.0814269,0.0377258,0.021716,0.00533803,0.177934
002aaae663eb,10,"resampler: Systematic, range_std: 0.45",labdesktop,2026-09-20T10:04:34+00:00,1073b69d29e5,systematic,0.45,0.0509113,0.266667,0,0.496875,0.00941525,0.644989,0.237832,160.849,5.36165,1.96703,1.3723,0.0699254,0.0264859,0.0461639,0.00515229,0.171743
9c30291d31b3,11,"resampler: Systematic, range_std: 0.45",labdesktop,2026-09-20T10:04:34+00:00,1073b69d29e5,systematic,0.45,0.054506,0.233333,0,0.522857,0.0117163,0.616827,0.362201,162.555,5.41851,6.90522,6.67094,0.0654532,0.0330593,0.0558267,0.00493597,0.164532
15b577fae2c2,12,"resampler: Systematic, range_std: 0.45",labdesktop,2026-09-20T10:04:34+00:00,1073b69d29e5,systematic,0.45,0.0687398,0.166667,0,0.437,0.011296,0.65216,0.19733,155.364,5.17882,4.28687,3.50634,0.0779438,0.0445136,0.0503262,0.00461874,0.153958
a8fb0283d6bd,13,"resampler: Systematic, range_std: 0.45",labdesktop,2026-09-20T10:04:34+00:00,1073b69d29e5,systematic,0.45,0.0652169,0.233333,0,0.460714,0.00960135,0.655993,0.207456,164.635,5.48784,7.16251,4.14057,0.0757914,0.0468908,0.0657224,0.00501706,0.167235
f2c48379e5b9,14,"resampler: Systematic, range_std: 0.45",labdesktop,2026-09-20T10:04:34+00:00,1073b69d29e5,systematic,0.45,0.0482009,0.266667,0,0.533125,0.0102199,0.662779,0.343129,154.427,5.14758,4.51758,2.48482,0.0904861,0.0311017,0.119334,0.00512015,0.170672
21366406d407,15,"resampler: Systematic, range_std: 0.45",labdesktop,2026-09-20T10:04:34+00:00,1073b69d29e5,systematic,0.45,0.0511432,0.2,0,0.4575,0.0105523,0.632984,0.154774,156.13,5.20432,4.72784,5.626,0.0763201,0.0455723,0.00684552,0.00484308,0.161436
3115f8b7215c,16,"resampler: Systematic, range_std: 0.45",labdesktop,2026-09-20T10:04:34+00:00,1073b69d29e5,systematic,0.45,0.0480531,0.233333,0,0.512143,0.00983868,0.659956,0.187245,170.585,5.68617,8.73594,5.91231,0.0942901,0.0390568,0.120525,0.00501045,0.167015
e23dc3135b5a,17,"resampler: Systematic, range_std: 0.45",labdesktop,2026-09-20T10:04:34+00:00,1073b69d29e5,systematic,0.45,0.069239,0.3,0,0.538889,0.00997675,0.634747,0.194353,149.313,4.9771,6.94635,3.5104,0.0949485,0.0555835,0.0738083,0.00540967,0.180322
4f51c60146b1,18,"resampler: Systematic, range_std: 0.45",labdesktop,2026-09-20T10:04:34+00:00,1073b69d29e5,systematic,0.45,0.0773767,0.4,0,0.50375,0.00863268,0.614776,0.168844,154.238,5.14125,2.92177,2.68082,0.0964269,0.0477468,0.0641595,0.00585158,0.195053
3e7f7c32b6f8,19,"resampler: Systematic, range_std: 0.45",labdesktop,2026-09-20T10:04:34+00:00,1073b69d29e5,systematic,0.45,0.0439162,0.266667,0,0.52875,0.0103989,0.646572,0.320487,156.591,5.2197,10.2205,8.51711,0.0911275,0.0449653,0.116821,0.0051151,0.170503
eae3f885606c,0,"resampler: Systematic, range_std: 0.6",labdesktop,2026-09-20T10:04:34+00:00,1073b69d29e5,systematic,0.6,0.0384251,0.166667,0,0.519,0.013858,0.628021,0.317452,128.949,4.29829,0.67567,0.559946,0.0393079,0.0228011,0.0516974,0.00468334,0.156111
260b19170278,1,"resampler: Systematic, range_std: 0.6",labdesktop,2026-09-20T10:04:34+00:00,1073b69d29e5,systematic,0.6,0.0445501,0.3,0,0.544444,0.00898148,0.684826,0.269083,130.101,4.33669,5.43497,2.17105,0.0841727,0.0424744,0.119499,0.00534832,0.178277
89fcf80f871a,2,"resampler: Systematic, range_std: 0.6",labdesktop,2026-09-20T10:04:34+00:00,1073b69d29e5,systematic,0.6,0.0461915,0.266667,0,0.4925,0.0103199,0.650896,0.235139,123.75,4.12499,13.1395,11.6575,0.113646,0.0386421,0.10826,0.00513808,0.171269
08c8e92bc7f0,3,"resampler: Systematic, range_std: 0.6",labdesktop,2026-09-20T10:04:34+00:00,1073b69d29e5,systematic,0.6,0.074264,0.233333,0,0.507857,0.00924758,0.693038,0.123332,122.241,4.07468,21.3738,20.0966,0.109008,0.0398215,0.117672,0.0049344,0.16448
95a8b30e9a42,4,"resampler: Systematic, range_std: 0.6",labdesktop,2026-09-20T10:04:34+00:00,1073b69d29e5,systematic,0.6,0.0622934,0.266667,0,0.52375,0.0106321,0.60807,0.244684,128.406,4.2802,9.32339,9.19914,0.0839928,0.0490238,0.0679361,0.00517118,0.172373
866ec6bd9bb6,5,"resampler: Systematic, range_std: 0.6",labdesktop,2026-09-20T10:04:35+00:00,1073b69d29e5,systematic,0.6,0.0382359,0.233333,0,0.504286,0.0109532,0.65412,0.296262,134.752,4.49172,6.22211,3.42503,0.0566371,0.030946,0.0613535,0.00500718,0.166906
7c90ead977f8,6,"resampler: Systematic, range_std: 0.6",labdesktop,2026-09-20T10:04:35+00:00,1073b69d29e5,systematic,0.6,0.0428092,0.3,0,0.550556,0.0103614,0.640207,0.356065,134.442,4.4814,2.82,2.32635,0.0613873,0.0294168,0.0246591,0.0051872,0.172907
ca51f52607e3,7,"resampler: Systematic, range_std: 0.6",labdesktop,2026-09-20T10:04:35+00:00,1073b69d29e5,systematic,0.6,0.058536,0.366667,0,0.535,0.0115127,0.607879,0.213306,126.513,4.21711,18.0985,19.7634,0.139683,0.0517867,0.0758922,0.00548453,0.182818
acc12c83f656,8,"resampler: Systematic, range_std: 0.6",labdesktop,2026-09-20T10:04:35+00:00,1073b69d29e5,systematic,0.6,0.112716,0.333333,0,0.4985,0.0111037,0.60295,0.197174,108.808,3.62693,23.1094,18.6313,0.141523,0.0575844,0.122693,0.00541182,0.180394
b28ac1e445b5,9,"resampler: Systematic, range_std: 0.6",labdesktop,2026-09-20T10:04:35+00:00,1073b69d29e5,systematic,0.6,0.0685899,0.266667,0,0.536875,0.0120155,0.635197,0.325002,123.377,4.11257,5.70392,3.69013,0.0887631,0.0397995,0.123815,0.00514988,0.171663
d7199264fe3b,10,"resampler: Systematic, range_std: 0.6",labdesktop,2026-09-20T10:04:35+00:00,1073b69d29e5,systematic,0.6,0.0566026,0.266667,0,0.51625,0.0103238,0.626496,0.223798,130.692,4.35639,3.24033,2.26423,0.0814243,0.0259273,0.0272858,0.00508687,0.169562
eb58c79fb6c3,11,"resampler: Systematic, range_std: 0.6",labdesktop,2026-09-20T10:04:35+00:00,1073b69d29e5,systematic,0.6,0.0567676,0.233333,0,0.517857,0.0112527,0.643757,0.276555,133.135,4.43783,6.61285,7.01452,0.0664489,0.036105,0.0425427,0.00496001,0.165334
6b850e871a7a,12,"resampler: Systematic, range_std: 0.6",labdesktop,2026-09-20T10:04:35+00:00,1073b69d29e5,systematic,0.6,0.0752885,0.166667,0,0.44,0.00967621,0.720953,0.205311,127.896,4.26319,4.62964,4.1254,0.086172,0.0450536,0.0539508,0.0046512,0.15504
ba0ef861f639,13,"resampler: Systematic, range_std: 0.6",labdesktop,2026-09-20T10:04:35+00:00,1073b69d29e5,systematic,0.6,0.069714,0.266667,0,0.476875,0.00937387,0.645378,0.21804,134.844,4.49479,4.35617,3.61977,0.0769103,0.0490569,0.0628534,0.00514759,0.171586
fe5ec58eab95,14,"resampler: Systematic, range_std: 0.6",labdesktop,2026-09-20T10:04:35+00:00,1073b69d29e5,systematic,0.6,0.048462,0.233333,0,0.532857,0.0122199,0.584844,0.302068,127.142,4.23808,12.0197,6.98263,0.0974847,0.0300863,0.117177,0.00498273,0.166091
1eafe944eaa8,15,"resampler: Systematic, range_std: 0.6",labdesktop,2026-09-20T10:04:35+00:00,1073b69d29e5,systematic,0.6,0.0685265,0.2,0,0.485,0.00996888,0.67741,0.167356,125.08,4.16933,6.86518,8.17231,0.103212,0.0580359,0.0219756,0.00482828,0.160943
ea94fd6ad4d3,16,"resampler: Systematic, range_std: 0.6",labdesktop,2026-09-20T10:04:35+00:00,1073b69d29e5,systematic,0.6,0.0508398,0.2,0,0.489167,0.0113669,0.675968,0.115713,141.823,4.72744,10.4204,8.65324,0.0963364,0.036534,0.109985,0.00476911,0.15897
d600de00efad,17,"resampler: Systematic, range_std: 0.6",labdesktop,2026-09-20T10:04:35+00:00,1073b69d29e5,systematic,0.6,0.072345,0.233333,0,0.525,0.0112781,0.655188,0.33817,120.509,4.01698,6.04898,4.29405,0.0989818,0.0567587,0.0967816,0.0050043,0.16681
c0c72dcb2228,18,"resampler: Systematic, range_std: 0.6",labdesktop,2026-09-20T10:04:35+00:00,1073b69d29e5,systematic,0.6,0.0813435,0.3,0,0.483333,0.0111313,0.616263,0.204361,127.533,4.25111,4.48048,2.67062,0.0853332,0.0453937,0.0127436,0.00518673,0.172891
35724f16d755,19,"resampler: Systematic, range_std: 0.6",labdesktop,2026-09-20T10:04:35+00:00,1073b69d29e5,systematic,0.6,0.0458624,0.266667,0,0.51375,0.0109755,0.621212,0.273764,125.656,4.18853,6.01819,3.19196,0.0976062,0.0442089,0.13571,0.00510496,0.170165
1ec4446ab91e,0,"resampler: Systematic, range_std: 0.8",labdesktop,2026-09-20T10:04:35+00:00,1073b69d29e5,systematic,0.8,0.0377994,0.233333,0,0.533571,0.0113811,0.638307,0.325561,97.4663,3.24888,0.626476,0.553065,0.0400682,0.0215083,0.0288948,0.00490233,0.163411
29f8834201f4,1,"resampler: Systematic, range_std: 0.8",labdesktop,2026-09-20T10:04:35+00:00,1073b69d29e5,systematic,0.8,0.0551304,0.3,0,0.513333,0.0097669,0.645151,0.153744,97.7024,3.25675,4.0029,1.91532,0.0861178,0.0401452,0.140869,0.00530415,0.176805
8411159f1712,2,"resampler: Systematic, range_std: 0.8",labdesktop,2026-09-20T10:04:35+00:00,1073b69d29e5,systematic,0.8,0.0918352,0.266667,0,0.456875,0.00952633,0.654983,0.196611,95.3213,3.17738,6.44657,4.25128,0.110612,0.0496639,0.0938323,0.0050452,0.168173
2cd066a884bc,3,"resampler: Systematic, range_std: 0.8",labdesktop,2026-09-20T10:04:35+00:00,1073b69d29e5,systematic,0.8,0.0812726,0.3,0,0.506111,0.0093776,0.646808,0.0957273,90.4551,3.01517,13.7153,10.9773,0.112742,0.0444467,0.149943,0.00516854,0.172285
8cc2bfed05ca,4,"resampler: Systematic, range_std: 0.8",labdesktop,2026-09-20T10:04:35+00:00,1073b69d29e5,systematic,0.8,0.0616827,0.233333,0,0.532143,0.0117101,0.593934,0.23888,97.0074,3.23358,11.0527,10.0506,0.0881376,0.0476212,0.0702504,0.00493373,0.164458
be4019ccefee,5,"resampler: Systematic, range_std: 0.8",labdesktop,2026-09-20T10:04:35+00:00,1073b69d29e5,systematic,0.8,0.035043,0.233333,0,0.522143,0.0105345,0.662382,0.322937,103.624,3.45413,7.16649,4.19167,0.0583148,0.0307985,0.0643398,0.00500558,0.166853
359059dc26fe,6,"resampler: Systematic, range_std: 0.8",labdesktop,2026-09-20T10:04:35+00:00,1073b69d29e5,systematic,0.8,0.0397307,0.266667,0,0.555625,0.0106515,0.645262,0.360112,103.01,3.43368,3.08397,1.8782,0.0611626,0.0269365,0.021771,0.00506469,0.168823
f80b1b5cc0a2,7,"resampler: Systematic, range_std: 0.8",labdesktop,2026-09-20T10:04:35+00:00,1073b69d29e5,systematic,0.8,0.0745003,0.333333,0,0.522,0.0112061,0.593292,0.192501,99.0647,3.30216,24.8252,10.2057,0.147648,0.0556159,0.126335,0.00536705,0.178902
a53085e7e9c4,8,"resampler: Systematic, range_std: 0.8",labdesktop,2026-09-20T10:04:35+00:00,1073b69d29e5,systematic,0.8,0.0993276,0.366667,0,0.509545,0.0102299,0.610324,0.242639,76.6059,2.55353,61.7661,42.6932,0.192183,0.0660896,0.302367,0.00553826,0.184609
f0dd7b150010,9,"resampler: Systematic, range_std: 0.8",labdesktop,2026-09-20T10:04:35+00:00,1073b69d29e5,systematic,0.8,0.0774436,0.266667,0,0.52875,0.0104419,0.640024,0.310517,92.4568,3.08189,9.37339,4.7982,0.110734,0.0446131,0.186452,0.00533988,0.177996
2bdd138af145,10,"resampler: Systematic, range_std: 0.8",labdesktop,2026-09-20T10:04:35+00:00,1073b69d29e5,systematic,0.8,0.0587264,0.233333,0,0.532143,0.0107739,0.607607,0.299582,98.6857,3.28952,4.52643,3.0414,0.0910685,0.028161,0.0600922,0.00492869,0.16429
571cf0c8fce6,11,"resampler: Systematic, range_std: 0.8",labdesktop,2026-09-20T10:04:35+00:00,1073b69d29e5,systematic,0.8,0.0614112,0.266667,0,0.50125,0.0113342,0.610572,0.215859,101.285,3.37615,6.42755,6.33565,0.0704699,0.0396876,0.0468677,0.00514894,0.171631
f44b0677c6e0,12,"resampler: Systematic, range_std: 0.8",labdesktop,2026-09-20T10:04:35+00:00,1073b69d29e5,systematic,0.8,0.083652,0.2,0,0.481667,0.0100213,0.666434,0.18295,97.1443,3.23814,6.15816,6.38118,0.0947854,0.0432823,0.0532487,0.00474667,0.158222
4db394d495e7,13,"resampler: Systematic, range_std: 0.8",labdesktop,2026-09-20T10:04:35+00:00,1073b69d29e5,systematic,0.8,0.0705146,0.233333,0,0.452857,0.0102149,0.648454,0.19239,103.738,3.45792,6.66286,2.40391,0.0780066,0.0491184,0.0552402,0.0051455,0.171517
759b4c2ceb64,14,"resampler: Systematic, range_std: 0.8",labdesktop,2026-09-20T10:04:35+00:00,1073b69d29e5,systematic,0.8,0.0543126,0.266667,0,0.548125,0.00965266,0.666538,0.356571,97.8418,3.26139,10.3301,4.09235,0.094225,0.0288243,0.118666,0.00513071,0.171024
ed8e815e6c90,15,"resampler: Systematic, range_std: 0.8",labdesktop,2026-09-20T10:04:35+00:00,1073b69d29e5,systematic,0.8,0.0777739,0.2,0,0.46,0.0127588,0.655661,0.175719,92.4192,3.08064,7.70237,8.26027,0.113405,0.0626294,0.0137447,0.0047408,0.158027
2709b8bf25a5,16,"resampler: Systematic, range_std: 0.8",labdesktop,2026-09-20T10:04:35+00:00,1073b69d29e5,systematic,0.8,0.0544411,0.233333,0,0.527857,0.0113073,0.661488,0.10281,109.052,3.63506,12.744,11.0012,0.106808,0.0463343,0.123619,0.00505714,0.168571
659a7e96fda6,17,"resampler: Systematic, range_std: 0.8",labdesktop,2026-09-20T10:04:35+00:00,1073b69d29e5,systematic,0.8,0.0680315,0.233333,0,0.536429,0.0110834,0.655094,0.401358,89.2713,2.97571,11.4113,6.04487,0.11914,0.0589069,0.144939,0.00503118,0.167706
5edc2b132db1,18,"resampler: Systematic, range_std: 0.8",labdesktop,2026-09-20T10:04:35+00:00,1073b69d29e5,systematic,0.8,0.0926588,0.333333,0,0.499,0.00984027,0.623354,0.162558,86.0939,2.8698,98.283,35.0116,0.22996,0.0748456,0.363621,0.00540871,0.18029
1c759d018921,19,"resampler: Systematic, range_std: 0.8",labdesktop,2026-09-20T10:04:35+00:00,1073b69d29e5,systematic,0.8,0.0486907,0.266667,0,0.51875,0.0115465,0.612227,0.303164,94.0543,3.13514,6.45649,3.45638,0.102248,0.0439691,0.137871,0.00513325,0.171108
