run_id,seed,variant,host,date,code,n_particles,range_std,ate,resample_rate,collapses,unique_after_resampling,max_weight_mean,ess_mean,ess_min,log_likelihood,log_likelihood_per_step,nees_mean,nees_median,position_rmse,heading_rmse,final_position_error,runtime_total_s,runtime_per_step_ms
d7e18745f4b6,0,"n_particles: 25, range_std: 0.08",labdesktop,2026-09-20T10:04:25+00:00,1073b69d29e5,25,0.08,0.0336545,0.366667,0,0.450909,0.0661963,0.614463,0.0588958,-182.597,-6.08656,173625,8904.54,0.182837,0.0814583,0.320967,0.00315208,0.105069
b4a370f31d5f,1,"n_particles: 25, range_std: 0.08",labdesktop,2026-09-20T10:04:25+00:00,1073b69d29e5,25,0.08,0.0245529,0.4,0,0.466667,0.0710387,0.593719,0.171425,-836.434,-27.8811,117343,20964.4,0.398933,0.117388,0.673937,0.00321444,0.107148
38ccb5cd7bf7,2,"n_particles: 25, range_std: 0.08",labdesktop,2026-09-20T10:04:25+00:00,1073b69d29e5,25,0.08,0.0570209,0.9,0,0.379259,0.0467061,0.294374,0.0403768,-20713.8,-690.461,1.00409e+09,1.85287e+07,1.98016,0.43075,3.18975,0.00396428,0.132143
c3d93af508c4,3,"n_particles: 25, range_std: 0.08",labdesktop,2026-09-20T10:04:25+00:00,1073b69d29e5,25,0.08,0.0782655,0.5,0,0.410667,0.0757443,0.472048,0.0401,-2365.78,-78.8592,4.47756e+06,285701,0.65563,0.190207,1.10541,0.0033308,0.111027
529575d0509a,4,"n_particles: 25, range_std: 0.08",labdesktop,2026-09-20T10:04:25+00:00,1073b69d29e5,25,0.08,0.0567184,0.4,0,0.416667,0.0764232,0.548902,0.0699039,-2643.52,-88.1172,795754,244275,0.681458,0.181417,1.18084,0.00325204,0.108401
be4a72532cf9,5,"n_particles: 25, range_std: 0.08",labdesktop,2026-09-20T10:04:25+00:00,1073b69d29e5,25,0.08,0.0330518,0.366667,0,0.487273,0.0687906,0.646632,0.103048,-97.4991,-3.24997,16274.3,3281.75,0.16442,0.0370477,0.0412235,0.00313704,0.104568
7f8609d65d5f,6,"n_particles: 25, range_std: 0.08",labdesktop,2026-09-20T10:04:25+00:00,1073b69d29e5,25,0.08,0.0401831,0.433333,0,0.443077,0.0729877,0.553481,0.0438584,-110.793,-3.69311,852010,1844.25,0.164945,0.0488654,0.141033,0.00328181,0.109394
73d970e22db4,7,"n_particles: 25, range_std: 0.08",labdesktop,2026-09-20T10:04:25+00:00,1073b69d29e5,25,0.08,0.0310703,0.6,0,0.464444,0.0642146,0.482773,0.0894474,-4718.15,-157.272,2.87083e+06,541530,0.884507,0.207159,1.4802,0.00325531,0.10851
09814ff3af7d,8,"n_particles: 25, range_std: 0.08",labdesktop,2026-09-20T10:04:25+00:00,1073b69d29e5,25,0.08,0.0290012,0.433333,0,0.418462,0.0778972,0.507244,0.0801456,-4061.96,-135.399,6.56525e+06,1.05806e+06,0.849649,0.252729,1.51722,0.00304178,0.101393
25a70b08524d,9,"n_particles: 25, range_std: 0.08",labdesktop,2026-09-20T10:04:25+00:00,1073b69d29e5,25,0.08,0.0493719,0.4,0,0.463333,0.0827496,0.524037,0.0986342,-332.759,-11.092,61784.4,20286.2,0.261786,0.0696905,0.417582,0.00288251,0.0960837
bf3c4da8c7f5,10,"n_particles: 25, range_std: 0.08",labdesktop,2026-09-20T10:04:25+00:00,1073b69d29e5,25,0.08,0.0485699,0.366667,0,0.389091,0.0766026,0.579824,0.0404257,-111.065,-3.70216,1.62577e+06,11082.2,0.19907,0.0459202,0.26789,0.0028622,0.0954066
a2b13af7594b,11,"n_particles: 25, range_std: 0.08",labdesktop,2026-09-20T10:04:25+00:00,1073b69d29e5,25,0.08,0.0320148,0.466667,0,0.488571,0.0697271,0.535921,0.0963303,-661.534,-22.0511,147973,12740.6,0.345736,0.0937358,0.598546,0.00301072,0.100357
8335c3ae733b,12,"n_particles: 25, range_std: 0.08",labdesktop,2026-09-20T10:04:25+00:00,1073b69d29e5,25,0.08,0.0313757,0.3,0,0.417778,0.0806078,0.617241,0.072825,-92.6771,-3.08924,486030,1256.09,0.108999,0.0513081,0.151761,0.00281497,0.0938324
4d0c77bbef85,13,"n_particles: 25, range_std: 0.08",labdesktop,2026-09-20T10:04:25+00:00,1073b69d29e5,25,0.08,0.0355171,0.566667,0,0.385882,0.0695742,0.431907,0.0513212,-14603.1,-486.771,5.01118e+08,3.55681e+06,1.53164,0.353473,2.54661,0.00319265,0.106422
c03846749124,14,"n_particles: 25, range_std: 0.08",labdesktop,2026-09-20T10:04:25+00:00,1073b69d29e5,25,0.08,0.016404,0.433333,0,0.421538,0.0846152,0.503547,0.0622512,-1281.74,-42.7245,434191,19213.2,0.473046,0.140869,0.804674,0.00296503,0.0988343
89727f79a81a,15,"n_particles: 25, range_std: 0.08",labdesktop,2026-09-20T10:04:25+00:00,1073b69d29e5,25,0.08,0.070871,0.266667,0,0.425,0.0807805,0.621425,0.0400413,64.9351,2.1645,1.48025e+06,1767.38,0.115899,0.072589,0.0337368,0.00268862,0.0896206
4c3405f6f588,16,"n_particles: 25, range_std: 0.08",labdesktop,2026-09-20T10:04:25+00:00,1073b69d29e5,25,0.08,0.0555319,0.3,0,0.435556,0.0809579,0.618055,0.0778269,29.4571,0.981903,540133,290.867,0.110331,0.0492213,0.116245,0.00280506,0.0935019
3fa54b449b47,17,"n_particles: 25, range_std: 0.08",labdesktop,2026-09-20T10:04:25+00:00,1073b69d29e5,25,0.08,0.0583055,0.833333,0,0.336,0.0532482,0.269245,0.0400219,-26349.5,-878.317,5.94391e+08,1.01318e+08,2.18193,0.514352,3.67095,0.00353009,0.11767
1d3af8f5f97a,18,"n_particles: 25, range_std: 0.08",labdesktop,2026-09-20T10:04:25+00:00,1073b69d29e5,25,0.08,0.030169,0.466667,0,0.457143,0.0714358,0.520104,0.0999071,-5780.31,-192.677,5.11284e+06,872481,1.03487,0.266554,1.79176,0.00303787,0.101262
e2c008b98d6e,19,"n_particles: 25, range_std: 0.08",labdesktop,2026-09-20T10:04:25+00:00,1073b69d29e5,25,0.08,0.029719,0.366667,0,0.458182,0.0756672,0.602572,0.0859624,-153.135,-5.10451,517431,4114.96,0.209552,0.0767052,0.377705,0.00286444,0.0954815
13e6e8fac665,0,"n_particles: 25, range_std: 0.107",labdesktop,2026-09-20T10:04:25+00:00,1073b69d29e5,25,0.107,0.0303864,0.3,0,0.462222,0.0730491,0.631897,0.146598,-14.4372,-0.481239,71655,3490.79,0.209479,0.0834632,0.382889,0.00284855,0.0949516
8454840f0221,1,"n_particles: 25, range_std: 0.107",labdesktop,2026-09-20T10:04:25+00:00,1073b69d29e5,25,0.107,0.0244704,0.333333,0,0.496,0.0896532,0.573704,0.185499,-393.398,-13.1133,74768.9,7101.99,0.404871,0.119174,0.692048,0.00280751,0.0935838
0aa592d9505c,2,"n_particles: 25, range_std: 0.107",labdesktop,2026-09-20T10:04:25+00:00,1073b69d29e5,25,0.107,0.0294614,0.433333,0,0.421538,0.0766873,0.51114,0.044246,-2486.25,-82.8749,5.24117e+06,935778,0.928779,0.200372,1.42749,0.00290046,0.096682
a618ce33e623,3,"n_particles: 25, range_std: 0.107",labdesktop,2026-09-20T10:04:25+00:00,1073b69d29e5,25,0.107,0.0796639,0.4,0,0.456667,0.0776466,0.559883,0.04076,-1318.69,-43.9562,3.14934e+06,98060.1,0.668162,0.19166,1.12956,0.00289072,0.0963573
b778b53479b5,4,"n_particles: 25, range_std: 0.107",labdesktop,2026-09-20T10:04:25+00:00,1073b69d29e5,25,0.107,0.0466823,0.433333,0,0.510769,0.0662431,0.585277,0.106043,-2409.3,-80.3099,957446,214793,0.855772,0.209084,1.44153,0.00299253,0.0997511
4e697b482935,5,"n_particles: 25, range_std: 0.107",labdesktop,2026-09-20T10:04:25+00:00,1073b69d29e5,25,0.107,0.0357703,0.266667,0,0.485,0.0842568,0.622779,0.113839,62.9139,2.09713,1.38796e+06,1757.74,0.163391,0.0489725,0.0177812,0.00271095,0.090365
c7618402e736,6,"n_particles: 25, range_std: 0.107",labdesktop,2026-09-20T10:04:25+00:00,1073b69d29e5,25,0.107,0.0445786,0.3,0,0.448889,0.076961,0.632453,0.0626804,58.9766,1.96589,185847,3040.43,0.173968,0.0492431,0.152521,0.00268835,0.0896117
bf75968889ac,7,"n_particles: 25, range_std: 0.107",labdesktop,2026-09-20T10:04:25+00:00,1073b69d29e5,25,0.107,0.0300738,0.433333,0,0.461538,0.0715349,0.54529,0.105744,-2735.77,-91.1925,689705,206491,0.897542,0.208445,1.49977,0.00322468,0.107489
de6ed55a063b,8,"n_particles: 25, range_std: 0.107",labdesktop,2026-09-20T10:04:25+00:00,1073b69d29e5,25,0.107,0.0291576,0.366667,0,0.443636,0.075881,0.587006,0.0848975,-2294.22,-76.474,3.51131e+06,350468,0.844949,0.252452,1.51456,0.0029298,0.09766
346f239ff666,9,"n_particles: 25, range_std: 0.107",labdesktop,2026-09-20T10:04:25+00:00,1073b69d29e5,25,0.107,0.126995,0.333333,0,0.392,0.0648982,0.634891,0.0530405,8.09303,0.269768,23412.5,431.02,0.15352,0.0634152,0.211859,0.00282312,0.0941041
0da8818fa63b,10,"n_particles: 25, range_std: 0.107",labdesktop,2026-09-20T10:04:25+00:00,1073b69d29e5,25,0.107,0.0635702,0.366667,0,0.389091,0.0670849,0.606402,0.0435471,80.3095,2.67698,220459,4310.69,0.179365,0.0410445,0.226438,0.00280583,0.0935278
ed6518073b0e,11,"n_particles: 25, range_std: 0.107",labdesktop,2026-09-20T10:04:25+00:00,1073b69d29e5,25,0.107,0.0712448,0.266667,0,0.51,0.0779628,0.660877,0.187676,129.789,4.3263,600.804,506.949,0.102416,0.0506366,0.0928619,0.00265106,0.0883686
b71b2612d1c3,12,"n_particles: 25, range_std: 0.107",labdesktop,2026-09-20T10:04:25+00:00,1073b69d29e5,25,0.107,0.0352123,0.266667,0,0.445,0.0736654,0.649439,0.0550356,70.5502,2.35167,7154.46,363.552,0.117584,0.0497514,0.139239,0.00275088,0.091696
f7da36a95b00,13,"n_particles: 25, range_std: 0.107",labdesktop,2026-09-20T10:04:25+00:00,1073b69d29e5,25,0.107,0.031537,0.533333,0,0.3975,0.0693369,0.472594,0.0521401,-9261.3,-308.71,3.07422e+08,1.55549e+06,1.52594,0.354021,2.54187,0.00315009,0.105003
885750c35bee,14,"n_particles: 25, range_std: 0.107",labdesktop,2026-09-20T10:04:25+00:00,1073b69d29e5,25,0.107,0.0168198,0.4,0,0.5,0.0805734,0.555265,0.0663111,-642.239,-21.408,422154,39740.3,0.479399,0.141378,0.814258,0.00288471,0.096157
08edac75cade,15,"n_particles: 25, range_std: 0.107",labdesktop,2026-09-20T10:04:25+00:00,1073b69d29e5,25,0.107,0.0737269,0.266667,0,0.505,0.0733192,0.675599,0.0804275,158.506,5.28354,558631,951.194,0.119248,0.0758883,0.0421606,0.0026995,0.0899835
a327fb685b8d,16,"n_particles: 25, range_std: 0.107",labdesktop,2026-09-20T10:04:25+00:00,1073b69d29e5,25,0.107,0.026106,0.3,0,0.462222,0.0780544,0.604104,0.152761,77.0925,2.56975,2743.3,1920.56,0.174469,0.0714252,0.282679,0.00283099,0.0943665
7c981dc44214,17,"n_particles: 25, range_std: 0.107",labdesktop,2026-09-20T10:04:25+00:00,1073b69d29e5,25,0.107,0.0507696,0.466667,0,0.442857,0.0798146,0.505829,0.0400002,-947.936,-31.5979,1.48687e+06,51089.7,0.525325,0.164802,0.866123,0.00307812,0.102604
46c667ee2922,18,"n_particles: 25, range_std: 0.107",labdesktop,2026-09-20T10:04:25+00:00,1073b69d29e5,25,0.107,0.0380986,0.466667,0,0.494286,0.0676805,0.549871,0.162892,-3450.47,-115.016,2.34193e+06,534402,1.04242,0.263729,1.80044,0.00296165,0.0987218
fe827ca893d2,19,"n_particles: 25, range_std: 0.107",labdesktop,2026-09-20T10:04:25+00:00,1073b69d29e5,25,0.107,0.027859,0.266667,0,0.44,0.0813579,0.61265,0.119473,52.6048,1.75349,3376.31,673.865,0.20077,0.0728043,0.358659,0.00268418,0.0894725
83d57514ee89,0,"n_particles: 25, range_std: 0.142",labdesktop,2026-09-20T10:04:25+00:00,1073b69d29e5,25,0.142,0.0254111,0.266667,0,0.51,0.0741749,0.675331,0.217693,116.062,3.86873,3697.21,1735.1,0.188177,0.0732029,0.335939,0.00288641,0.0962137
18a0444c6b53,1,"n_particles: 25, range_std: 0.142",labdesktop,2026-09-20T10:04:25+00:00,1073b69d29e5,25,0.142,0.10847,0.233333,0,0.434286,0.0928813,0.594889,0.135497,184.941,6.1647,129.253,120.32,0.120693,0.0795534,0.106082,0.0026757,0.0891901
145f48e02706,2,"n_particles: 25, range_std: 0.142",labdesktop,2026-09-20T10:04:25+00:00,1073b69d29e5,25,0.142,0.0400407,0.266667,0,0.425,0.0755015,0.654555,0.0627788,138.064,4.60213,2490.03,195.129,0.115482,0.085006,0.0597467,0.00276828,0.0922761
116cb93d21a1,3,"n_particles: 25, range_std: 0.142",labdesktop,2026-09-20T10:04:25+00:00,1073b69d29e5,25,0.142,0.0270929,0.266667,0,0.53,0.0892027,0.643042,0.115234,151.805,5.06015,362.984,113.749,0.0984721,0.0612938,0.110559,0.00280453,0.0934843
98a94596967f,4,"n_particles: 25, range_std: 0.142",labdesktop,2026-09-20T10:04:25+00:00,1073b69d29e5,25,0.142,0.0839963,0.366667,0,0.483636,0.0763335,0.565188,0.153518,-822.158,-27.4053,179606,54649.9,0.676934,0.176473,1.16767,0.00286381,0.0954603
8fdd2f6573bb,5,"n_particles: 25, range_std: 0.142",labdesktop,2026-09-20T10:04:25+00:00,1073b69d29e5,25,0.142,0.0617942,0.2,0,0.393333,0.0767227,0.703667,0.0400093,158.308,5.27692,206309,600.928,0.148134,0.0571197,0.20384,0.00256259,0.0854196
47c41a940a4d,6,"n_particles: 25, range_std: 0.142",labdesktop,2026-09-20T10:04:25+00:00,1073b69d29e5,25,0.142,0.030795,0.233333,0,0.451429,0.0783552,0.66307,0.104919,124.766,4.15887,21261.8,1495.77,0.196089,0.0456045,0.200383,0.0029746,0.0991535
27d9d81b61d5,7,"n_particles: 25, range_std: 0.142",labdesktop,2026-09-20T10:04:25+00:00,1073b69d29e5,25,0.142,0.0402459,0.233333,0,0.417143,0.0725988,0.685119,0.151144,146.01,4.867,1014.68,618.315,0.145571,0.0734433,0.221856,0.00263878,0.0879592
72191cb7e8f1,8,"n_particles: 25, range_std: 0.142",labdesktop,2026-09-20T10:04:25+00:00,1073b69d29e5,25,0.142,0.128963,0.233333,0,0.422857,0.0835934,0.641962,0.0432709,120.671,4.02236,423738,447.577,0.176671,0.163838,0.207583,0.00261488,0.0871627
87cfdcada317,9,"n_particles: 25, range_std: 0.142",labdesktop,2026-09-20T10:04:25+00:00,1073b69d29e5,25,0.142,0.0226068,0.3,0,0.537778,0.076656,0.65847,0.254777,66.7238,2.22413,4227.25,1149.11,0.252875,0.0704715,0.420554,0.00269518,0.0898392
373fb0a6e9a6,10,"n_particles: 25, range_std: 0.142",labdesktop,2026-09-20T10:04:25+00:00,1073b69d29e5,25,0.142,0.0444614,0.166667,0,0.528,0.0902489,0.642173,0.303963,200.36,6.67868,154.334,19.7542,0.0484134,0.0340754,0.0218298,0.00255627,0.0852089
1ba5e9f5d26a,11,"n_particles: 25, range_std: 0.142",labdesktop,2026-09-20T10:04:25+00:00,1073b69d29e5,25,0.142,0.0181124,0.266667,0,0.515,0.0756914,0.654653,0.276378,-81.3218,-2.71073,19388.2,3329.86,0.35747,0.0970013,0.633256,0.00264425,0.0881415
ceea01bbd92e,12,"n_particles: 25, range_std: 0.142",labdesktop,2026-09-20T10:04:25+00:00,1073b69d29e5,25,0.142,0.051309,0.266667,0,0.485,0.0755552,0.616524,0.117169,155.928,5.1976,797.869,303.099,0.102285,0.0441481,0.125068,0.00276582,0.0921939
2b8fb93b813c,13,"n_particles: 25, range_std: 0.142",labdesktop,2026-09-20T10:04:25+00:00,1073b69d29e5,25,0.142,0.0339683,0.266667,0,0.455,0.0771041,0.638641,0.140703,-98.086,-3.26953,11914.3,4771.42,0.355216,0.112075,0.580774,0.00265739,0.0885798
b3e4f0a625eb,14,"n_particles: 25, range_std: 0.142",labdesktop,2026-09-20T10:04:25+00:00,1073b69d29e5,25,0.142,0.0442786,0.3,0,0.462222,0.0772436,0.608952,0.0879588,45.2041,1.5068,5311.03,814.921,0.18962,0.0632898,0.313482,0.00266145,0.0887149
42b82678437b,15,"n_particles: 25, range_std: 0.142",labdesktop,2026-09-20T10:04:25+00:00,1073b69d29e5,25,0.142,0.0702881,0.266667,0,0.445,0.0756784,0.647598,0.0634627,194,6.46665,122891,298.692,0.116764,0.0825936,0.0715937,0.00263182,0.0877274
f918507b57cb,16,"n_particles: 25, range_std: 0.142",labdesktop,2026-09-20T10:04:25+00:00,1073b69d29e5,25,0.142,0.0570781,0.266667,0,0.51,0.0777192,0.605383,0.178429,152.752,5.09174,896.01,38.6855,0.178799,0.0508479,0.312098,0.00262979,0.0876597
2d9ffdb836ad,17,"n_particles: 25, range_std: 0.142",labdesktop,2026-09-20T10:04:25+00:00,1073b69d29e5,25,0.142,0.109677,0.433333,0,0.464615,0.0707204,0.559615,0.179351,-453.785,-15.1262,90865.9,47089.1,0.574204,0.132369,0.927822,0.00291632,0.0972108
8c158198c2f8,18,"n_particles: 25, range_std: 0.142",labdesktop,2026-09-20T10:04:25+00:00,1073b69d29e5,25,0.142,0.0277887,0.366667,0,0.465455,0.0736976,0.565587,0.109022,-2253.37,-75.1125,1.39945e+06,181090,1.06451,0.26788,1.85011,0.00281958,0.093986
4d8b8e09205d,19,"n_particles: 25, range_std: 0.142",labdesktop,2026-09-20T10:04:25+00:00,1073b69d29e5,25,0.142,0.0447488,0.233333,0,0.502857,0.067436,0.713081,0.179883,199.729,6.65762,163.205,126.81,0.0985983,0.0557068,0.116274,0.00259326,0.0864421
840cfb4f7695,0,"n_particles: 25, range_std: 0.19",labdesktop,2026-09-20T10:04:25+00:00,1073b69d29e5,25,0.19,0.0473414,0.333333,0,0.488,0.0694921,0.652296,0.132089,146.88,4.89598,1302.88,432.653,0.212796,0.0769042,0.380199,0.00280665,0.093555
f4d4ad848aa0,1,"n_particles: 25, range_std: 0.19",labdesktop,2026-09-20T10:04:25+00:00,1073b69d29e5,25,0.19,0.0960454,0.2,0,0.46,0.0794814,0.635937,0.159545,204.245,6.80816,58.9273,61.7382,0.109967,0.0764896,0.0849189,0.00261403,0.0871343
817066c12427,2,"n_particles: 25, range_std: 0.19",labdesktop,2026-09-20T10:04:25+00:00,1073b69d29e5,25,0.19,0.0495632,0.233333,0,0.48,0.0824062,0.625694,0.109232,194.074,6.46915,418.194,57.6946,0.0649749,0.0599824,0.0149804,0.0026652,0.0888401
97203b75b2e6,3,"n_particles: 25, range_std: 0.19",labdesktop,2026-09-20T10:04:25+00:00,1073b69d29e5,25,0.19,0.0338482,0.2,0,0.5,0.0910557,0.668615,0.139068,176.89,5.89635,133.149,71.3636,0.0977231,0.0610444,0.0970536,0.00265645,0.0885482
6630fc2de5e9,4,"n_particles: 25, range_std: 0.19",labdesktop,2026-09-20T10:04:25+00:00,1073b69d29e5,25,0.19,0.085219,0.366667,0,0.483636,0.071447,0.603151,0.129738,-533.419,-17.7806,131256,64627.9,0.704429,0.177264,1.22399,0.00283708,0.0945693
ece7ad3d287a,5,"n_particles: 25, range_std: 0.19",labdesktop,2026-09-20T10:04:25+00:00,1073b69d29e5,25,0.19,0.0578719,0.133333,0,0.39,0.0726217,0.758545,0.113452,214.65,7.15498,139.992,34.7321,0.060026,0.0442825,0.0284863,0.00290755,0.0969184
747cf852ea13,6,"n_particles: 25, range_std: 0.19",labdesktop,2026-09-20T10:04:25+00:00,1073b69d29e5,25,0.19,0.0519756,0.233333,0,0.502857,0.0828394,0.658145,0.166509,176.095,5.86983,1137.62,484.475,0.159687,0.0375177,0.229519,0.00265278,0.0884259
ff58e6e77303,7,"n_particles: 25, range_std: 0.19",labdesktop,2026-09-20T10:04:25+00:00,1073b69d29e5,25,0.19,0.0386843,0.233333,0,0.388571,0.0712464,0.694563,0.0889653,188.295,6.27649,621.918,261.443,0.127563,0.0631301,0.179223,0.00266391,0.0887969
dd85cba7b233,8,"n_particles: 25, range_std: 0.19",labdesktop,2026-09-20T10:04:25+00:00,1073b69d29e5,25,0.19,0.0297308,0.4,0,0.52,0.0674981,0.618453,0.17844,-934.045,-31.1348,348496,97915.6,0.876497,0.251075,1.57386,0.00288784,0.0962614
e29199ad8a6d,9,"n_particles: 25, range_std: 0.19",labdesktop,2026-09-20T10:04:25+00:00,1073b69d29e5,25,0.19,0.0820857,0.266667,0,0.52,0.0763516,0.660486,0.240273,168.839,5.62797,351.846,136.886,0.123831,0.0546615,0.202634,0.00267234,0.0890779
affc345baad9,10,"n_particles: 25, range_std: 0.19",labdesktop,2026-09-20T10:04:25+00:00,1073b69d29e5,25,0.19,0.0384501,0.133333,0,0.45,0.0808222,0.679219,0.254167,211.958,7.06525,33.4385,9.68896,0.0444626,0.0397353,0.0331061,0.00247969,0.0826565
16f51c61c6d0,11,"n_particles: 25, range_std: 0.19",labdesktop,2026-09-20T10:04:25+00:00,1073b69d29e5,25,0.19,0.0619684,0.2,0,0.466667,0.0703417,0.712012,0.085912,210.137,7.00458,28299.4,213.52,0.103952,0.0386837,0.0688932,0.00252107,0.0840356
2c56cc0d2bc8,12,"n_particles: 25, range_std: 0.19",labdesktop,2026-09-20T10:04:25+00:00,1073b69d29e5,25,0.19,0.0329488,0.166667,0,0.496,0.081458,0.690774,0.171186,184.373,6.14577,1111.67,299.464,0.101706,0.0438481,0.104711,0.00254854,0.0849512
8d9071f3683b,13,"n_particles: 25, range_std: 0.19",labdesktop,2026-09-20T10:04:25+00:00,1073b69d29e5,25,0.19,0.0264138,0.266667,0,0.49,0.0739554,0.674127,0.307989,20.3213,0.677377,11456.8,3819.11,0.361327,0.100717,0.588685,0.00268591,0.0895303
08a2c2b73694,14,"n_particles: 25, range_std: 0.19",labdesktop,2026-09-20T10:04:25+00:00,1073b69d29e5,25,0.19,0.0443786,0.3,0,0.493333,0.0721143,0.669916,0.160284,124.938,4.1646,860.197,577.859,0.179797,0.0618458,0.291693,0.00277619,0.0925396
7c2406c69465,15,"n_particles: 25, range_std: 0.19",labdesktop,2026-09-20T10:04:25+00:00,1073b69d29e5,25,0.19,0.0436276,0.333333,0,0.52,0.07512,0.605969,0.267185,-289.025,-9.63418,47740.3,32138.7,0.598302,0.12592,0.944587,0.00273737,0.0912456
78e5b5d9dcdf,16,"n_particles: 25, range_std: 0.19",labdesktop,2026-09-20T10:04:25+00:00,1073b69d29e5,25,0.19,0.0417888,0.233333,0,0.525714,0.0782165,0.667206,0.227876,188.311,6.27704,942.671,403.317,0.173724,0.0531897,0.316945,0.00265135,0.0883785
06bafbab693d,17,"n_particles: 25, range_std: 0.19",labdesktop,2026-09-20T10:04:25+00:00,1073b69d29e5,25,0.19,0.0442318,0.3,0,0.524444,0.0760382,0.630333,0.252366,99.0677,3.30226,5141.27,1460.95,0.305234,0.100155,0.547393,0.00270964,0.0903215
e431c05ed2e0,18,"n_particles: 25, range_std: 0.19",labdesktop,2026-09-20T10:04:25+00:00,1073b69d29e5,25,0.19,0.247327,0.266667,0,0.475,0.0695623,0.651091,0.248202,-411.219,-13.7073,98856.1,53710.3,0.640916,0.177047,1.02979,0.00268456,0.0894852
b013443479ed,19,"n_particles: 25, range_std: 0.19",labdesktop,2026-09-20T10:04:25+00:00,1073b69d29e5,25,0.19,0.0523921,0.233333,0,0.502857,0.0796494,0.621585,0.24884,215.538,7.1846,33.9106,7.52836,0.0739976,0.049732,0.0304399,0.00259244,0.0864147
82b8bf39edcd,0,"n_particles: 25, range_std: 0.253",labdesktop,2026-09-20T10:04:25+00:00,1073b69d29e5,25,0.253,0.0580555,0.266667,0,0.505,0.0697894,0.690863,0.273378,161.39,5.37967,424.598,294.785,0.211915,0.0793039,0.384097,0.00273734,0.0912448
7d9996937abc,1,"n_particles: 25, range_std: 0.253",labdesktop,2026-09-20T10:04:25+00:00,1073b69d29e5,25,0.253,0.0635027,0.233333,0,0.48,0.0669531,0.691295,0.194763,200.062,6.66874,39.0414,33.8636,0.0960775,0.070752,0.0817224,0.0027939,0.09313
a9c01d2f93e2,2,"n_particles: 25, range_std: 0.253",labdesktop,2026-09-20T10:04:25+00:00,1073b69d29e5,25,0.253,0.0514512,0.233333,0,0.502857,0.0690468,0.706247,0.179633,176.837,5.89457,250.223,135.224,0.119135,0.068859,0.102625,0.00269382,0.089794
85dcdd289b01,3,"n_particles: 25, range_std: 0.253",labdesktop,2026-09-20T10:04:25+00:00,1073b69d29e5,25,0.253,0.0377886,0.166667,0,0.528,0.0842046,0.685826,0.180697,172.477,5.74924,132.478,69.2175,0.109602,0.0677573,0.132806,0.00258765,0.086255
cde2140e4982,4,"n_particles: 25, range_std: 0.253",labdesktop,2026-09-20T10:04:25+00:00,1073b69d29e5,25,0.253,0.144945,0.2,0,0.386667,0.0727672,0.724194,0.0400117,176.226,5.87419,2.03461e+06,787.813,0.153781,0.0992372,0.0239006,0.00260276,0.0867587
042df2aecb4d,5,"n_particles: 25, range_std: 0.253",labdesktop,2026-09-20T10:04:25+00:00,1073b69d29e5,25,0.253,0.0553647,0.166667,0,0.408,0.0800005,0.653719,0.16398,208.823,6.96077,50.8652,35.2675,0.0694985,0.0480674,0.0718495,0.00254614,0.0848715
dab51056372e,6,"n_particles: 25, range_std: 0.253",labdesktop,2026-09-20T10:04:25+00:00,1073b69d29e5,25,0.253,0.11894,0.2,0,0.413333,0.0720012,0.716017,0.0486735,173.159,5.77197,38542.2,42.0845,0.181797,0.0381984,0.309476,0.0025416,0.08472
6d1f0665fd94,7,"n_particles: 25, range_std: 0.253",labdesktop,2026-09-20T10:04:25+00:00,1073b69d29e5,25,0.253,0.0443563,0.233333,0,0.48,0.0717805,0.631644,0.17405,185.49,6.18299,478.19,214.194,0.142851,0.0628537,0.213829,0.00259185,0.0863952
c8915b1341f8,8,"n_particles: 25, range_std: 0.253",labdesktop,2026-09-20T10:04:25+00:00,1073b69d29e5,25,0.253,0.0369376,0.366667,0,0.472727,0.0702097,0.618801,0.242956,-587.884,-19.5961,256367,24462.6,0.855128,0.246047,1.55416,0.00282184,0.0940613
1d2248fe1756,9,"n_particles: 25, range_std: 0.253",labdesktop,2026-09-20T10:04:25+00:00,1073b69d29e5,25,0.253,0.0685789,0.2,0,0.513333,0.0831736,0.659714,0.228238,182.099,6.06997,88.2268,74.0362,0.108428,0.0414339,0.165802,0.00256291,0.0854304
967ee40ef473,10,"n_particles: 25, range_std: 0.253",labdesktop,2026-09-20T10:04:25+00:00,1073b69d29e5,25,0.253,0.0336987,0.133333,0,0.47,0.0723218,0.742534,0.296454,204.589,6.81963,34.0904,6.40713,0.0394557,0.0411329,0.0324766,0.00247682,0.0825606
691a6c173840,11,"n_particles: 25, range_std: 0.253",labdesktop,2026-09-20T10:04:25+00:00,1073b69d29e5,25,0.253,0.0453814,0.233333,0,0.497143,0.0658994,0.708811,0.286339,206.165,6.87217,99.6502,87.5945,0.0949867,0.0298933,0.0823319,0.0027898,0.0929933
473c25676bab,12,"n_particles: 25, range_std: 0.253",labdesktop,2026-09-20T10:04:25+00:00,1073b69d29e5,25,0.253,0.0393605,0.166667,0,0.576,0.0852256,0.629036,0.190352,188.035,6.26782,18.1726,3.71037,0.0860866,0.0284912,0.0351812,0.00248094,0.082698
bd84327ffb0a,13,"n_particles: 25, range_std: 0.253",labdesktop,2026-09-20T10:04:25+00:00,1073b69d29e5,25,0.253,0.0246677,0.233333,0,0.531429,0.0736373,0.697185,0.363327,80.3053,2.67684,8761.93,1864.85,0.356632,0.0919427,0.579253,0.00263737,0.0879123
c273ece17f12,14,"n_particles: 25, range_std: 0.253",labdesktop,2026-09-20T10:04:25+00:00,1073b69d29e5,25,0.253,0.095863,0.266667,0,0.44,0.0796933,0.613014,0.0598254,155.084,5.16947,196.173,45.5489,0.142615,0.0714359,0.17082,0.00264382,0.0881274
1bbf9370f446,15,"n_particles: 25, range_std: 0.253",labdesktop,2026-09-20T10:04:25+00:00,1073b69d29e5,25,0.253,0.0443794,0.3,0,0.506667,0.0785258,0.624854,0.202443,-166.651,-5.55504,60241.7,29426.8,0.598146,0.134199,0.959322,0.00269518,0.0898394
56a24e18a544,16,"n_particles: 25, range_std: 0.253",labdesktop,2026-09-20T10:04:25+00:00,1073b69d29e5,25,0.253,0.0757697,0.233333,0,0.451429,0.0735822,0.682225,0.132209,193.515,6.45051,6.4471,2.24432,0.095236,0.041535,0.078832,0.00260527,0.0868423
f6eb9b76ea35,17,"n_particles: 25, range_std: 0.253",labdesktop,2026-09-20T10:04:25+00:00,1073b69d29e5,25,0.253,0.0424748,0.233333,0,0.537143,0.081458,0.645561,0.334655,124.039,4.13465,3688.9,529.478,0.316069,0.0993138,0.56937,0.00262645,0.0875482
ebbf43da4a09,18,"n_particles: 25, range_std: 0.253",labdesktop,2026-09-20T10:04:25+00:00,1073b69d29e5,25,0.253,0.0756202,0.233333,0,0.497143,0.068358,0.711061,0.280778,151.716,5.05721,92038.2,926.607,0.267871,0.128154,0.481384,0.00262221,0.0874069
77ceb7d37280,19,"n_particles: 25, range_std: 0.253",labdesktop,2026-09-20T10:04:25+00:00,1073b69d29e5,25,0.253,0.0408234,0.2,0,0.526667,0.0680852,0.70392,0.30606,204.904,6.83013,33.2661,29.3569,0.067498,0.0438816,0.0623229,0.00260246,0.0867488
3031f3f7d509,0,"n_particles: 25, range_std: 0.337",labdesktop,2026-09-20T10:04:25+00:00,1073b69d29e5,25,0.337,0.0727258,0.233333,0,0.468571,0.0685526,0.698113,0.238666,154.171,5.13904,616.121,583.301,0.212544,0.0791096,0.388063,0.00259257,0.086419
ace03c872053,1,"n_particles: 25, range_std: 0.337",labdesktop,2026-09-20T10:04:25+00:00,1073b69d29e5,25,0.337,0.0631399,0.2,0,0.553333,0.0692943,0.706735,0.362843,180.685,6.02284,31.5046,32.7311,0.0952793,0.0476231,0.0775143,0.00265282,0.0884272
3af4aa3c9a8c,2,"n_particles: 25, range_std: 0.337",labdesktop,2026-09-20T10:04:25+00:00,1073b69d29e5,25,0.337,0.0613887,0.233333,0,0.468571,0.0677023,0.738435,0.233048,163.14,5.438,376.63,248.959,0.134134,0.068834,0.114091,0.00259557,0.0865191
8b2b8ca2632a,3,"n_particles: 25, range_std: 0.337",labdesktop,2026-09-20T10:04:25+00:00,1073b69d29e5,25,0.337,0.0433458,0.2,0,0.5,0.0800928,0.696152,0.236368,156.819,5.22729,99.3353,59.2513,0.105843,0.0757428,0.0836318,0.00254962,0.0849872
662d1c197d47,4,"n_particles: 25, range_std: 0.337",labdesktop,2026-09-20T10:04:25+00:00,1073b69d29e5,25,0.337,0.154137,0.2,0,0.433333,0.0740466,0.713796,0.041037,158.526,5.28422,2.49718e+06,909.322,0.175002,0.0961896,0.0782767,0.00256005,0.0853349
ee228495129a,5,"n_particles: 25, range_std: 0.337",labdesktop,2026-09-20T10:04:25+00:00,1073b69d29e5,25,0.337,0.04771,0.166667,0,0.456,0.0729958,0.689361,0.171077,190.837,6.36123,50.3374,16.5364,0.0571041,0.0404641,0.0511977,0.00253676,0.0845586
7050ac0c4dd1,6,"n_particles: 25, range_std: 0.337",labdesktop,2026-09-20T10:04:25+00:00,1073b69d29e5,25,0.337,0.0811666,0.333333,0,0.548,0.0721509,0.63812,0.32057,157.81,5.26033,1118.53,67.5379,0.17716,0.0268112,0.241072,0.00274904,0.0916346
ba93d0997400,7,"n_particles: 25, range_std: 0.337",labdesktop,2026-09-20T10:04:25+00:00,1073b69d29e5,25,0.337,0.038881,0.233333,0,0.485714,0.0709273,0.706778,0.195426,169.904,5.66346,335.186,299.213,0.151272,0.043893,0.244426,0.00260052,0.086684
034d70a1e725,8,"n_particles: 25, range_std: 0.337",labdesktop,2026-09-20T10:04:25+00:00,1073b69d29e5,25,0.337,0.109387,0.233333,0,0.468571,0.0664479,0.704164,0.0401108,128.584,4.28615,660271,2368.87,0.256933,0.135953,0.436249,0.00258935,0.0863116
8d2749eb4729,9,"n_particles: 25, range_std: 0.337",labdesktop,2026-09-20T10:04:25+00:00,1073b69d29e5,25,0.337,0.0691269,0.233333,0,0.525714,0.0749316,0.664606,0.272922,171.268,5.70893,65.1853,50.6154,0.113047,0.0489599,0.172399,0.00260326,0.0867752
9cf7a98bb065,10,"n_particles: 25, range_std: 0.337",labdesktop,2026-09-20T10:04:25+00:00,1073b69d29e5,25,0.337,0.0549601,0.166667,0,0.528,0.07909,0.671572,0.341935,184.671,6.15572,34.3456,12.3349,0.0625673,0.0440777,0.0365509,0.00248166,0.082722
bbab9cc5c1d3,11,"n_particles: 25, range_std: 0.337",labdesktop,2026-09-20T10:04:25+00:00,1073b69d29e5,25,0.337,0.0360851,0.2,0,0.533333,0.0849725,0.657178,0.325363,186.751,6.22504,68.2526,28.8232,0.109699,0.0241829,0.136347,0.00252106,0.0840353
085c8feefb7e,12,"n_particles: 25, range_std: 0.337",labdesktop,2026-09-20T10:04:25+00:00,1073b69d29e5,25,0.337,0.0254489,0.166667,0,0.52,0.0736031,0.716165,0.223388,170.254,5.67512,182.395,135.559,0.106369,0.0433764,0.137931,0.002503,0.0834332
5169aa939d6c,13,"n_particles: 25, range_std: 0.337",labdesktop,2026-09-20T10:04:25+00:00,1073b69d29e5,25,0.337,0.0264714,0.233333,0,0.514286,0.0760227,0.683974,0.283735,91.1492,3.03831,10236.3,1147.41,0.367714,0.0965094,0.606094,0.00264903,0.0883009
9cef050e8e9d,14,"n_particles: 25, range_std: 0.337",labdesktop,2026-09-20T10:04:25+00:00,1073b69d29e5,25,0.337,0.131599,0.3,0,0.382222,0.069063,0.637971,0.0843272,142.715,4.75716,1192.38,306.274,0.150933,0.0533172,0.169286,0.00271356,0.0904521
4e72daadc6c3,15,"n_particles: 25, range_std: 0.337",labdesktop,2026-09-20T10:04:25+00:00,1073b69d29e5,25,0.337,0.0558967,0.2,0,0.493333,0.0816416,0.675721,0.225867,173.157,5.77189,69.0142,76.4508,0.100657,0.0726716,0.074062,0.00260146,0.0867154
e9908f6a93a6,16,"n_particles: 25, range_std: 0.337",labdesktop,2026-09-20T10:04:25+00:00,1073b69d29e5,25,0.337,0.0852527,0.233333,0,0.491429,0.0702557,0.687823,0.178981,175.332,5.8444,8.61364,4.96993,0.141966,0.0470641,0.229564,0.00255294,0.0850979
eb3fbc67e513,17,"n_particles: 25, range_std: 0.337",labdesktop,2026-09-20T10:04:25+00:00,1073b69d29e5,25,0.337,0.0419186,0.233333,0,0.52,0.0735084,0.675995,0.372924,127.766,4.25888,1878.41,853.521,0.315546,0.0954796,0.569001,0.00260457,0.0868191
e7c6de227a24,18,"n_particles: 25, range_std: 0.337",labdesktop,2026-09-20T10:04:25+00:00,1073b69d29e5,25,0.337,0.072797,0.233333,0,0.508571,0.0715106,0.64245,0.183893,118.982,3.96606,1527.47,1141.52,0.27522,0.111516,0.488967,0.00259644,0.0865481
708cb3273039,19,"n_particles: 25, range_std: 0.337",labdesktop,2026-09-20T10:04:25+00:00,1073b69d29e5,25,0.337,0.0453056,0.166667,0,0.52,0.0793257,0.695217,0.217777,183.179,6.10597,22.9959,12.6171,0.0597907,0.0387078,0.0374007,0.00248503,0.0828342
f1754df6723f,0,"n_particles: 25, range_std: 0.45",labdesktop,2026-09-20T10:04:25+00:00,1073b69d29e5,25,0.45,0.0768702,0.266667,0,0.46,0.0672592,0.671061,0.169891,144.859,4.82864,134.627,131.657,0.115246,0.0616772,0.152451,0.00267507,0.0891691
d6f67d5ebcd2,1,"n_particles: 25, range_std: 0.45",labdesktop,2026-09-20T10:04:25+00:00,1073b69d29e5,25,0.45,0.0507116,0.233333,0,0.571429,0.0757791,0.678048,0.397898,154.727,5.15756,35.7796,26.5243,0.0947304,0.0350977,0.0822971,0.00264296,0.0880987
99357c00db31,2,"n_particles: 25, range_std: 0.45",labdesktop,2026-09-20T10:04:25+00:00,1073b69d29e5,25,0.45,0.055523,0.233333,0,0.508571,0.0801788,0.598263,0.23321,146.253,4.87511,227.027,81.8833,0.11485,0.0624798,0.090335,0.00258159,0.086053
c9238e374588,3,"n_particles: 25, range_std: 0.45",labdesktop,2026-09-20T10:04:25+00:00,1073b69d29e5,25,0.45,0.0470254,0.2,0,0.526667,0.0834798,0.697545,0.274073,135.158,4.50527,52.0338,40.9189,0.104251,0.069604,0.108416,0.00259798,0.0865995
20f02420c4bc,4,"n_particles: 25, range_std: 0.45",labdesktop,2026-09-20T10:04:25+00:00,1073b69d29e5,25,0.45,0.0862939,0.266667,0,0.465,0.0794897,0.634984,0.0974289,135.101,4.50337,1257.26,451.846,0.152223,0.0597158,0.144216,0.00273672,0.091224
d33915c15cce,5,"n_particles: 25, range_std: 0.45",labdesktop,2026-09-20T10:04:25+00:00,1073b69d29e5,25,0.45,0.0402205,0.166667,0,0.472,0.071877,0.681627,0.261392,166.369,5.54562,42.733,21.6854,0.0593006,0.0440301,0.0645202,0.00247783,0.0825944
ec084625f7d1,6,"n_particles: 25, range_std: 0.45",labdesktop,2026-09-20T10:04:25+00:00,1073b69d29e5,25,0.45,0.142068,0.2,0,0.466667,0.0694359,0.721781,0.168639,137.443,4.58145,1.73694e+06,57.2452,0.219436,0.0404026,0.393141,0.00252368,0.0841226
65ca42444818,7,"n_particles: 25, range_std: 0.45",labdesktop,2026-09-20T10:04:25+00:00,1073b69d29e5,25,0.45,0.0606795,0.233333,0,0.468571,0.0691309,0.709233,0.213947,143.029,4.76763,415.459,204.436,0.184782,0.0472559,0.29106,0.00260199,0.086733
c9f283edfb2f,8,"n_particles: 25, range_std: 0.45",labdesktop,2026-09-20T10:04:25+00:00,1073b69d29e5,25,0.45,0.054692,0.166667,0,0.512,0.0799197,0.685487,0.346617,136.587,4.55289,418.476,250.242,0.172132,0.0487922,0.258156,0.0024788,0.0826267
1d33c3ad3e45,9,"n_particles: 25, range_std: 0.45",labdesktop,2026-09-20T10:04:25+00:00,1073b69d29e5,25,0.45,0.0731051,0.2,0,0.54,0.0743096,0.703629,0.409916,148.897,4.96325,86.4345,57.0657,0.12634,0.0534514,0.199222,0.00254603,0.0848678
accfa2025afc,10,"n_particles: 25, range_std: 0.45",labdesktop,2026-09-20T10:04:25+00:00,1073b69d29e5,25,0.45,0.0730591,0.166667,0,0.496,0.0809439,0.653829,0.239354,158.712,5.2904,49.0707,6.24455,0.0809277,0.047917,0.0179967,0.00250571,0.0835236
5dcc002916ad,11,"n_particles: 25, range_std: 0.45",labdesktop,2026-09-20T10:04:25+00:00,1073b69d29e5,25,0.45,0.0320575,0.2,0,0.533333,0.0708495,0.681156,0.310103,162.802,5.42674,52.0524,17.9919,0.103803,0.0196685,0.122313,0.00254524,0.0848414
4561510cebdc,12,"n_particles: 25, range_std: 0.45",labdesktop,2026-09-20T10:04:25+00:00,1073b69d29e5,25,0.45,0.0537415,0.2,0,0.526667,0.0722581,0.687736,0.20629,148.268,4.94228,281.692,160.764,0.102069,0.0432026,0.143975,0.00252899,0.0842996
3e2f21771b0c,13,"n_particles: 25, range_std: 0.45",labdesktop,2026-09-20T10:04:25+00:00,1073b69d29e5,25,0.45,0.0241303,0.2,0,0.52,0.0804698,0.642188,0.253471,88.1498,2.93833,3692.08,2163.36,0.364284,0.0961553,0.605144,0.00255135,0.0850449
c982c18e1c88,14,"n_particles: 25, range_std: 0.45",labdesktop,2026-09-20T10:04:25+00:00,1073b69d29e5,25,0.45,0.0690283,0.2,0,0.506667,0.0798028,0.659997,0.225332,118.294,3.94314,488.818,121.038,0.246084,0.0892533,0.457034,0.00256121,0.0853738
0625fa50be99,15,"n_particles: 25, range_std: 0.45",labdesktop,2026-09-20T10:04:25+00:00,1073b69d29e5,25,0.45,0.0621303,0.2,0,0.466667,0.0745847,0.669792,0.100723,143.695,4.78985,265.731,144.342,0.113211,0.087211,0.148123,0.00257717,0.0859058
b4959ce78a5e,16,"n_particles: 25, range_std: 0.45",labdesktop,2026-09-20T10:04:25+00:00,1073b69d29e5,25,0.45,0.157341,0.333333,0,0.536,0.0667438,0.650876,0.172721,152.594,5.08647,6.92256,3.01623,0.157865,0.0506448,0.369933,0.00274758,0.091586
5d14c68c024b,17,"n_particles: 25, range_std: 0.45",labdesktop,2026-09-20T10:04:25+00:00,1073b69d29e5,25,0.45,0.0436263,0.2,0,0.486667,0.0773318,0.68147,0.338742,115,3.83333,1397.43,504.64,0.31345,0.0953454,0.573392,0.00256814,0.0856046
c0de80d28b31,18,"n_particles: 25, range_std: 0.45",labdesktop,2026-09-20T10:04:25+00:00,1073b69d29e5,25,0.45,0.0940253,0.233333,0,0.491429,0.065248,0.682021,0.181425,134.551,4.48503,875.918,94.7055,0.272715,0.106454,0.516959,0.0026284,0.0876135
f2e874b68398,19,"n_particles: 25, range_std: 0.45",labdesktop,2026-09-20T10:04:25+00:00,1073b69d29e5,25,0.45,0.0587128,0.233333,0,0.577143,0.0785133,0.676004,0.377775,144.167,4.80556,263.101,90.0166,0.200689,0.0585381,0.367907,0.00258013,0.0860043
703713e1632e,0,"n_particles: 25, range_std: 0.6",labdesktop,2026-09-20T10:04:25+00:00,1073b69d29e5,25,0.6,0.0664403,0.3,0,0.52,0.0709956,0.623636,0.253146,119.617,3.98723,29.1852,30.6565,0.0857281,0.0464796,0.0807522,0.00268936,0.0896453
61c3276e471c,1,"n_particles: 25, range_std: 0.6",labdesktop,2026-09-20T10:04:25+00:00,1073b69d29e5,25,0.6,0.057744,0.2,0,0.506667,0.0751136,0.693242,0.226674,126.551,4.21837,42.4673,35.3988,0.101746,0.0676996,0.0698983,0.00256021,0.0853403
8807870f6f96,2,"n_particles: 25, range_std: 0.6",labdesktop,2026-09-20T10:04:25+00:00,1073b69d29e5,25,0.6,0.0765496,0.2,0,0.506667,0.0667392,0.687607,0.0925849,126.328,4.21095,160.863,104.395,0.105232,0.0569972,0.0314849,0.00250742,0.0835807
f63d4aa1fc68,3,"n_particles: 25, range_std: 0.6",labdesktop,2026-09-20T10:04:25+00:00,1073b69d29e5,25,0.6,0.0534863,0.2,0,0.52,0.0830159,0.6938,0.251756,106.146,3.5382,47.6461,40.2029,0.110387,0.0703697,0.121405,0.00252845,0.0842817
b39d68879ef6,4,"n_particles: 25, range_std: 0.6",labdesktop,2026-09-20T10:04:25+00:00,1073b69d29e5,25,0.6,0.113015,0.3,0,0.546667,0.0646604,0.661168,0.211856,115.367,3.84556,615.732,535.714,0.143105,0.0667106,0.0151855,0.00272407,0.0908023
b507b5855924,5,"n_particles: 25, range_std: 0.6",labdesktop,2026-09-20T10:04:25+00:00,1073b69d29e5,25,0.6,0.0377735,0.2,0,0.513333,0.0784426,0.657246,0.26717,137.292,4.57641,37.6921,21.6704,0.05591,0.0423072,0.0524314,0.00262125,0.087375
abdd5ba31edd,6,"n_particles: 25, range_std: 0.6",labdesktop,2026-09-20T10:04:25+00:00,1073b69d29e5,25,0.6,0.119932,0.166667,0,0.432,0.071326,0.710467,0.118767,121.639,4.05463,230.254,17.5834,0.179586,0.0312512,0.297317,0.00253632,0.0845438
0b2f0873d8df,7,"n_particles: 25, range_std: 0.6",labdesktop,2026-09-20T10:04:25+00:00,1073b69d29e5,25,0.6,0.0655496,0.233333,0,0.428571,0.0763581,0.664072,0.200143,119.98,3.99934,149.147,110.749,0.171386,0.0443667,0.238377,0.00261697,0.0872322
9fe6bba0bcf9,8,"n_particles: 25, range_std: 0.6",labdesktop,2026-09-20T10:04:25+00:00,1073b69d29e5,25,0.6,0.0561114,0.2,0,0.493333,0.0803289,0.652095,0.305568,111.642,3.72141,276.074,256.826,0.167994,0.0343308,0.238745,0.00252834,0.0842781
8e8a7306bba0,9,"n_particles: 25, range_std: 0.6",labdesktop,2026-09-20T10:04:25+00:00,1073b69d29e5,25,0.6,0.0688115,0.166667,0,0.56,0.0763956,0.704257,0.323879,123.369,4.11231,93.8743,55.3905,0.117609,0.0484101,0.181734,0.00250866,0.0836221
3e2b019df80c,10,"n_particles: 25, range_std: 0.6",labdesktop,2026-09-20T10:04:25+00:00,1073b69d29e5,25,0.6,0.0897475,0.133333,0,0.4,0.0683342,0.740746,0.0795091,129.635,4.32116,50377.5,5.66863,0.105383,0.0502196,0.0201026,0.00245898,0.0819659
ae9b2022a3a4,11,"n_particles: 25, range_std: 0.6",labdesktop,2026-09-20T10:04:25+00:00,1073b69d29e5,25,0.6,0.0294637,0.166667,0,0.504,0.0843172,0.63261,0.293578,134.662,4.48875,40.3027,21.8904,0.101708,0.0192893,0.108637,0.00250391,0.0834637
5a9a8139b6fb,12,"n_particles: 25, range_std: 0.6",labdesktop,2026-09-20T10:04:25+00:00,1073b69d29e5,25,0.6,0.0910065,0.233333,0,0.497143,0.072403,0.664238,0.197414,116.421,3.88071,46.6183,26.9463,0.118645,0.0483977,0.127907,0.00283111,0.0943703
0dc4b64308fe,13,"n_particles: 25, range_std: 0.6",labdesktop,2026-09-20T10:04:25+00:00,1073b69d29e5,25,0.6,0.0286702,0.2,0,0.493333,0.0801394,0.630821,0.254332,68.1598,2.27199,4429.62,3350.45,0.367628,0.0979464,0.596971,0.00262679,0.0875598
8f14320fc694,14,"n_particles: 25, range_std: 0.6",labdesktop,2026-09-20T10:04:25+00:00,1073b69d29e5,25,0.6,0.0769756,0.2,0,0.44,0.081758,0.640822,0.101747,102.528,3.4176,251.357,141.148,0.221809,0.0840033,0.356628,0.00258358,0.0861192
371f1eb7e4d8,15,"n_particles: 25, range_std: 0.6",labdesktop,2026-09-20T10:04:25+00:00,1073b69d29e5,25,0.6,0.0544111,0.233333,0,0.457143,0.0715342,0.684973,0.182241,-115.44,-3.84799,35049.8,17287,0.61023,0.133276,0.986808,0.00261542,0.0871808
bc8f23d06642,16,"n_particles: 25, range_std: 0.6",labdesktop,2026-09-20T10:04:25+00:00,1073b69d29e5,25,0.6,0.0807253,0.233333,0,0.497143,0.0689408,0.708291,0.208088,130.89,4.363,543.776,16.1637,0.178764,0.0500307,0.320952,0.00267207,0.0890691
79e581f76bb0,17,"n_particles: 25, range_std: 0.6",labdesktop,2026-09-20T10:04:25+00:00,1073b69d29e5,25,0.6,0.0481251,0.233333,0,0.491429,0.0665652,0.700934,0.315925,94.0116,3.13372,836.863,494.846,0.302912,0.0918156,0.54206,0.00262054,0.0873513
21c6edafc3d5,18,"n_particles: 25, range_std: 0.6",labdesktop,2026-09-20T10:04:25+00:00,1073b69d29e5,25,0.6,0.0860294,0.233333,0,0.485714,0.0655786,0.681714,0.184733,110.036,3.66787,643.577,391.278,0.275351,0.112168,0.52113,0.00258544,0.0861812
d6b76ad30dea,19,"n_particles: 25, range_std: 0.6",labdesktop,2026-09-20T10:04:25+00:00,1073b69d29e5,25,0.6,0.0450967,0.233333,0,0.525714,0.0743218,0.675589,0.35131,125.912,4.19706,23.3349,13.5925,0.0800393,0.0351438,0.0859134,0.00261202,0.0870674
8405f4492f30,0,"n_particles: 25, range_std: 0.8",labdesktop,2026-09-20T10:04:25+00:00,1073b69d29e5,25,0.8,0.0823326,0.233333,0,0.514286,0.0783777,0.646644,0.360809,83.9091,2.79697,155.436,90.9939,0.181803,0.0745805,0.323655,0.00277828,0.0926092
1163f51d7f77,1,"n_particles: 25, range_std: 0.8",labdesktop,2026-09-20T10:04:25+00:00,1073b69d29e5,25,0.8,0.0519178,0.166667,0,0.512,0.0769505,0.694026,0.225652,95.0181,3.16727,42.2052,35.6923,0.10395,0.0687508,0.0712351,0.00264558,0.088186
cc8682c26dc6,2,"n_particles: 25, range_std: 0.8",labdesktop,2026-09-20T10:04:25+00:00,1073b69d29e5,25,0.8,0.0718576,0.166667,0,0.48,0.066264,0.769551,0.253783,95.8472,3.19491,175.772,53.0875,0.0745268,0.0757004,0.0503446,0.00259742,0.0865805
26ab844cc2bb,3,"n_particles: 25, range_std: 0.8",labdesktop,2026-09-20T10:04:25+00:00,1073b69d29e5,25,0.8,0.133375,0.233333,0,0.451429,0.0769073,0.607818,0.0479548,74.0649,2.46883,16218.6,64.8293,0.141222,0.101464,0.0954091,0.00272342,0.0907805
84410a065496,4,"n_particles: 25, range_std: 0.8",labdesktop,2026-09-20T10:04:25+00:00,1073b69d29e5,25,0.8,0.0724642,0.333333,0,0.504,0.0700605,0.615127,0.201116,-229.801,-7.66005,37513.1,28509.8,0.721059,0.172339,1.26638,0.00283193,0.0943976
f7cbf7336f14,5,"n_particles: 25, range_std: 0.8",labdesktop,2026-09-20T10:04:25+00:00,1073b69d29e5,25,0.8,0.0372226,0.2,0,0.486667,0.0684772,0.748441,0.324566,106.196,3.53988,27.7573,16.5021,0.0560621,0.0432988,0.0348143,0.00259513,0.0865045
21fad111340e,6,"n_particles: 25, range_std: 0.8",labdesktop,2026-09-20T10:04:25+00:00,1073b69d29e5,25,0.8,0.12439,0.166667,0,0.416,0.069634,0.730793,0.0924735,90.5815,3.01938,1003.41,38.7416,0.186363,0.0333854,0.311447,0.0026365,0.0878834
f5fe3c4e2cbb,7,"n_particles: 25, range_std: 0.8",labdesktop,2026-09-20T10:04:25+00:00,1073b69d29e5,25,0.8,0.0868222,0.3,0,0.506667,0.0716861,0.638144,0.227074,87.7153,2.92384,167.214,180.655,0.202597,0.0411961,0.27594,0.00272167,0.0907222
f8f3f666b27b,8,"n_particles: 25, range_std: 0.8",labdesktop,2026-09-20T10:04:25+00:00,1073b69d29e5,25,0.8,0.0717717,0.233333,0,0.48,0.0815691,0.59568,0.219282,80.821,2.69403,72.7904,36.6303,0.144377,0.03519,0.227476,0.00268508,0.0895027
6e7e9fccf787,9,"n_particles: 25, range_std: 0.8",labdesktop,2026-09-20T10:04:25+00:00,1073b69d29e5,25,0.8,0.0697746,0.233333,0,0.542857,0.0688018,0.716017,0.255944,92.6737,3.08912,117.751,52.2071,0.12488,0.0517883,0.193864,0.00271231,0.0904103
37b3c9cce9ab,10,"n_particles: 25, range_std: 0.8",labdesktop,2026-09-20T10:04:25+00:00,1073b69d29e5,25,0.8,0.103506,0.133333,0,0.4,0.0657086,0.76183,0.0482504,96.6132,3.22044,388.862,44.2483,0.121647,0.052672,0.0589652,0.00256493,0.0854977
51c579b9b628,11,"n_particles: 25, range_std: 0.8",labdesktop,2026-09-20T10:04:25+00:00,1073b69d29e5,25,0.8,0.0347371,0.166667,0,0.504,0.0787527,0.642701,0.268909,102.49,3.41635,69.8825,28.1029,0.111957,0.0188769,0.13478,0.00253159,0.0843865
5364a4be6495,12,"n_particles: 25, range_std: 0.8",labdesktop,2026-09-20T10:04:25+00:00,1073b69d29e5,25,0.8,0.0373502,0.166667,0,0.504,0.0816182,0.719119,0.165599,86.5828,2.88609,1097.22,159.166,0.140715,0.0448897,0.130468,0.0025911,0.0863701
6b0553c5cbde,13,"n_particles: 25, range_std: 0.8",labdesktop,2026-09-20T10:04:25+00:00,1073b69d29e5,25,0.8,0.0294757,0.233333,0,0.542857,0.0742215,0.72543,0.251027,45.3028,1.51009,1912.58,1346.01,0.3651,0.0992422,0.601679,0.00276782,0.0922608
dfd1743b1b78,14,"n_particles: 25, range_std: 0.8",labdesktop,2026-09-20T10:04:25+00:00,1073b69d29e5,25,0.8,0.0797706,0.166667,0,0.456,0.0761308,0.633336,0.216236,96.109,3.20363,97.5901,82.1797,0.0888196,0.0675576,0.0210877,0.00261387,0.0871289
5841c062c9c8,15,"n_particles: 25, range_std: 0.8",labdesktop,2026-09-20T10:04:25+00:00,1073b69d29e5,25,0.8,0.0915094,0.2,0,0.486667,0.0640943,0.738479,0.198504,82.9449,2.76483,3350.47,824.319,0.165422,0.0679412,0.108924,0.00256047,0.085349
04c9c79f1aec,16,"n_particles: 25, range_std: 0.8",labdesktop,2026-09-20T10:04:25+00:00,1073b69d29e5,25,0.8,0.0907633,0.266667,0,0.525,0.0694433,0.681948,0.139856,101.977,3.39924,17.1764,4.03834,0.126272,0.0414017,0.297169,0.00280017,0.093339
c637d2e827fa,17,"n_particles: 25, range_std: 0.8",labdesktop,2026-09-20T10:04:25+00:00,1073b69d29e5,25,0.8,0.0474864,0.2,0,0.506667,0.0744005,0.705363,0.23709,65.6946,2.18982,589.379,600.973,0.30613,0.0909546,0.546236,0.00265514,0.0885047
13a134d25bf4,18,"n_particles: 25, range_std: 0.8",labdesktop,2026-09-20T10:04:25+00:00,1073b69d29e5,25,0.8,0.060014,0.2,0,0.533333,0.0701579,0.677329,0.280306,62.6063,2.08688,914.142,715.68,0.254807,0.0993283,0.463162,0.00266349,0.0887828
7cb298b9ab81,19,"n_particles: 25, range_std: 0.8",labdesktop,2026-09-20T10:04:25+00:00,1073b69d29e5,25,0.8,0.049245,0.233333,0,0.554286,0.0743794,0.670416,0.331026,93.6208,3.12069,29.0913,11.5878,0.103874,0.043478,0.123805,0.00260051,0.0866835
6e8924c8e412,0,"n_particles: 100, range_std: 0.08",labdesktop,2026-09-20T10:04:25+00:00,1073b69d29e5,100,0.08,0.0317422,0.433333,0,0.416923,0.0225714,0.526532,0.013711,2.32378,0.0774593,50.9484,36.9991,0.0535813,0.0266648,0.028131,0.00423875,0.141292
cd3efb44094d,1,"n_particles: 100, range_std: 0.08",labdesktop,2026-09-20T10:04:25+00:00,1073b69d29e5,100,0.08,0.0353294,0.433333,0,0.425385,0.021188,0.528075,0.0175021,37.2711,1.24237,370.639,86.7274,0.0661105,0.034619,0.0379352,0.00419861,0.139954
8e1084aafd9d,2,"n_particles: 100, range_std: 0.08",labdesktop,2026-09-20T10:04:25+00:00,1073b69d29e5,100,0.08,0.0424537,0.566667,0,0.477647,0.0193074,0.501185,0.0259885,-298.546,-9.95153,2968,1788.77,0.168378,0.0685992,0.252434,0.00460301,0.153434
03441e73d787,3,"n_particles: 100, range_std: 0.08",labdesktop,2026-09-20T10:04:25+00:00,1073b69d29e5,100,0.08,0.0390548,0.6,0,0.460556,0.0193409,0.443917,0.0102656,-882.723,-29.4241,82681.4,29953.2,0.384245,0.0924654,0.62387,0.00455896,0.151965
bca5af5d53a5,4,"n_particles: 100, range_std: 0.08",labdesktop,2026-09-20T10:04:25+00:00,1073b69d29e5,100,0.08,0.0521974,0.433333,0,0.401538,0.0178625,0.542874,0.0100107,-147.497,-4.91656,338796,2234.66,0.16069,0.0718404,0.223473,0.00416654,0.138885
05b42fe03c8a,5,"n_particles: 100, range_std: 0.08",labdesktop,2026-09-20T10:04:25+00:00,1073b69d29e5,100,0.08,0.0250433,0.333333,0,0.438,0.0235782,0.574118,0.0198295,-114.486,-3.8162,323956,3285.13,0.170664,0.034602,0.0199106,0.00393031,0.13101
3fdbf0f1ebd3,6,"n_particles: 100, range_std: 0.08",labdesktop,2026-09-20T10:04:25+00:00,1073b69d29e5,100,0.08,0.0316659,0.433333,0,0.425385,0.0200051,0.527691,0.0135258,-12.6226,-0.420755,5245.03,431.376,0.0894849,0.0334731,0.0570238,0.00432666,0.144222
75acf2eb93f9,7,"n_particles: 100, range_std: 0.08",labdesktop,2026-09-20T10:04:25+00:00,1073b69d29e5,100,0.08,0.0310468,0.633333,0,0.483684,0.0175429,0.458493,0.124708,-1963.72,-65.4573,200916,70748.5,0.566176,0.12632,0.905705,0.0046438,0.154793
8a5d2b44e981,8,"n_particles: 100, range_std: 0.08",labdesktop,2026-09-20T10:04:25+00:00,1073b69d29e5,100,0.08,0.0425717,0.633333,0,0.467368,0.0172849,0.459329,0.020052,-3730.66,-124.355,4.05742e+06,410709,0.817033,0.244392,1.44122,0.00482723,0.160908
3a74f1676abd,9,"n_particles: 100, range_std: 0.08",labdesktop,2026-09-20T10:04:25+00:00,1073b69d29e5,100,0.08,0.0305189,0.566667,0,0.418235,0.0208678,0.432901,0.0720667,-2452.81,-81.7602,369108,51916.7,0.621146,0.153822,1.045,0.00463964,0.154655
db43909ea2ea,10,"n_particles: 100, range_std: 0.08",labdesktop,2026-09-20T10:04:25+00:00,1073b69d29e5,100,0.08,0.038034,0.433333,0,0.451538,0.0194964,0.55601,0.089285,-66.944,-2.23147,2592.39,2295.8,0.177664,0.0327011,0.185917,0.00428046,0.142682
f87d40c4aa54,11,"n_particles: 100, range_std: 0.08",labdesktop,2026-09-20T10:04:25+00:00,1073b69d29e5,100,0.08,0.0317053,0.533333,0,0.48625,0.0181148,0.512283,0.0973556,-507.694,-16.9231,29817.7,6901.53,0.304621,0.0860234,0.52712,0.00445823,0.148608
4e787ff8b4e5,12,"n_particles: 100, range_std: 0.08",labdesktop,2026-09-20T10:04:25+00:00,1073b69d29e5,100,0.08,0.0295639,0.333333,0,0.421,0.0226534,0.594507,0.0282534,-84.0186,-2.80062,2539.27,271.392,0.0983317,0.0442844,0.126408,0.00392921,0.130974
59478da7ee6a,13,"n_particles: 100, range_std: 0.08",labdesktop,2026-09-20T10:04:25+00:00,1073b69d29e5,100,0.08,0.0552525,0.466667,0,0.475,0.0195178,0.541807,0.0655865,-8.63071,-0.28769,326.869,194.311,0.136003,0.0623129,0.0911539,0.00426724,0.142241
3d3a78ba9851,14,"n_particles: 100, range_std: 0.08",labdesktop,2026-09-20T10:04:25+00:00,1073b69d29e5,100,0.08,0.0458667,0.5,0,0.349333,0.0191385,0.480804,0.0117443,-146.834,-4.89447,494.867,59.1869,0.086878,0.050248,0.0442931,0.00437178,0.145726
eb7d71426965,15,"n_particles: 100, range_std: 0.08",labdesktop,2026-09-20T10:04:25+00:00,1073b69d29e5,100,0.08,0.035134,0.3,0,0.364444,0.0221001,0.591858,0.0579613,118.948,3.96494,96.2975,16.1082,0.0606584,0.0228498,0.0192669,0.00374133,0.124711
7c7f30c4c099,16,"n_particles: 100, range_std: 0.08",labdesktop,2026-09-20T10:04:25+00:00,1073b69d29e5,100,0.08,0.027403,0.4,0,0.475,0.0236771,0.55358,0.0859505,50.4577,1.68192,148.652,142.529,0.0801677,0.0480505,0.0563557,0.00417146,0.139049
fb400519b678,17,"n_particles: 100, range_std: 0.08",labdesktop,2026-09-20T10:04:25+00:00,1073b69d29e5,100,0.08,0.0343447,0.7,0,0.457619,0.0173307,0.407258,0.0171963,-3046.06,-101.535,363581,59366,0.695301,0.169402,1.14685,0.0049114,0.163713
3a6ae30926cb,18,"n_particles: 100, range_std: 0.08",labdesktop,2026-09-20T10:04:25+00:00,1073b69d29e5,100,0.08,0.0336929,0.466667,0,0.480714,0.0220011,0.523468,0.0767367,-187.834,-6.26115,2364.82,1339.64,0.200122,0.0940091,0.309332,0.0051267,0.17089
d2592af9bd63,19,"n_particles: 100, range_std: 0.08",labdesktop,2026-09-20T10:04:25+00:00,1073b69d29e5,100,0.08,0.0417417,0.466667,0,0.472143,0.0189687,0.56599,0.0100012,-86.341,-2.87803,634597,1829.78,0.178585,0.104721,0.310372,0.00426567,0.142189
7d5429c44eea,0,"n_particles: 100, range_std: 0.107",labdesktop,2026-09-20T10:04:25+00:00,1073b69d29e5,100,0.107,0.0404479,0.3,0,0.435556,0.0209451,0.626981,0.0278449,133.419,4.4473,16.5068,14.3671,0.0538701,0.0468593,0.022798,0.00392796,0.130932
fc60e6530a99,1,"n_particles: 100, range_std: 0.107",labdesktop,2026-09-20T10:04:25+00:00,1073b69d29e5,100,0.107,0.0486521,0.3,0,0.396667,0.0198366,0.63172,0.0789962,156.519,5.21729,76.6369,34.7277,0.07077,0.0514549,0.0293426,0.00390987,0.130329
c6fa0266439d,2,"n_particles: 100, range_std: 0.107",labdesktop,2026-09-20T10:04:25+00:00,1073b69d29e5,100,0.107,0.0468019,0.433333,0,0.48,0.0227823,0.562561,0.0466307,37.5277,1.25092,366.956,183.215,0.122857,0.0294209,0.0583346,0.00422152,0.140717
c66d6b573c4a,3,"n_particles: 100, range_std: 0.107",labdesktop,2026-09-20T10:04:25+00:00,1073b69d29e5,100,0.107,0.0400947,0.466667,0,0.477143,0.022164,0.519324,0.0509948,-284.255,-9.47518,26059.1,9774.85,0.342224,0.08005,0.54672,0.00421608,0.140536
b28df801bc24,4,"n_particles: 100, range_std: 0.107",labdesktop,2026-09-20T10:04:25+00:00,1073b69d29e5,100,0.107,0.046799,0.333333,0,0.419,0.0215988,0.599242,0.0723859,30.0879,1.00293,911.538,307.485,0.170699,0.0703372,0.273561,0.0039905,0.133017
6b85d997193a,5,"n_particles: 100, range_std: 0.107",labdesktop,2026-09-20T10:04:25+00:00,1073b69d29e5,100,0.107,0.0421489,0.4,0,0.434167,0.0196786,0.558881,0.0169337,-47.5944,-1.58648,5693.47,1955.29,0.22894,0.0751872,0.397623,0.00417163,0.139054
df640491cb78,6,"n_particles: 100, range_std: 0.107",labdesktop,2026-09-20T10:04:25+00:00,1073b69d29e5,100,0.107,0.041703,0.433333,0,0.488462,0.0204246,0.569559,0.0910935,111.207,3.70689,355.236,322.738,0.116618,0.0322764,0.119209,0.00423896,0.141299
35c6edbd78a1,7,"n_particles: 100, range_std: 0.107",labdesktop,2026-09-20T10:04:25+00:00,1073b69d29e5,100,0.107,0.0422081,0.3,0,0.412222,0.0240031,0.596387,0.0289137,148.361,4.94535,76.8946,49.6915,0.079499,0.0623989,0.109476,0.0037638,0.12546
b236bbac4ac3,8,"n_particles: 100, range_std: 0.107",labdesktop,2026-09-20T10:04:25+00:00,1073b69d29e5,100,0.107,0.0507095,0.5,0,0.480667,0.018696,0.533851,0.0399246,-887.313,-29.5771,93953,13706.4,0.556793,0.181933,0.970227,0.00443978,0.147993
fff3574f2b56,9,"n_particles: 100, range_std: 0.107",labdesktop,2026-09-20T10:04:25+00:00,1073b69d29e5,100,0.107,0.0276409,0.533333,0,0.475,0.0181086,0.498249,0.0644675,-1296.18,-43.206,205858,35236.2,0.621503,0.150583,1.03444,0.00451466,0.150489
03e4899acbaf,10,"n_particles: 100, range_std: 0.107",labdesktop,2026-09-20T10:04:25+00:00,1073b69d29e5,100,0.107,0.0736123,0.466667,0,0.412143,0.0171455,0.56086,0.0100011,-172.164,-5.73879,2.21887e+06,15410.5,0.297179,0.0797218,0.497047,0.00430135,0.143378
0a371f79f44a,11,"n_particles: 100, range_std: 0.107",labdesktop,2026-09-20T10:04:25+00:00,1073b69d29e5,100,0.107,0.0332907,0.366667,0,0.428182,0.0223533,0.575089,0.0213298,23.5026,0.783419,3877.21,1508.88,0.193124,0.0739992,0.349895,0.0039163,0.130543
2212ae893f82,12,"n_particles: 100, range_std: 0.107",labdesktop,2026-09-20T10:04:25+00:00,1073b69d29e5,100,0.107,0.0340977,0.233333,0,0.41,0.0233437,0.648603,0.0252666,71.5532,2.38511,672.974,191.493,0.111503,0.0483281,0.160605,0.0037156,0.123853
1524aecfb95c,13,"n_particles: 100, range_std: 0.107",labdesktop,2026-09-20T10:04:25+00:00,1073b69d29e5,100,0.107,0.052714,0.533333,0,0.504375,0.0192134,0.514057,0.0279832,-362.15,-12.0717,18757.1,5639.63,0.362185,0.0989059,0.565256,0.00442936,0.147645
ea829a85b062,14,"n_particles: 100, range_std: 0.107",labdesktop,2026-09-20T10:04:25+00:00,1073b69d29e5,100,0.107,0.0447153,0.433333,0,0.463077,0.0213716,0.511509,0.0933413,43.8662,1.46221,84.9726,92.1471,0.0947087,0.0504993,0.0838002,0.00413939,0.13798
4339d3ab5490,15,"n_particles: 100, range_std: 0.107",labdesktop,2026-09-20T10:04:25+00:00,1073b69d29e5,100,0.107,0.0360451,0.3,0,0.473333,0.0243982,0.593189,0.0846544,189.408,6.3136,47.5151,56.2935,0.0688526,0.0238764,0.0217968,0.00372275,0.124092
c3c4026250eb,16,"n_particles: 100, range_std: 0.107",labdesktop,2026-09-20T10:04:25+00:00,1073b69d29e5,100,0.107,0.064267,0.366667,0,0.496364,0.0212941,0.589891,0.0212725,166.013,5.53378,344.313,43.5316,0.101095,0.071128,0.0317967,0.00411815,0.137272
4bd9b86f8418,17,"n_particles: 100, range_std: 0.107",labdesktop,2026-09-20T10:04:25+00:00,1073b69d29e5,100,0.107,0.0570282,0.466667,0,0.462143,0.0200031,0.533903,0.0543569,-981.786,-32.7262,117515,55990.9,0.601037,0.14882,0.984849,0.00421041,0.140347
fbb78e989945,18,"n_particles: 100, range_std: 0.107",labdesktop,2026-09-20T10:04:25+00:00,1073b69d29e5,100,0.107,0.0326557,0.333333,0,0.44,0.0236153,0.589637,0.0881208,18.9572,0.631907,1480.52,847.465,0.202534,0.0822268,0.306264,0.00385834,0.128611
3fcc27c13e65,19,"n_particles: 100, range_std: 0.107",labdesktop,2026-09-20T10:04:25+00:00,1073b69d29e5,100,0.107,0.0442491,0.4,0,0.4375,0.0215682,0.526263,0.0394369,164.275,5.47585,108.553,73.4309,0.0844228,0.0517001,0.091626,0.00419691,0.139897
f2c2cd669e31,0,"n_particles: 100, range_std: 0.142",labdesktop,2026-09-20T10:04:25+00:00,1073b69d29e5,100,0.142,0.0358062,0.266667,0,0.49125,0.0204626,0.653504,0.1512,187.052,6.23506,21.008,19.5986,0.0587687,0.0441223,0.027921,0.00381847,0.127282
4bd5be43d0eb,1,"n_particles: 100, range_std: 0.142",labdesktop,2026-09-20T10:04:25+00:00,1073b69d29e5,100,0.142,0.0347528,0.266667,0,0.49625,0.0224075,0.63172,0.205137,203.186,6.77288,35.5823,10.34,0.0517752,0.0281917,0.0231446,0.00373102,0.124367
185f8977da14,2,"n_particles: 100, range_std: 0.142",labdesktop,2026-09-20T10:04:25+00:00,1073b69d29e5,100,0.142,0.050579,0.333333,0,0.462,0.0181235,0.639583,0.0758275,122.141,4.07138,157.905,154.885,0.129018,0.0487888,0.096984,0.00381717,0.127239
f19b4268d94a,3,"n_particles: 100, range_std: 0.142",labdesktop,2026-09-20T10:04:25+00:00,1073b69d29e5,100,0.142,0.0391167,0.366667,0,0.475455,0.0203881,0.572556,0.167462,-60.2289,-2.00763,10644.7,3031.18,0.334855,0.0776895,0.531652,0.00396846,0.132282
8ac8842160f0,4,"n_particles: 100, range_std: 0.142",labdesktop,2026-09-20T10:04:25+00:00,1073b69d29e5,100,0.142,0.0445579,0.366667,0,0.510909,0.0201164,0.61646,0.196937,143.893,4.79642,131.664,146.541,0.129091,0.0527544,0.16327,0.00408507,0.136169
93aa3c961e62,5,"n_particles: 100, range_std: 0.142",labdesktop,2026-09-20T10:04:25+00:00,1073b69d29e5,100,0.142,0.056793,0.4,0,0.4825,0.0197076,0.563709,0.0177499,-11.6004,-0.386681,4631.84,1816.55,0.311014,0.104517,0.507479,0.00419531,0.139844
6ad14ed8bbe1,6,"n_particles: 100, range_std: 0.142",labdesktop,2026-09-20T10:04:25+00:00,1073b69d29e5,100,0.142,0.0619337,0.3,0,0.431111,0.0230158,0.571106,0.149066,169.91,5.66367,273.477,254.419,0.126229,0.0361449,0.138685,0.00377848,0.125949
6407bfe5f353,7,"n_particles: 100, range_std: 0.142",labdesktop,2026-09-20T10:04:25+00:00,1073b69d29e5,100,0.142,0.0402313,0.233333,0,0.452857,0.0244614,0.609739,0.091915,200.984,6.69946,45.8006,32.3307,0.0782797,0.0549801,0.115608,0.00362386,0.120795
96f5ebd0b649,8,"n_particles: 100, range_std: 0.142",labdesktop,2026-09-20T10:04:25+00:00,1073b69d29e5,100,0.142,0.0457333,0.433333,0,0.492308,0.0185526,0.59233,0.0785597,-475.845,-15.8615,44457.4,9636.55,0.562679,0.180357,0.985476,0.00425754,0.141918
d410cd714064,9,"n_particles: 100, range_std: 0.142",labdesktop,2026-09-20T10:04:25+00:00,1073b69d29e5,100,0.142,0.0585199,0.233333,0,0.46,0.0215018,0.670872,0.0213775,167.611,5.58703,1491.68,68.4717,0.0948459,0.0712337,0.122132,0.0036952,0.123173
fe9818f3c966,10,"n_particles: 100, range_std: 0.142",labdesktop,2026-09-20T10:04:25+00:00,1073b69d29e5,100,0.142,0.0457626,0.333333,0,0.515,0.024182,0.581397,0.222076,107.244,3.57479,3114.62,1348.55,0.19768,0.0645157,0.280765,0.00385007,0.128336
a004264af7ec,11,"n_particles: 100, range_std: 0.142",labdesktop,2026-09-20T10:04:25+00:00,1073b69d29e5,100,0.142,0.0409641,0.3,0,0.5,0.0213913,0.570168,0.176314,193.706,6.45686,23.9816,19.7173,0.0607822,0.0399256,0.089541,0.00381269,0.12709
e3797d59c7f6,12,"n_particles: 100, range_std: 0.142",labdesktop,2026-09-20T10:04:25+00:00,1073b69d29e5,100,0.142,0.0525986,0.366667,0,0.471818,0.018935,0.586929,0.0964683,150.597,5.01989,186.818,89.7352,0.0874654,0.0464288,0.0659151,0.00406642,0.135547
8b2bd0ea59b4,13,"n_particles: 100, range_std: 0.142",labdesktop,2026-09-20T10:04:25+00:00,1073b69d29e5,100,0.142,0.0527519,0.3,0,0.416667,0.0216742,0.594836,0.0967387,182.557,6.08522,314.807,140.566,0.150127,0.0631326,0.226418,0.0038357,0.127857
b891181d93bb,14,"n_particles: 100, range_std: 0.142",labdesktop,2026-09-20T10:04:25+00:00,1073b69d29e5,100,0.142,0.034599,0.366667,0,0.452727,0.0199024,0.593972,0.15225,137.269,4.57564,51.0039,25.0136,0.0776745,0.0464786,0.0736742,0.0039942,0.13314
40646eb81aa5,15,"n_particles: 100, range_std: 0.142",labdesktop,2026-09-20T10:04:25+00:00,1073b69d29e5,100,0.142,0.0387483,0.266667,0,0.53125,0.0215725,0.636133,0.201667,219.447,7.31489,11.9283,11.6671,0.0747812,0.024721,0.0296398,0.0037412,0.124707
3035caa1ca1a,16,"n_particles: 100, range_std: 0.142",labdesktop,2026-09-20T10:04:25+00:00,1073b69d29e5,100,0.142,0.0239576,0.266667,0,0.51125,0.0242384,0.613378,0.168273,207.335,6.91117,93.0478,88.3747,0.0944187,0.0348442,0.0926086,0.00377864,0.125955
cfb17d816308,17,"n_particles: 100, range_std: 0.142",labdesktop,2026-09-20T10:04:25+00:00,1073b69d29e5,100,0.142,0.121074,0.433333,0,0.480769,0.019579,0.56531,0.0386642,-242.122,-8.07073,51153.2,27677.7,0.476802,0.114813,0.757789,0.00421686,0.140562
68be0f0726b3,18,"n_particles: 100, range_std: 0.142",labdesktop,2026-09-20T10:04:25+00:00,1073b69d29e5,100,0.142,0.0397432,0.333333,0,0.505,0.0194076,0.638991,0.15392,132.103,4.40344,427.418,359.517,0.185272,0.0711317,0.261743,0.00397433,0.132478
4a5b9c450437,19,"n_particles: 100, range_std: 0.142",labdesktop,2026-09-20T10:04:25+00:00,1073b69d29e5,100,0.142,0.0441395,0.4,0,0.478333,0.0198971,0.541359,0.122219,205.591,6.85304,75.328,44.9616,0.0859083,0.0453876,0.0738276,0.00428591,0.142864
ae7061cf423d,0,"n_particles: 100, range_std: 0.19",labdesktop,2026-09-20T10:04:25+00:00,1073b69d29e5,100,0.19,0.0387058,0.266667,0,0.46875,0.0225318,0.631763,0.239455,204.993,6.83309,9.00506,8.3677,0.0569828,0.0404742,0.0381081,0.00393603,0.131201
7d8ebe6cade9,1,"n_particles: 100, range_std: 0.19",labdesktop,2026-09-20T10:04:25+00:00,1073b69d29e5,100,0.19,0.0374128,0.2,0,0.473333,0.0195857,0.692622,0.279559,215.582,7.18607,12.0181,11.5259,0.0593611,0.0352983,0.0459061,0.00368981,0.122994
2d421da60816,2,"n_particles: 100, range_std: 0.19",labdesktop,2026-09-20T10:04:25+00:00,1073b69d29e5,100,0.19,0.0518075,0.266667,0,0.44375,0.0224136,0.606198,0.117017,171,5.7,74.9189,80.4017,0.124257,0.0432156,0.0853309,0.00402151,0.13405
445e1e76638f,3,"n_particles: 100, range_std: 0.19",labdesktop,2026-09-20T10:04:25+00:00,1073b69d29e5,100,0.19,0.0553532,0.3,0,0.495556,0.0195603,0.654774,0.220268,186.975,6.2325,458.474,272.699,0.128718,0.0415067,0.0865844,0.00418778,0.139593
e054c271c99b,4,"n_particles: 100, range_std: 0.19",labdesktop,2026-09-20T10:04:25+00:00,1073b69d29e5,100,0.19,0.0388563,0.266667,0,0.52125,0.0218014,0.634561,0.233337,177.327,5.91089,108.533,132.847,0.131296,0.0534394,0.174211,0.00480236,0.160079
5b1a1ea528d8,5,"n_particles: 100, range_std: 0.19",labdesktop,2026-09-20T10:04:25+00:00,1073b69d29e5,100,0.19,0.0543781,0.233333,0,0.501429,0.0175048,0.715028,0.0507002,204.652,6.82174,75.3642,44.4958,0.09138,0.0343849,0.0541781,0.00447591,0.149197
20e61f3e1e29,6,"n_particles: 100, range_std: 0.19",labdesktop,2026-09-20T10:04:25+00:00,1073b69d29e5,100,0.19,0.0538753,0.3,0,0.464444,0.0200891,0.616331,0.18488,208.055,6.93518,4.05888,3.66811,0.0623497,0.0231139,0.046079,0.0045271,0.150903
e6aa06743e8c,7,"n_particles: 100, range_std: 0.19",labdesktop,2026-09-20T10:04:25+00:00,1073b69d29e5,100,0.19,0.0432706,0.166667,0,0.476,0.0255796,0.627858,0.223657,215.834,7.19448,55.6508,38.9175,0.0894313,0.0522907,0.139987,0.00430405,0.143468
deda9af10aa3,8,"n_particles: 100, range_std: 0.19",labdesktop,2026-09-20T10:04:25+00:00,1073b69d29e5,100,0.19,0.0613703,0.366667,0,0.482727,0.0199211,0.567331,0.175475,-80.8866,-2.69622,14088.7,2417.04,0.464873,0.148629,0.813486,0.00458741,0.152914
c3043b447cb8,9,"n_particles: 100, range_std: 0.19",labdesktop,2026-09-20T10:04:25+00:00,1073b69d29e5,100,0.19,0.0563962,0.233333,0,0.5,0.0226012,0.647816,0.243249,188.525,6.28417,179.142,62.0716,0.101455,0.06961,0.139851,0.00448484,0.149495
c4c38a63849a,10,"n_particles: 100, range_std: 0.19",labdesktop,2026-09-20T10:04:25+00:00,1073b69d29e5,100,0.19,0.0437021,0.233333,0,0.471429,0.020035,0.669037,0.110949,210.435,7.01449,27.3288,11.9412,0.0494754,0.0513964,0.022081,0.00431858,0.143953
fcfb5519f299,11,"n_particles: 100, range_std: 0.19",labdesktop,2026-09-20T10:04:25+00:00,1073b69d29e5,100,0.19,0.059934,0.333333,0,0.5,0.0210412,0.580028,0.189129,205.973,6.86577,55.1503,23.077,0.0848631,0.0420753,0.0937982,0.0052083,0.17361
559cfe61be85,12,"n_particles: 100, range_std: 0.19",labdesktop,2026-09-20T10:04:25+00:00,1073b69d29e5,100,0.19,0.0726305,0.266667,0,0.4025,0.0232066,0.610481,0.0670372,181.514,6.05048,115.945,69.6622,0.104318,0.0546874,0.135755,0.00550412,0.183471
f0f237857e9a,13,"n_particles: 100, range_std: 0.19",labdesktop,2026-09-20T10:04:25+00:00,1073b69d29e5,100,0.19,0.0407179,0.266667,0,0.49,0.0209857,0.637462,0.271109,203.557,6.78525,221.235,115.626,0.148461,0.0556979,0.251218,0.00404693,0.134898
e3776af69c9f,14,"n_particles: 100, range_std: 0.19",labdesktop,2026-09-20T10:04:25+00:00,1073b69d29e5,100,0.19,0.0454359,0.3,0,0.503333,0.023313,0.607167,0.19055,176.829,5.89429,20.6391,18.9235,0.0921732,0.0381401,0.0915606,0.00461549,0.15385
42063e2a3339,15,"n_particles: 100, range_std: 0.19",labdesktop,2026-09-20T10:04:25+00:00,1073b69d29e5,100,0.19,0.036004,0.2,0,0.48,0.0213525,0.67039,0.104542,220.896,7.3632,15.097,12.4464,0.0790368,0.0343773,0.0450706,0.00377252,0.125751
4e95bcaaac6d,16,"n_particles: 100, range_std: 0.19",labdesktop,2026-09-20T10:04:25+00:00,1073b69d29e5,100,0.19,0.0575998,0.333333,0,0.512,0.0219455,0.580901,0.100125,219.337,7.31124,51.1928,10.8726,0.0893343,0.0410142,0.111562,0.00396402,0.132134
7cc08b5cd91c,17,"n_particles: 100, range_std: 0.19",labdesktop,2026-09-20T10:04:25+00:00,1073b69d29e5,100,0.19,0.0434314,0.2,0,0.461667,0.0238276,0.655006,0.220102,185.199,6.17331,221.777,68.4009,0.11142,0.045891,0.175876,0.00367023,0.122341
32313fcc976b,18,"n_particles: 100, range_std: 0.19",labdesktop,2026-09-20T10:04:25+00:00,1073b69d29e5,100,0.19,0.0356147,0.266667,0,0.46375,0.025425,0.606873,0.0918658,163.137,5.43791,412.45,222.998,0.199436,0.0616515,0.313514,0.00394087,0.131362
3be469115288,19,"n_particles: 100, range_std: 0.19",labdesktop,2026-09-20T10:04:25+00:00,1073b69d29e5,100,0.19,0.0377823,0.266667,0,0.5025,0.0201718,0.653846,0.155967,214.373,7.14575,59.5088,59.4496,0.0904918,0.034216,0.0890987,0.00690509,0.23017
c959b9894176,0,"n_particles: 100, range_std: 0.253",labdesktop,2026-09-20T10:04:25+00:00,1073b69d29e5,100,0.253,0.0367472,0.266667,0,0.505,0.0226526,0.640376,0.29185,199.19,6.63967,23.8288,12.0857,0.0656863,0.0333388,0.0637701,0.00390208,0.130069
984f572a50a7,1,"n_particles: 100, range_std: 0.253",labdesktop,2026-09-20T10:04:25+00:00,1073b69d29e5,100,0.253,0.0358244,0.233333,0,0.53,0.0206825,0.711036,0.339106,207.483,6.9161,8.90149,3.77227,0.0603854,0.0385397,0.0493693,0.00411046,0.137015
b4143ce577fe,2,"n_particles: 100, range_std: 0.253",labdesktop,2026-09-20T10:04:25+00:00,1073b69d29e5,100,0.253,0.0721334,0.3,0,0.502222,0.0212605,0.625554,0.157286,168.234,5.60781,80.3881,83.6819,0.139808,0.061085,0.132097,0.00470866,0.156955
c34cfe1aebae,3,"n_particles: 100, range_std: 0.253",labdesktop,2026-09-20T10:04:25+00:00,1073b69d29e5,100,0.253,0.111147,0.3,0,0.485556,0.0205567,0.600662,0.146916,189.047,6.30155,19.8629,10.0316,0.120135,0.0541067,0.133928,0.00426126,0.142042
d7b3b5a7bba2,4,"n_particles: 100, range_std: 0.253",labdesktop,2026-09-20T10:04:25+00:00,1073b69d29e5,100,0.253,0.0448697,0.233333,0,0.52,0.0194426,0.678377,0.26045,184.594,6.15313,69.9496,79.589,0.122943,0.0589659,0.150193,0.00389243,0.129748
b801315d337b,5,"n_particles: 100, range_std: 0.253",labdesktop,2026-09-20T10:04:25+00:00,1073b69d29e5,100,0.253,0.0492218,0.166667,0,0.448,0.0197473,0.728432,0.138714,208.035,6.93451,23.628,6.26032,0.0566977,0.0505951,0.0388907,0.00365976,0.121992
cb5018c78ed7,6,"n_particles: 100, range_std: 0.253",labdesktop,2026-09-20T10:04:25+00:00,1073b69d29e5,100,0.253,0.0533,0.233333,0,0.48,0.0197569,0.665245,0.134879,204.804,6.82679,7.62341,8.24866,0.055519,0.0320823,0.0543573,0.00404086,0.134695
78a518a97985,7,"n_particles: 100, range_std: 0.253",labdesktop,2026-09-20T10:04:25+00:00,1073b69d29e5,100,0.253,0.0486968,0.266667,0,0.51,0.0188503,0.641091,0.262613,209.482,6.98273,22.6816,24.0176,0.0957384,0.0592897,0.136693,0.00393119,0.13104
1cfe68ff93b1,8,"n_particles: 100, range_std: 0.253",labdesktop,2026-09-20T10:04:25+00:00,1073b69d29e5,100,0.253,0.100802,0.266667,0,0.46,0.0208557,0.617541,0.104828,173.508,5.78361,84.8344,82.7337,0.140596,0.0996693,0.12675,0.00390005,0.130002
95412158bd30,9,"n_particles: 100, range_std: 0.253",labdesktop,2026-09-20T10:04:25+00:00,1073b69d29e5,100,0.253,0.0786854,0.266667,0,0.4825,0.0208054,0.619569,0.189636,181.771,6.05902,37.3609,32.5511,0.106429,0.07063,0.14536,0.00375921,0.125307
3d7377390bb4,10,"n_particles: 100, range_std: 0.253",labdesktop,2026-09-20T10:04:25+00:00,1073b69d29e5,100,0.253,0.0432423,0.2,0,0.488333,0.021155,0.65282,0.227289,202.809,6.76031,12.2306,5.33082,0.0468649,0.047219,0.0252803,0.00359259,0.119753
e1ffc36c5e5a,11,"n_particles: 100, range_std: 0.253",labdesktop,2026-09-20T10:04:25+00:00,1073b69d29e5,100,0.253,0.0552592,0.266667,0,0.515,0.0232233,0.603073,0.242955,202.367,6.74558,5.98764,6.37831,0.0629127,0.0418239,0.0222749,0.00370077,0.123359
520559d9f84c,12,"n_particles: 100, range_std: 0.253",labdesktop,2026-09-20T10:04:25+00:00,1073b69d29e5,100,0.253,0.0725938,0.266667,0,0.50125,0.0196618,0.647558,0.228858,187.331,6.24437,78.0106,57.0652,0.103699,0.0552703,0.142526,0.00375064,0.125021
0f11a29c1d58,13,"n_particles: 100, range_std: 0.253",labdesktop,2026-09-20T10:04:25+00:00,1073b69d29e5,100,0.253,0.0457443,0.233333,0,0.511429,0.0212258,0.64911,0.329142,202.228,6.74094,79.6153,60.376,0.139233,0.0524718,0.228879,0.00364765,0.121588
a1209c428715,14,"n_particles: 100, range_std: 0.253",labdesktop,2026-09-20T10:04:25+00:00,1073b69d29e5,100,0.253,0.0440264,0.266667,0,0.48625,0.0217184,0.64607,0.238257,183.981,6.13272,31.351,37.3011,0.0781002,0.0374606,0.0481737,0.00377713,0.125904
129c71ae9ba9,15,"n_particles: 100, range_std: 0.253",labdesktop,2026-09-20T10:04:25+00:00,1073b69d29e5,100,0.253,0.0459108,0.2,0,0.45,0.018966,0.71416,0.145316,207.049,6.90163,13.987,9.91427,0.0876427,0.0438061,0.017645,0.00352814,0.117605
d533e940b629,16,"n_particles: 100, range_std: 0.253",labdesktop,2026-09-20T10:04:25+00:00,1073b69d29e5,100,0.253,0.0569035,0.266667,0,0.5225,0.0194933,0.653136,0.326518,212.813,7.09376,48.7607,16.3838,0.0999108,0.033977,0.138853,0.00395462,0.131821
e35074532fe6,17,"n_particles: 100, range_std: 0.253",labdesktop,2026-09-20T10:04:25+00:00,1073b69d29e5,100,0.253,0.0621391,0.266667,0,0.46,0.0189243,0.674104,0.184021,183.595,6.11983,313.698,251.193,0.141167,0.0641665,0.219115,0.00375096,0.125032
7cdc17faecf0,18,"n_particles: 100, range_std: 0.253",labdesktop,2026-09-20T10:04:25+00:00,1073b69d29e5,100,0.253,0.0406851,0.3,0,0.506667,0.0220335,0.644119,0.267127,172.116,5.7372,173.299,131.84,0.197159,0.0550059,0.321078,0.00407123,0.135708
1dfec9f62f1c,19,"n_particles: 100, range_std: 0.253",labdesktop,2026-09-20T10:04:25+00:00,1073b69d29e5,100,0.253,0.0414517,0.233333,0,0.45,0.0220527,0.618091,0.196961,204.323,6.81076,10.5349,6.65392,0.0816741,0.0282858,0.0768427,0.00365357,0.121786
585942f38f60,0,"n_particles: 100, range_std: 0.337",labdesktop,2026-09-20T10:04:25+00:00,1073b69d29e5,100,0.337,0.0371033,0.2,0,0.493333,0.0272082,0.632009,0.274016,182.618,6.08727,13.2262,4.69159,0.0492307,0.0264268,0.0428997,0.00373636,0.124545
52fe15ca69a9,1,"n_particles: 100, range_std: 0.337",labdesktop,2026-09-20T10:04:25+00:00,1073b69d29e5,100,0.337,0.036429,0.166667,0,0.474,0.0213819,0.672741,0.254418,187.835,6.26118,11.6602,11.3682,0.0677463,0.0394677,0.0625579,0.00355422,0.118474
e06b83e9e511,2,"n_particles: 100, range_std: 0.337",labdesktop,2026-09-20T10:04:25+00:00,1073b69d29e5,100,0.337,0.0633291,0.2,0,0.443333,0.0221159,0.636297,0.185411,177.72,5.92401,11.8345,12.1238,0.0944249,0.054611,0.0438993,0.00391762,0.130587
40ff2ae8c6a5,3,"n_particles: 100, range_std: 0.337",labdesktop,2026-09-20T10:04:25+00:00,1073b69d29e5,100,0.337,0.105852,0.266667,0,0.46375,0.0218173,0.590795,0.174241,174.218,5.80726,23.4963,14.7741,0.117649,0.0538657,0.0859975,0.00368781,0.122927
b83fdd5bbc65,4,"n_particles: 100, range_std: 0.337",labdesktop,2026-09-20T10:04:25+00:00,1073b69d29e5,100,0.337,0.0498498,0.233333,0,0.517143,0.0197007,0.673387,0.273028,173.33,5.77765,44.6254,46.751,0.116857,0.0624922,0.125073,0.00360654,0.120218
9ccc13dfc6cc,5,"n_particles: 100, range_std: 0.337",labdesktop,2026-09-20T10:04:25+00:00,1073b69d29e5,100,0.337,0.0417596,0.166667,0,0.46,0.0244365,0.60006,0.208509,190.257,6.3419,12.5562,9.37758,0.0457223,0.0348523,0.0330013,0.00342982,0.114327
c97c3346af24,6,"n_particles: 100, range_std: 0.337",labdesktop,2026-09-20T10:04:25+00:00,1073b69d29e5,100,0.337,0.0526118,0.233333,0,0.532857,0.025149,0.591886,0.34604,187.996,6.26652,2.14275,1.32864,0.054249,0.0281158,0.0494527,0.00381861,0.127287
28845a4a7c37,7,"n_particles: 100, range_std: 0.337",labdesktop,2026-09-20T10:04:25+00:00,1073b69d29e5,100,0.337,0.0494213,0.3,0,0.507778,0.0203171,0.640375,0.291528,184.479,6.1493,20.0804,20.2298,0.10732,0.0602852,0.0566978,0.00371772,0.123924
dc234507605e,8,"n_particles: 100, range_std: 0.337",labdesktop,2026-09-20T10:04:25+00:00,1073b69d29e5,100,0.337,0.0801651,0.266667,0,0.48875,0.0202301,0.641651,0.195107,165.635,5.52117,30.0417,36.1092,0.11988,0.0754429,0.0963622,0.00370944,0.123648
14e292639f6a,9,"n_particles: 100, range_std: 0.337",labdesktop,2026-09-20T10:04:25+00:00,1073b69d29e5,100,0.337,0.0694338,0.233333,0,0.527143,0.020235,0.673361,0.303059,171.278,5.70927,23.4629,29.7145,0.107455,0.0598893,0.151981,0.00357195,0.119065
6fafbdb95ac2,10,"n_particles: 100, range_std: 0.337",labdesktop,2026-09-20T10:04:25+00:00,1073b69d29e5,100,0.337,0.0504995,0.266667,0,0.505,0.0188957,0.644045,0.198565,183.733,6.12444,5.11377,3.20663,0.059659,0.0372525,0.0326093,0.00406617,0.135539
7d44135e7de2,11,"n_particles: 100, range_std: 0.337",labdesktop,2026-09-20T10:04:25+00:00,1073b69d29e5,100,0.337,0.0640618,0.266667,0,0.5275,0.022587,0.621252,0.326627,185.236,6.17453,9.62092,8.50747,0.0752139,0.0429053,0.0928799,0.00366532,0.122177
b37582bdd7c0,12,"n_particles: 100, range_std: 0.337",labdesktop,2026-09-20T10:04:25+00:00,1073b69d29e5,100,0.337,0.069616,0.233333,0,0.432857,0.0205123,0.639166,0.0819815,168.236,5.60787,107.423,46.8936,0.101573,0.0607467,0.101454,0.00357926,0.119309
71a129fef6bf,13,"n_particles: 100, range_std: 0.337",labdesktop,2026-09-20T10:04:25+00:00,1073b69d29e5,100,0.337,0.0507963,0.2,0,0.491667,0.020394,0.677557,0.201889,183.69,6.12301,73.1025,76.5064,0.145876,0.0575824,0.254143,0.00352936,0.117645
a238614fee97,14,"n_particles: 100, range_std: 0.337",labdesktop,2026-09-20T10:04:25+00:00,1073b69d29e5,100,0.337,0.0509433,0.2,0,0.495,0.0213463,0.698546,0.275312,172.738,5.75792,7.88114,5.97336,0.0791394,0.0393454,0.0463945,0.00369762,0.123254
e1199f69cb63,15,"n_particles: 100, range_std: 0.337",labdesktop,2026-09-20T10:04:25+00:00,1073b69d29e5,100,0.337,0.0463096,0.2,0,0.47,0.0205828,0.67333,0.157952,183.682,6.12273,15.1877,16.7939,0.0923002,0.0377839,0.0551586,0.00349008,0.116336
38b656ef1762,16,"n_particles: 100, range_std: 0.337",labdesktop,2026-09-20T10:04:25+00:00,1073b69d29e5,100,0.337,0.0601658,0.266667,0,0.475,0.0197681,0.641831,0.205062,194.854,6.49513,20.1413,11.1481,0.1017,0.0391274,0.131053,0.00377614,0.125871
bfa698aac2c1,17,"n_particles: 100, range_std: 0.337",labdesktop,2026-09-20T10:04:25+00:00,1073b69d29e5,100,0.337,0.0587916,0.266667,0,0.48875,0.0206846,0.645558,0.251081,171.572,5.71905,92.8468,25.0652,0.12303,0.0579183,0.145975,0.00370607,0.123536
109c280372d7,18,"n_particles: 100, range_std: 0.337",labdesktop,2026-09-20T10:04:25+00:00,1073b69d29e5,100,0.337,0.0644818,0.266667,0,0.48,0.020742,0.600845,0.0636261,162.649,5.42162,60.4055,59.8669,0.184203,0.0509129,0.323307,0.00389041,0.12968
62e9e58811f7,19,"n_particles: 100, range_std: 0.337",labdesktop,2026-09-20T10:04:25+00:00,1073b69d29e5,100,0.337,0.0494508,0.3,0,0.513333,0.0202501,0.621327,0.228052,182.437,6.08122,15.5356,13.9789,0.0933046,0.0427257,0.0974758,0.00379477,0.126492
b9ad4752b5cd,0,"n_particles: 100, range_std: 0.45",labdesktop,2026-09-20T10:04:25+00:00,1073b69d29e5,100,0.45,0.0467296,0.166667,0,0.504,0.0262282,0.659166,0.382571,158.05,5.26832,10.272,5.4039,0.0596679,0.0349021,0.058405,0.00340975,0.113658
eba75da7c315,1,"n_particles: 100, range_std: 0.45",labdesktop,2026-09-20T10:04:25+00:00,1073b69d29e5,100,0.45,0.039023,0.166667,0,0.472,0.0219069,0.682511,0.257865,161.561,5.38537,21.5356,11.0807,0.0727606,0.0394776,0.0724256,0.00337766,0.112589
20863db1c8b0,2,"n_particles: 100, range_std: 0.45",labdesktop,2026-09-20T10:04:25+00:00,1073b69d29e5,100,0.45,0.0753244,0.3,0,0.511111,0.0238002,0.598618,0.120147,139.29,4.64298,47.9656,57.1795,0.151947,0.0572015,0.112029,0.00397482,0.132494
aa3f9966e9e2,3,"n_particles: 100, range_std: 0.45",labdesktop,2026-09-20T10:04:25+00:00,1073b69d29e5,100,0.45,0.103026,0.3,0,0.516667,0.0211265,0.646561,0.086045,150.577,5.01923,23.9978,16.4785,0.11091,0.0516316,0.0835965,0.00374828,0.124943
b3a777e6d5e4,4,"n_particles: 100, range_std: 0.45",labdesktop,2026-09-20T10:04:25+00:00,1073b69d29e5,100,0.45,0.0524278,0.233333,0,0.51,0.0201667,0.688665,0.271645,151.493,5.04978,42.5366,42.4757,0.115234,0.062981,0.128895,0.00360656,0.120219
f653edbabb4b,5,"n_particles: 100, range_std: 0.45",labdesktop,2026-09-20T10:04:25+00:00,1073b69d29e5,100,0.45,0.0371606,0.2,0,0.496667,0.0195712,0.682738,0.259274,165.403,5.51345,11.108,6.81853,0.0454563,0.0348327,0.0371307,0.00350604,0.116868
9f88d113844d,6,"n_particles: 100, range_std: 0.45",labdesktop,2026-09-20T10:04:25+00:00,1073b69d29e5,100,0.45,0.0530873,0.233333,0,0.522857,0.0239996,0.581267,0.330696,163.295,5.44317,3.81192,3.70655,0.0539641,0.0309942,0.0456751,0.00385259,0.12842
cd17638f93b7,7,"n_particles: 100, range_std: 0.45",labdesktop,2026-09-20T10:04:25+00:00,1073b69d29e5,100,0.45,0.0735536,0.266667,0,0.5075,0.0207432,0.62475,0.311486,159.411,5.3137,17.0605,14.7999,0.118407,0.0578621,0.0567019,0.00367369,0.122456
111a336fd207,8,"n_particles: 100, range_std: 0.45",labdesktop,2026-09-20T10:04:25+00:00,1073b69d29e5,100,0.45,0.0866254,0.366667,0,0.433636,0.0183973,0.59667,0.133397,138.861,4.62871,31.9199,29.3517,0.112928,0.0594512,0.0789479,0.0039331,0.131103
e4b651bb36e6,9,"n_particles: 100, range_std: 0.45",labdesktop,2026-09-20T10:04:25+00:00,1073b69d29e5,100,0.45,0.0595167,0.233333,0,0.532857,0.0197328,0.681545,0.159889,145.024,4.83414,107.995,118.937,0.119477,0.0730657,0.183283,0.00358827,0.119609
adda66e97f5d,10,"n_particles: 100, range_std: 0.45",labdesktop,2026-09-20T10:04:25+00:00,1073b69d29e5,100,0.45,0.0633121,0.266667,0,0.4175,0.0189258,0.616897,0.101288,157.668,5.25561,41.9749,23.129,0.0939964,0.0366136,0.0793828,0.00386272,0.128757
af796d162213,11,"n_particles: 100, range_std: 0.45",labdesktop,2026-09-20T10:04:25+00:00,1073b69d29e5,100,0.45,0.0696849,0.233333,0,0.528571,0.0251472,0.612216,0.241131,161.432,5.38107,20.7596,14.8459,0.0926411,0.0424001,0.122176,0.0035773,0.119243
2ba76b34e195,12,"n_particles: 100, range_std: 0.45",labdesktop,2026-09-20T10:04:25+00:00,1073b69d29e5,100,0.45,0.0821478,0.3,0,0.448889,0.0191938,0.63458,0.136112,145.781,4.85937,110.518,46.4677,0.103153,0.0612863,0.0796539,0.00375389,0.12513
ed61ddc95f99,13,"n_particles: 100, range_std: 0.45",labdesktop,2026-09-20T10:04:25+00:00,1073b69d29e5,100,0.45,0.0721002,0.266667,0,0.47875,0.0187688,0.643463,0.216472,162.027,5.40091,14.6509,13.8847,0.100879,0.043397,0.169878,0.00365496,0.121832
8efb1c5a2bbc,14,"n_particles: 100, range_std: 0.45",labdesktop,2026-09-20T10:04:25+00:00,1073b69d29e5,100,0.45,0.0431001,0.2,0,0.513333,0.0255193,0.638446,0.326259,152.271,5.07571,44.8063,54.311,0.079398,0.0436965,0.0546818,0.00373102,0.124367
d84ee226b69d,15,"n_particles: 100, range_std: 0.45",labdesktop,2026-09-20T10:04:25+00:00,1073b69d29e5,100,0.45,0.0541514,0.2,0,0.48,0.0189076,0.68347,0.174812,155.644,5.18813,13.8371,11.6603,0.0946647,0.0424396,0.0142115,0.00359278,0.119759
87a4fda7840b,16,"n_particles: 100, range_std: 0.45",labdesktop,2026-09-20T10:04:25+00:00,1073b69d29e5,100,0.45,0.0612153,0.233333,0,0.498571,0.018586,0.666026,0.199331,169.164,5.63882,23.0945,9.94513,0.106369,0.0340729,0.134362,0.00369271,0.12309
477a8abc28f5,17,"n_particles: 100, range_std: 0.45",labdesktop,2026-09-20T10:04:25+00:00,1073b69d29e5,100,0.45,0.0623952,0.266667,0,0.49875,0.0185074,0.68625,0.355104,147.834,4.92781,75.0637,46.573,0.134504,0.0607264,0.190194,0.0037372,0.124573
98a07899ccf1,18,"n_particles: 100, range_std: 0.45",labdesktop,2026-09-20T10:04:25+00:00,1073b69d29e5,100,0.45,0.0763961,0.3,0,0.514444,0.0207302,0.609946,0.255587,144.13,4.80433,271.283,13.9863,0.205262,0.0600457,0.323418,0.00409633,0.136544
3aa7837f71de,19,"n_particles: 100, range_std: 0.45",labdesktop,2026-09-20T10:04:25+00:00,1073b69d29e5,100,0.45,0.0562529,0.333333,0,0.52,0.0191423,0.613788,0.248693,155.418,5.18059,5.76212,4.66656,0.0940718,0.0402865,0.0706489,0.00405933,0.135311
f87c3d2f8062,0,"n_particles: 100, range_std: 0.6",labdesktop,2026-09-20T10:04:25+00:00,1073b69d29e5,100,0.6,0.0520986,0.166667,0,0.504,0.0270188,0.605939,0.331155,127.88,4.26267,10.2363,4.28824,0.0607843,0.0291847,0.0592666,0.00359894,0.119965
75d1e9809e70,1,"n_particles: 100, range_std: 0.6",labdesktop,2026-09-20T10:04:25+00:00,1073b69d29e5,100,0.6,0.0398226,0.2,0,0.476667,0.0218871,0.644997,0.281827,131.444,4.38147,8.46315,7.42124,0.0727648,0.0437054,0.0559401,0.003543,0.1181
c2c5ee5cae3d,2,"n_particles: 100, range_std: 0.6",labdesktop,2026-09-20T10:04:25+00:00,1073b69d29e5,100,0.6,0.0724416,0.266667,0,0.51125,0.0173248,0.685017,0.228767,125.554,4.18513,21.0751,18.3574,0.121487,0.0565692,0.054267,0.00385061,0.128354
e06328f8cc57,3,"n_particles: 100, range_std: 0.6",labdesktop,2026-09-20T10:04:25+00:00,1073b69d29e5,100,0.6,0.122716,0.266667,0,0.44125,0.019286,0.629991,0.117658,119.895,3.99651,17.417,17.8182,0.129129,0.0602611,0.139682,0.00375914,0.125305
02d3b89c5a2b,4,"n_particles: 100, range_std: 0.6",labdesktop,2026-09-20T10:04:25+00:00,1073b69d29e5,100,0.6,0.0610595,0.233333,0,0.512857,0.0207729,0.668801,0.265281,119.806,3.99353,59.3524,81.5592,0.134289,0.0662727,0.155192,0.00370927,0.123642
7885fcdb9b41,5,"n_particles: 100, range_std: 0.6",labdesktop,2026-09-20T10:04:25+00:00,1073b69d29e5,100,0.6,0.0329922,0.233333,0,0.515714,0.018753,0.691626,0.258676,136.292,4.54307,6.22387,4.30528,0.042421,0.0247213,0.0378047,0.0035924,0.119747
13c190d3c3e3,6,"n_particles: 100, range_std: 0.6",labdesktop,2026-09-20T10:04:25+00:00,1073b69d29e5,100,0.6,0.0560978,0.266667,0,0.545,0.0160039,0.738098,0.373491,134.148,4.47161,4.29709,4.281,0.0576003,0.0287283,0.049099,0.00383505,0.127835
cebeece9fa92,7,"n_particles: 100, range_std: 0.6",labdesktop,2026-09-20T10:04:25+00:00,1073b69d29e5,100,0.6,0.0761725,0.266667,0,0.485,0.0215863,0.647343,0.291882,129.395,4.31318,17.323,15.7711,0.132486,0.0583874,0.0613776,0.00380221,0.12674
8b6a20397642,8,"n_particles: 100, range_std: 0.6",labdesktop,2026-09-20T10:04:26+00:00,1073b69d29e5,100,0.6,0.0962849,0.333333,0,0.475,0.01861,0.61573,0.194133,109.843,3.66144,30.9116,33.8845,0.124788,0.0503434,0.0893083,0.00407526,0.135842
39833f3a3280,9,"n_particles: 100, range_std: 0.6",labdesktop,2026-09-20T10:04:26+00:00,1073b69d29e5,100,0.6,0.0691555,0.233333,0,0.492857,0.0211573,0.649311,0.305966,124.132,4.13773,15.5032,17.6828,0.0981383,0.0493053,0.144825,0.00364747,0.121582
f10155709831,10,"n_particles: 100, range_std: 0.6",labdesktop,2026-09-20T10:04:26+00:00,1073b69d29e5,100,0.6,0.0539494,0.333333,0,0.482,0.0176623,0.628591,0.162755,129.684,4.32281,7.02955,4.03176,0.0923367,0.0344246,0.0888248,0.00404752,0.134917
671965e14cfb,11,"n_particles: 100, range_std: 0.6",labdesktop,2026-09-20T10:04:26+00:00,1073b69d29e5,100,0.6,0.0788878,0.233333,0,0.527143,0.0211363,0.678082,0.31417,132.709,4.42363,22.5535,14.3306,0.0967593,0.0449694,0.127675,0.00363879,0.121293
36815cb43157,12,"n_particles: 100, range_std: 0.6",labdesktop,2026-09-20T10:04:26+00:00,1073b69d29e5,100,0.6,0.0933622,0.3,0,0.427778,0.0187581,0.626683,0.162437,117.559,3.91865,126.567,63.2685,0.115294,0.0625365,0.0773751,0.00378775,0.126258
739ba2ccd34b,13,"n_particles: 100, range_std: 0.6",labdesktop,2026-09-20T10:04:26+00:00,1073b69d29e5,100,0.6,0.0818414,0.233333,0,0.468571,0.0182591,0.666546,0.216689,131.474,4.38248,4.95393,4.62291,0.0967206,0.0503646,0.0636451,0.00360015,0.120005
2fa04426808b,14,"n_particles: 100, range_std: 0.6",labdesktop,2026-09-20T10:04:26+00:00,1073b69d29e5,100,0.6,0.0490409,0.233333,0,0.531429,0.0217627,0.67382,0.341576,122.703,4.09011,146.42,46.4623,0.0960799,0.0401741,0.0751665,0.00377093,0.125698
83f5a59c30a0,15,"n_particles: 100, range_std: 0.6",labdesktop,2026-09-20T10:04:26+00:00,1073b69d29e5,100,0.6,0.0604196,0.2,0,0.525,0.0196175,0.676443,0.202368,124.094,4.13648,44.2822,26.486,0.103927,0.0457181,0.0394991,0.00393033,0.131011
8139c519e3a8,16,"n_particles: 100, range_std: 0.6",labdesktop,2026-09-20T10:04:26+00:00,1073b69d29e5,100,0.6,0.0545535,0.2,0,0.5,0.0220342,0.634906,0.168095,140.51,4.68366,29.9925,11.4495,0.10814,0.034112,0.140909,0.00357532,0.119177
f402b8fd67cd,17,"n_particles: 100, range_std: 0.6",labdesktop,2026-09-20T10:04:26+00:00,1073b69d29e5,100,0.6,0.05543,0.233333,0,0.457143,0.017942,0.712684,0.181968,120.852,4.0284,84.1149,74.5271,0.131427,0.0581876,0.209231,0.00357165,0.119055
01dd268225cb,18,"n_particles: 100, range_std: 0.6",labdesktop,2026-09-20T10:04:26+00:00,1073b69d29e5,100,0.6,0.0595498,0.266667,0,0.51125,0.0193084,0.628454,0.249552,129.817,4.32722,5.95555,3.24006,0.0700968,0.0373739,0.073041,0.00386212,0.128737
78192a9a3136,19,"n_particles: 100, range_std: 0.6",labdesktop,2026-09-20T10:04:26+00:00,1073b69d29e5,100,0.6,0.0537202,0.3,0,0.498889,0.021514,0.585188,0.255527,125.592,4.1864,5.78978,5.0723,0.0995156,0.0440786,0.0832814,0.00384155,0.128052
2b75877d1be7,0,"n_particles: 100, range_std: 0.8",labdesktop,2026-09-20T10:04:26+00:00,1073b69d29e5,100,0.8,0.0562058,0.266667,0,0.535,0.0192943,0.658834,0.352463,96.4893,3.21631,8.30461,3.95713,0.058799,0.0325136,0.0631112,0.00380051,0.126684
afe9c4dcbe2a,1,"n_particles: 100, range_std: 0.8",labdesktop,2026-09-20T10:04:26+00:00,1073b69d29e5,100,0.8,0.0372757,0.166667,0,0.476,0.0214461,0.678665,0.317459,100.294,3.34315,6.78415,6.03934,0.0719107,0.037842,0.0663214,0.00340981,0.11366
5aa626af91ea,2,"n_particles: 100, range_std: 0.8",labdesktop,2026-09-20T10:04:26+00:00,1073b69d29e5,100,0.8,0.076529,0.266667,0,0.495,0.0179929,0.639136,0.239543,95.6228,3.18743,31.1185,24.2227,0.128598,0.0586553,0.07641,0.00385804,0.128601
5cdb48a388f6,3,"n_particles: 100, range_std: 0.8",labdesktop,2026-09-20T10:04:26+00:00,1073b69d29e5,100,0.8,0.113854,0.3,0,0.468889,0.0183822,0.624381,0.103882,89.7611,2.99204,36.4095,23.9594,0.119477,0.0553561,0.127828,0.00387215,0.129072
fcd59f3a28c6,4,"n_particles: 100, range_std: 0.8",labdesktop,2026-09-20T10:04:26+00:00,1073b69d29e5,100,0.8,0.0654575,0.233333,0,0.511429,0.0203626,0.671524,0.25947,84.5581,2.8186,103.235,132.188,0.149267,0.0698817,0.178914,0.00364438,0.121479
a386bf77d95a,5,"n_particles: 100, range_std: 0.8",labdesktop,2026-09-20T10:04:26+00:00,1073b69d29e5,100,0.8,0.0332723,0.233333,0,0.505714,0.0188086,0.698074,0.26258,104.825,3.49417,6.74183,4.91676,0.0431717,0.0262738,0.0222393,0.00360209,0.12007
2b0b6b5134b4,6,"n_particles: 100, range_std: 0.8",labdesktop,2026-09-20T10:04:26+00:00,1073b69d29e5,100,0.8,0.0594718,0.266667,0,0.51625,0.0172307,0.659619,0.327993,103.064,3.43546,3.658,3.62262,0.0657498,0.0236371,0.0488854,0.00389093,0.129698
05ef009571a1,7,"n_particles: 100, range_std: 0.8",labdesktop,2026-09-20T10:04:26+00:00,1073b69d29e5,100,0.8,0.0938997,0.333333,0,0.488,0.0212655,0.614814,0.242461,95.5475,3.18492,34.4398,33.915,0.143223,0.0670462,0.0976889,0.00391953,0.130651
3769cc9fa6a6,8,"n_particles: 100, range_std: 0.8",labdesktop,2026-09-20T10:04:26+00:00,1073b69d29e5,100,0.8,0.0837324,0.433333,0,0.478462,0.0196844,0.534393,0.132334,79.1087,2.63696,25.7022,29.9019,0.119308,0.0694399,0.103754,0.00420068,0.140023
a0c02a60ce35,9,"n_particles: 100, range_std: 0.8",labdesktop,2026-09-20T10:04:26+00:00,1073b69d29e5,100,0.8,0.0833968,0.233333,0,0.472857,0.0212682,0.646904,0.267989,91.0602,3.03534,55.3342,52.0048,0.131093,0.0588305,0.212713,0.00359125,0.119708
e44f3edf3124,10,"n_particles: 100, range_std: 0.8",labdesktop,2026-09-20T10:04:26+00:00,1073b69d29e5,100,0.8,0.0613776,0.266667,0,0.5175,0.0190353,0.610169,0.212488,98.509,3.28363,18.4868,14.886,0.104929,0.0326845,0.0750024,0.00382451,0.127484
a3779585c7d5,11,"n_particles: 100, range_std: 0.8",labdesktop,2026-09-20T10:04:26+00:00,1073b69d29e5,100,0.8,0.0748819,0.233333,0,0.541429,0.021532,0.660614,0.365634,100.944,3.36479,10.044,9.22307,0.0827069,0.0473268,0.117049,0.0037003,0.123343
d4f312067ab3,12,"n_particles: 100, range_std: 0.8",labdesktop,2026-09-20T10:04:26+00:00,1073b69d29e5,100,0.8,0.105905,0.3,0,0.425556,0.0175215,0.640417,0.140252,85.0137,2.83379,95.4037,58.6588,0.132152,0.0644881,0.145397,0.00376688,0.125563
9cd01d7533af,13,"n_particles: 100, range_std: 0.8",labdesktop,2026-09-20T10:04:26+00:00,1073b69d29e5,100,0.8,0.0602168,0.2,0,0.478333,0.0199081,0.677264,0.184157,99.9283,3.33094,39.2888,52.5856,0.134882,0.0553324,0.207961,0.00353563,0.117854
c3d4ed7ce690,14,"n_particles: 100, range_std: 0.8",labdesktop,2026-09-20T10:04:26+00:00,1073b69d29e5,100,0.8,0.0534351,0.233333,0,0.53,0.019887,0.697467,0.255583,94.3109,3.1437,21.6087,17.0115,0.0883357,0.0461705,0.0609928,0.0037835,0.126117
cd0140f33b46,15,"n_particles: 100, range_std: 0.8",labdesktop,2026-09-20T10:04:26+00:00,1073b69d29e5,100,0.8,0.0651022,0.2,0,0.52,0.0217088,0.619354,0.168227,92.2405,3.07468,19.506,17.0434,0.106708,0.0452923,0.0317802,0.00367175,0.122392
4041b92b6017,16,"n_particles: 100, range_std: 0.8",labdesktop,2026-09-20T10:04:26+00:00,1073b69d29e5,100,0.8,0.0672691,0.233333,0,0.49,0.02094,0.643387,0.120445,108.078,3.6026,31.4158,29.4926,0.115669,0.0426092,0.151326,0.00363815,0.121272
e79348cdf504,17,"n_particles: 100, range_std: 0.8",labdesktop,2026-09-20T10:04:26+00:00,1073b69d29e5,100,0.8,0.068881,0.266667,0,0.47,0.0176955,0.688255,0.0882963,88.4788,2.94929,65.4861,62.9883,0.145224,0.0674833,0.205862,0.00455822,0.151941
ae5086aceaa9,18,"n_particles: 100, range_std: 0.8",labdesktop,2026-09-20T10:04:26+00:00,1073b69d29e5,100,0.8,0.0692642,0.266667,0,0.49375,0.0186326,0.678359,0.302534,98.3404,3.27801,5.04866,2.22679,0.0710378,0.0388766,0.00827798,0.00381463,0.127154
7a5d72ca7fd0,19,"n_particles: 100, range_std: 0.8",labdesktop,2026-09-20T10:04:26+00:00,1073b69d29e5,100,0.8,0.0570391,0.233333,0,0.495714,0.0216635,0.606257,0.199736,93.4708,3.11569,6.74725,5.67068,0.100247,0.0450468,0.104668,0.00371162,0.123721
31515b8fc2fa,0,"n_particles: 500, range_std: 0.08",labdesktop,2026-09-20T10:04:26+00:00,1073b69d29e5,500,0.08,0.0450648,0.466667,0,0.363429,0.00551138,0.476186,0.0027154,7.41953,0.247318,26.6965,8.52347,0.050867,0.0706416,0.0223303,0.0142015,0.473383
64bdfdc1dc83,1,"n_particles: 500, range_std: 0.08",labdesktop,2026-09-20T10:04:26+00:00,1073b69d29e5,500,0.08,0.044773,0.466667,0,0.450429,0.0051369,0.520002,0.0293698,46.1736,1.53912,49.6094,21.583,0.0545989,0.0766376,0.028709,0.0140707,0.469022
8b71556520d5,2,"n_particles: 500, range_std: 0.08",labdesktop,2026-09-20T10:04:26+00:00,1073b69d29e5,500,0.08,0.049209,0.633333,0,0.429263,0.00468027,0.383578,0.00403178,-1814.78,-60.4927,184430,68504,0.508535,0.156378,0.879271,0.0170187,0.56729
8780aeea783d,3,"n_particles: 500, range_std: 0.08",labdesktop,2026-09-20T10:04:26+00:00,1073b69d29e5,500,0.08,0.036549,0.566667,0,0.415647,0.00519484,0.434421,0.00773187,8.60278,0.286759,38.4208,35.1734,0.0572603,0.0326815,0.0349808,0.0156165,0.52055
d49f61184540,4,"n_particles: 500, range_std: 0.08",labdesktop,2026-09-20T10:04:26+00:00,1073b69d29e5,500,0.08,0.0404116,0.466667,0,0.37,0.00414605,0.492178,0.0114858,-29.5032,-0.98344,66.3377,26.6662,0.0567602,0.0484747,0.061169,0.0111689,0.372298
46041607704e,5,"n_particles: 500, range_std: 0.08",labdesktop,2026-09-20T10:04:26+00:00,1073b69d29e5,500,0.08,0.0590922,0.833333,0,0.41936,0.00355277,0.281004,0.00200016,-9194.09,-306.47,5.60419e+06,702144,1.2589,0.317851,2.11746,0.0489086,1.63029
806aececbd31,6,"n_particles: 500, range_std: 0.08",labdesktop,2026-09-20T10:04:26+00:00,1073b69d29e5,500,0.08,0.0386814,0.666667,0,0.4082,0.00416595,0.366374,0.00217354,-1934.08,-64.4693,190231,88350.9,0.56893,0.165284,0.965519,0.0479891,1.59964
6a8b0e4c7f11,7,"n_particles: 500, range_std: 0.08",labdesktop,2026-09-20T10:04:26+00:00,1073b69d29e5,500,0.08,0.0433544,0.566667,0,0.384,0.00476801,0.414633,0.0144892,22.4594,0.748648,107.01,90.6635,0.0828393,0.0540174,0.115839,0.046258,1.54193
551dd6879ef1,8,"n_particles: 500, range_std: 0.08",labdesktop,2026-09-20T10:04:26+00:00,1073b69d29e5,500,0.08,0.0411316,0.766667,0,0.509217,0.00348097,0.402306,0.0193538,-3452.75,-115.092,460520,116351,0.785805,0.23845,1.38345,0.0493527,1.64509
82ee90aba10b,9,"n_particles: 500, range_std: 0.08",labdesktop,2026-09-20T10:04:26+00:00,1073b69d29e5,500,0.08,0.0329014,0.666667,0,0.468,0.00413531,0.416988,0.0130649,-2191.83,-73.0609,216462,55753.9,0.586319,0.145156,0.96435,0.0132269,0.440898
dbd472e74c0c,10,"n_particles: 500, range_std: 0.08",labdesktop,2026-09-20T10:04:26+00:00,1073b69d29e5,500,0.08,0.0455293,0.566667,0,0.335765,0.00444134,0.418068,0.0480646,44.2516,1.47505,13.2069,12.3542,0.0682695,0.0463884,0.0284906,0.0123479,0.411598
1a2b3fa8d476,11,"n_particles: 500, range_std: 0.08",labdesktop,2026-09-20T10:04:26+00:00,1073b69d29e5,500,0.08,0.0560413,0.466667,0,0.427571,0.00470034,0.509628,0.0288751,9.82727,0.327576,99.3136,79.2054,0.0804025,0.0381866,0.0840728,0.0113749,0.379164
697bb5889c86,12,"n_particles: 500, range_std: 0.08",labdesktop,2026-09-20T10:04:26+00:00,1073b69d29e5,500,0.08,0.035292,0.5,0,0.441333,0.0046464,0.488664,0.0246021,-106.426,-3.54752,756.084,553.009,0.117983,0.0298756,0.0247947,0.0116494,0.388312
9f45830fcc7c,13,"n_particles: 500, range_std: 0.08",labdesktop,2026-09-20T10:04:26+00:00,1073b69d29e5,500,0.08,0.0669304,0.6,0,0.412111,0.00349362,0.469751,0.00689642,-0.463639,-0.0154546,190.713,167.49,0.130794,0.074468,0.0621718,0.0124873,0.416242
b8681dd3856b,14,"n_particles: 500, range_std: 0.08",labdesktop,2026-09-20T10:04:26+00:00,1073b69d29e5,500,0.08,0.0524301,0.6,0,0.418444,0.004847,0.409986,0.0178084,-604.722,-20.1574,46098.6,4219.76,0.316231,0.119909,0.50641,0.0126848,0.422827
4aa4b943f228,15,"n_particles: 500, range_std: 0.08",labdesktop,2026-09-20T10:04:26+00:00,1073b69d29e5,500,0.08,0.0438715,0.433333,0,0.437077,0.00436064,0.512697,0.049129,117.961,3.93204,18.2256,8.80437,0.0610877,0.0263816,0.0247502,0.0109851,0.36617
d9975caac6be,16,"n_particles: 500, range_std: 0.08",labdesktop,2026-09-20T10:04:26+00:00,1073b69d29e5,500,0.08,0.0417007,0.566667,0,0.430353,0.00470386,0.441295,0.00459965,-102.553,-3.41844,2924.78,3000.92,0.182349,0.0583931,0.224062,0.0123022,0.410075
acf778171f5d,17,"n_particles: 500, range_std: 0.08",labdesktop,2026-09-20T10:04:26+00:00,1073b69d29e5,500,0.08,0.0374436,0.566667,0,0.412118,0.00487824,0.439591,0.00282584,-26.2895,-0.876318,15.3449,7.84832,0.0418044,0.0721613,0.0552059,0.0123703,0.412342
2979418cf6cf,18,"n_particles: 500, range_std: 0.08",labdesktop,2026-09-20T10:04:26+00:00,1073b69d29e5,500,0.08,0.0401694,0.6,0,0.420667,0.00372724,0.430458,0.0293343,-174.714,-5.82381,2322.16,1131.63,0.196956,0.0751337,0.284847,0.0128235,0.427449
188caab9cea8,19,"n_particles: 500, range_std: 0.08",labdesktop,2026-09-20T10:04:26+00:00,1073b69d29e5,500,0.08,0.0464975,0.466667,0,0.415714,0.00446648,0.475794,0.0240648,62.1749,2.0725,201.146,95.4366,0.0918803,0.0720992,0.10237,0.0114987,0.383289
02250eb4586c,0,"n_particles: 500, range_std: 0.107",labdesktop,2026-09-20T10:04:26+00:00,1073b69d29e5,500,0.107,0.0402276,0.366667,0,0.444545,0.00455404,0.567739,0.0258179,133.472,4.44905,4.91092,4.15258,0.0495535,0.0505544,0.0301112,0.0103922,0.346405
2241f0ce6364,1,"n_particles: 500, range_std: 0.107",labdesktop,2026-09-20T10:04:26+00:00,1073b69d29e5,500,0.107,0.0431726,0.466667,0,0.483571,0.00445476,0.547704,0.12302,157.634,5.25448,5.43787,5.13554,0.0562905,0.0637413,0.0308153,0.0112656,0.37552
c0b046edb393,2,"n_particles: 500, range_std: 0.107",labdesktop,2026-09-20T10:04:26+00:00,1073b69d29e5,500,0.107,0.0489709,0.433333,0,0.509385,0.00487207,0.568507,0.0127682,7.6097,0.253657,537.762,502.403,0.12575,0.0715138,0.164259,0.0110256,0.36752
843060bacbdd,3,"n_particles: 500, range_std: 0.107",labdesktop,2026-09-20T10:04:26+00:00,1073b69d29e5,500,0.107,0.0298879,0.5,0,0.4912,0.0042014,0.521746,0.0932964,132.225,4.40749,14.9697,15.4515,0.0563988,0.0293836,0.0145169,0.0115785,0.385951
6d23b37c3bbf,4,"n_particles: 500, range_std: 0.107",labdesktop,2026-09-20T10:04:26+00:00,1073b69d29e5,500,0.107,0.03799,0.333333,0,0.4012,0.0045979,0.6068,0.039506,113.045,3.76818,30.2871,15.4577,0.0553278,0.0419694,0.0579689,0.00993117,0.331039
63ac8bb6d4fe,5,"n_particles: 500, range_std: 0.107",labdesktop,2026-09-20T10:04:26+00:00,1073b69d29e5,500,0.107,0.044191,0.433333,0,0.422923,0.00552351,0.507325,0.00310276,-187.493,-6.24975,7537.13,3116.54,0.305806,0.117153,0.493001,0.0110474,0.368247
2ece166a63d0,6,"n_particles: 500, range_std: 0.107",labdesktop,2026-09-20T10:04:26+00:00,1073b69d29e5,500,0.107,0.0500685,0.433333,0,0.424615,0.00409262,0.537044,0.0131078,127.908,4.26359,15.5117,10.663,0.066826,0.06107,0.0386828,0.0110382,0.36794
11ce2531e3da,7,"n_particles: 500, range_std: 0.107",labdesktop,2026-09-20T10:04:26+00:00,1073b69d29e5,500,0.107,0.0422675,0.366667,0,0.429455,0.00529283,0.546753,0.0592633,147.354,4.91181,15.9648,16.1092,0.0713809,0.0513905,0.100673,0.0101897,0.339655
22a2fee03196,8,"n_particles: 500, range_std: 0.107",labdesktop,2026-09-20T10:04:26+00:00,1073b69d29e5,500,0.107,0.0469592,0.533333,0,0.444375,0.00404093,0.464263,0.0308464,-852.967,-28.4322,80523,5792.18,0.546126,0.185862,0.954816,0.0120941,0.403137
1cf6975f02b1,9,"n_particles: 500, range_std: 0.107",labdesktop,2026-09-20T10:04:26+00:00,1073b69d29e5,500,0.107,0.0683377,0.466667,0,0.386857,0.004253,0.512918,0.00929784,100.346,3.34485,72.5436,55.9483,0.0981787,0.0661163,0.111724,0.0115246,0.384155
685021b4826e,10,"n_particles: 500, range_std: 0.107",labdesktop,2026-09-20T10:04:26+00:00,1073b69d29e5,500,0.107,0.038712,0.566667,0,0.485765,0.0037162,0.490481,0.075651,157.997,5.26656,6.27759,5.79474,0.0575634,0.037013,0.0285697,0.0125248,0.417492
982fe50a1a9f,11,"n_particles: 500, range_std: 0.107",labdesktop,2026-09-20T10:04:26+00:00,1073b69d29e5,500,0.107,0.0661929,0.4,0,0.467667,0.004555,0.572204,0.00404668,137.295,4.57648,52128.3,121.856,0.094433,0.0513265,0.103681,0.0107017,0.356722
d0e0f317bd66,12,"n_particles: 500, range_std: 0.107",labdesktop,2026-09-20T10:04:26+00:00,1073b69d29e5,500,0.107,0.0320948,0.333333,0,0.4746,0.00601078,0.58341,0.0789043,81.4745,2.71582,158.16,103.338,0.08795,0.0304693,0.0350052,0.0104482,0.348272
60e004fc7897,13,"n_particles: 500, range_std: 0.107",labdesktop,2026-09-20T10:04:26+00:00,1073b69d29e5,500,0.107,0.0526945,0.333333,0,0.4234,0.0051367,0.567051,0.0241938,156.395,5.21316,18.4519,14.9723,0.0846928,0.0586402,0.088244,0.01029,0.343001
3f6e729016ec,14,"n_particles: 500, range_std: 0.107",labdesktop,2026-09-20T10:04:26+00:00,1073b69d29e5,500,0.107,0.0410653,0.5,0,0.437867,0.00475545,0.468823,0.0426988,34.9402,1.16467,70.4756,74.8723,0.113374,0.0779729,0.119368,0.012016,0.400533
c1b12e7c3fbe,15,"n_particles: 500, range_std: 0.107",labdesktop,2026-09-20T10:04:26+00:00,1073b69d29e5,500,0.107,0.0376231,0.333333,0,0.462,0.00491374,0.561745,0.139702,193.888,6.46293,9.86965,7.36561,0.0616945,0.023432,0.0133571,0.0102309,0.341031
39df40ed2a02,16,"n_particles: 500, range_std: 0.107",labdesktop,2026-09-20T10:04:26+00:00,1073b69d29e5,500,0.107,0.0431647,0.433333,0,0.468154,0.00469972,0.547084,0.0783754,158.737,5.29123,134.75,145.544,0.0942849,0.0479591,0.0751227,0.0124963,0.416544
ec6609d22741,17,"n_particles: 500, range_std: 0.107",labdesktop,2026-09-20T10:04:26+00:00,1073b69d29e5,500,0.107,0.0465946,0.433333,0,0.361538,0.00470749,0.496705,0.00472334,113.273,3.77575,7.49381,3.62591,0.0518906,0.0577793,0.0487138,0.0120438,0.40146
df21903e565f,18,"n_particles: 500, range_std: 0.107",labdesktop,2026-09-20T10:04:26+00:00,1073b69d29e5,500,0.107,0.0399888,0.5,0,0.443067,0.00401811,0.497131,0.0677053,73.6914,2.45638,215.783,73.4397,0.144091,0.0663558,0.194864,0.0122045,0.406816
5162e14acec5,19,"n_particles: 500, range_std: 0.107",labdesktop,2026-09-20T10:04:26+00:00,1073b69d29e5,500,0.107,0.0559457,0.566667,0,0.480353,0.00347861,0.505899,0.086401,163.707,5.45689,61.7906,72.7807,0.0948057,0.0665901,0.0927716,0.0130455,0.43485
74ac8689f6b4,0,"n_particles: 500, range_std: 0.142",labdesktop,2026-09-20T10:04:26+00:00,1073b69d29e5,500,0.142,0.034684,0.3,0,0.486667,0.00561331,0.595178,0.180692,189.694,6.32314,1.61733,1.49718,0.04058,0.042504,0.0231238,0.00966689,0.32223
71975f5d0984,1,"n_particles: 500, range_std: 0.142",labdesktop,2026-09-20T10:04:26+00:00,1073b69d29e5,500,0.142,0.04384,0.333333,0,0.4708,0.00521011,0.566455,0.151972,202.567,6.75224,2.39763,1.70366,0.0540426,0.0517691,0.021844,0.010023,0.3341
127bf90470ae,2,"n_particles: 500, range_std: 0.142",labdesktop,2026-09-20T10:04:26+00:00,1073b69d29e5,500,0.142,0.0558422,0.3,0,0.437556,0.00483821,0.60132,0.0399943,153.021,5.10069,51.1291,26.024,0.0818721,0.0428232,0.0193032,0.00977044,0.325681
47db5cc0a9c9,3,"n_particles: 500, range_std: 0.142",labdesktop,2026-09-20T10:04:26+00:00,1073b69d29e5,500,0.142,0.0382203,0.333333,0,0.485,0.00461908,0.590574,0.149956,188.615,6.28718,8.25052,4.78269,0.0536916,0.0251522,0.0289567,0.0101062,0.336875
b8c21fbda0db,4,"n_particles: 500, range_std: 0.142",labdesktop,2026-09-20T10:04:26+00:00,1073b69d29e5,500,0.142,0.0394423,0.233333,0,0.404286,0.00441679,0.62639,0.0391269,177.637,5.92123,15.4456,13.2826,0.0538564,0.0408694,0.0588397,0.0091837,0.306123
ba27427a402d,5,"n_particles: 500, range_std: 0.142",labdesktop,2026-09-20T10:04:26+00:00,1073b69d29e5,500,0.142,0.0511581,0.366667,0,0.479636,0.00495186,0.579252,0.0146417,123.882,4.1294,778.533,402.731,0.187795,0.0708528,0.254032,0.0103556,0.345187
bbdebf4f3e8d,6,"n_particles: 500, range_std: 0.142",labdesktop,2026-09-20T10:04:26+00:00,1073b69d29e5,500,0.142,0.0448046,0.366667,0,0.453818,0.00454564,0.529044,0.0657913,187.511,6.25038,6.64409,6.73538,0.0610941,0.053505,0.0354465,0.0102353,0.341178
841dd835120b,7,"n_particles: 500, range_std: 0.142",labdesktop,2026-09-20T10:04:26+00:00,1073b69d29e5,500,0.142,0.0424648,0.3,0,0.476,0.00489193,0.598828,0.110556,198.445,6.61483,12.4415,9.14472,0.0791771,0.0488046,0.115145,0.00947164,0.315721
6db321ce96b2,8,"n_particles: 500, range_std: 0.142",labdesktop,2026-09-20T10:04:26+00:00,1073b69d29e5,500,0.142,0.0506885,0.466667,0,0.490143,0.00376322,0.576562,0.05464,-59.4214,-1.98071,6944.06,761.853,0.351713,0.136827,0.617242,0.0115866,0.386221
0b077698a65d,9,"n_particles: 500, range_std: 0.142",labdesktop,2026-09-20T10:04:26+00:00,1073b69d29e5,500,0.142,0.0933629,0.533333,0,0.46325,0.00363439,0.532786,0.0139982,161.633,5.38776,209.732,5.6677,0.107637,0.0571889,0.188555,0.0124284,0.41428
f56890f6b2c8,10,"n_particles: 500, range_std: 0.142",labdesktop,2026-09-20T10:04:26+00:00,1073b69d29e5,500,0.142,0.0327107,0.4,0,0.503333,0.00398236,0.580978,0.204418,204.166,6.80552,5.97769,6.42553,0.0507822,0.0290468,0.0288528,0.010702,0.356733
4939f010ee81,11,"n_particles: 500, range_std: 0.142",labdesktop,2026-09-20T10:04:26+00:00,1073b69d29e5,500,0.142,0.05378,0.4,0,0.460333,0.00517688,0.510728,0.138832,196.057,6.53522,8.83832,4.55023,0.0720035,0.0388506,0.0460375,0.0108369,0.361229
ff48f1d2c9d5,12,"n_particles: 500, range_std: 0.142",labdesktop,2026-09-20T10:04:26+00:00,1073b69d29e5,500,0.142,0.0331362,0.366667,0,0.476909,0.00472485,0.554553,0.144072,160.304,5.34347,15.3075,9.57915,0.0714921,0.0306172,0.034908,0.01082,0.360667
f93d6e01946e,13,"n_particles: 500, range_std: 0.142",labdesktop,2026-09-20T10:04:26+00:00,1073b69d29e5,500,0.142,0.0468528,0.266667,0,0.435,0.00466991,0.615488,0.124862,202.582,6.75273,16.7807,14.5586,0.0851599,0.0509963,0.081441,0.00938967,0.312989
a0dbc629bc1f,14,"n_particles: 500, range_std: 0.142",labdesktop,2026-09-20T10:04:26+00:00,1073b69d29e5,500,0.142,0.0441411,0.5,0,0.477067,0.00545974,0.512388,0.0059253,133.151,4.43838,49.4952,51.4344,0.10947,0.0416985,0.0936023,0.0117008,0.390028
15a18090025d,15,"n_particles: 500, range_std: 0.142",labdesktop,2026-09-20T10:04:26+00:00,1073b69d29e5,500,0.142,0.0390799,0.333333,0,0.5186,0.00458337,0.611603,0.195588,221.253,7.37509,6.69631,5.4864,0.0636535,0.0194657,0.017507,0.0101047,0.336822
ed55a7bb2d02,16,"n_particles: 500, range_std: 0.142",labdesktop,2026-09-20T10:04:26+00:00,1073b69d29e5,500,0.142,0.0365198,0.333333,0,0.4858,0.00478681,0.591899,0.0621217,200.21,6.67367,135.661,185.688,0.110791,0.0453213,0.11178,0.0102668,0.342228
7038655cdbf7,17,"n_particles: 500, range_std: 0.142",labdesktop,2026-09-20T10:04:26+00:00,1073b69d29e5,500,0.142,0.0497212,0.366667,0,0.420727,0.00452513,0.575863,0.0775028,174.153,5.80511,5.22046,1.56248,0.0580371,0.0436988,0.0503333,0.0106002,0.35334
111c8d52be8c,18,"n_particles: 500, range_std: 0.142",labdesktop,2026-09-20T10:04:26+00:00,1073b69d29e5,500,0.142,0.0455356,0.466667,0,0.520714,0.00419963,0.546373,0.185557,171.226,5.70752,12.3825,11.3077,0.0798642,0.0495397,0.0660167,0.0114979,0.383262
ecce7f76d400,19,"n_particles: 500, range_std: 0.142",labdesktop,2026-09-20T10:04:26+00:00,1073b69d29e5,500,0.142,0.0493694,0.333333,0,0.4664,0.00492325,0.57507,0.132835,207.329,6.91096,23.0177,18.8899,0.0856598,0.059721,0.0748,0.0102355,0.341184
5b893c968e6a,0,"n_particles: 500, range_std: 0.19",labdesktop,2026-09-20T10:04:26+00:00,1073b69d29e5,500,0.19,0.0305187,0.233333,0,0.489714,0.00507591,0.60179,0.2587,206.887,6.89625,1.12903,1.14775,0.0362908,0.0378751,0.0248799,0.00935786,0.311929
7359bbf49cd2,1,"n_particles: 500, range_std: 0.19",labdesktop,2026-09-20T10:04:26+00:00,1073b69d29e5,500,0.19,0.0436984,0.3,0,0.513778,0.00517627,0.608263,0.244352,214.773,7.15909,2.58573,2.4547,0.0575175,0.0472912,0.050817,0.0104257,0.347523
fbae8f69395c,2,"n_particles: 500, range_std: 0.19",labdesktop,2026-09-20T10:04:26+00:00,1073b69d29e5,500,0.19,0.0485506,0.3,0,0.470444,0.0042807,0.653055,0.0661137,181.729,6.05762,38.5325,24.6269,0.0849391,0.0522771,0.0603364,0.00995551,0.33185
3074cc134dd6,3,"n_particles: 500, range_std: 0.19",labdesktop,2026-09-20T10:04:26+00:00,1073b69d29e5,500,0.19,0.0310888,0.266667,0,0.50575,0.00451384,0.641181,0.238169,204.639,6.8213,8.16888,6.31997,0.056514,0.0229622,0.0159638,0.00951913,0.317304
167e5ebe5ea8,4,"n_particles: 500, range_std: 0.19",labdesktop,2026-09-20T10:04:26+00:00,1073b69d29e5,500,0.19,0.040533,0.233333,0,0.473429,0.0043444,0.672973,0.240471,199.171,6.63904,9.43646,8.65922,0.058786,0.0415849,0.0618542,0.00930656,0.310219
6242bb35cc05,5,"n_particles: 500, range_std: 0.19",labdesktop,2026-09-20T10:04:26+00:00,1073b69d29e5,500,0.19,0.0483029,0.2,0,0.446,0.00450117,0.647867,0.0659718,211.887,7.0629,5.30915,3.64378,0.0530727,0.0417623,0.0435103,0.00879143,0.293048
70542a7b2194,6,"n_particles: 500, range_std: 0.19",labdesktop,2026-09-20T10:04:26+00:00,1073b69d29e5,500,0.19,0.0454414,0.3,0,0.474889,0.00420896,0.590144,0.17232,209.125,6.97084,3.22729,2.9378,0.0588852,0.0415263,0.0237778,0.00986342,0.328781
63f2c30973d7,7,"n_particles: 500, range_std: 0.19",labdesktop,2026-09-20T10:04:26+00:00,1073b69d29e5,500,0.19,0.0454579,0.266667,0,0.48725,0.00458749,0.611074,0.188298,214.129,7.13762,8.28822,7.68051,0.0835451,0.0481865,0.120712,0.00952306,0.317435
33bc7d9a3504,8,"n_particles: 500, range_std: 0.19",labdesktop,2026-09-20T10:04:26+00:00,1073b69d29e5,500,0.19,0.0737323,0.3,0,0.485556,0.00454338,0.629968,0.0653787,169.365,5.64549,207.058,62.2865,0.166899,0.104666,0.223905,0.00987154,0.329051
b4244d4de514,9,"n_particles: 500, range_std: 0.19",labdesktop,2026-09-20T10:04:26+00:00,1073b69d29e5,500,0.19,0.0589215,0.333333,0,0.456,0.00442911,0.571684,0.180276,194.24,6.47467,4.66785,2.1741,0.064417,0.0426104,0.0627803,0.0107992,0.359974
196f97c3a863,10,"n_particles: 500, range_std: 0.19",labdesktop,2026-09-20T10:04:26+00:00,1073b69d29e5,500,0.19,0.0307553,0.3,0,0.535111,0.00416396,0.644615,0.269065,216.133,7.20443,4.48817,5.12107,0.0472824,0.0230542,0.0352859,0.00995009,0.33167
e66634c18bfa,11,"n_particles: 500, range_std: 0.19",labdesktop,2026-09-20T10:04:26+00:00,1073b69d29e5,500,0.19,0.0412475,0.333333,0,0.5126,0.00453478,0.609736,0.232237,212.485,7.08282,4.6627,2.69808,0.0664706,0.0322882,0.0558232,0.0102956,0.343186
682a44949dd2,12,"n_particles: 500, range_std: 0.19",labdesktop,2026-09-20T10:04:26+00:00,1073b69d29e5,500,0.19,0.0399965,0.4,0,0.487167,0.00380702,0.588658,0.163819,188.624,6.28745,10.3006,9.99543,0.0622147,0.0371744,0.0264052,0.0108107,0.360358
a89061bb1f30,13,"n_particles: 500, range_std: 0.19",labdesktop,2026-09-20T10:04:26+00:00,1073b69d29e5,500,0.19,0.0447498,0.266667,0,0.4875,0.00468366,0.624668,0.23499,217.047,7.23491,7.12511,7.49023,0.0780387,0.0419349,0.0851183,0.00948939,0.316313
72dc5883c2f6,14,"n_particles: 500, range_std: 0.19",labdesktop,2026-09-20T10:04:26+00:00,1073b69d29e5,500,0.19,0.0553398,0.433333,0,0.463231,0.00371371,0.546701,0.0900628,173.5,5.78333,13.6068,11.7526,0.105054,0.0376669,0.121234,0.0111235,0.370784
0474f6dfedfe,15,"n_particles: 500, range_std: 0.19",labdesktop,2026-09-20T10:04:26+00:00,1073b69d29e5,500,0.19,0.0411517,0.266667,0,0.52825,0.0041606,0.664243,0.256806,221.125,7.37082,6.17287,6.31766,0.0698841,0.0254527,0.00743857,0.00933018,0.311006
5d174121ba27,16,"n_particles: 500, range_std: 0.19",labdesktop,2026-09-20T10:04:26+00:00,1073b69d29e5,500,0.19,0.0427391,0.333333,0,0.448,0.00437054,0.580266,0.0345487,225.027,7.50089,11.9469,11.7558,0.0771794,0.0414439,0.0765353,0.0102276,0.34092
194205adbd42,17,"n_particles: 500, range_std: 0.19",labdesktop,2026-09-20T10:04:26+00:00,1073b69d29e5,500,0.19,0.0529738,0.266667,0,0.419,0.00358869,0.649924,0.0389149,194.756,6.49185,2.6386,1.30628,0.0599994,0.0399864,0.0395319,0.00964368,0.321456
2e6fa51313e4,18,"n_particles: 500, range_std: 0.19",labdesktop,2026-09-20T10:04:26+00:00,1073b69d29e5,500,0.19,0.040965,0.3,0,0.468667,0.00445208,0.619946,0.235857,197,6.56668,7.62664,6.38332,0.0825473,0.045537,0.0740089,0.00982927,0.327642
fd91dee776dd,19,"n_particles: 500, range_std: 0.19",labdesktop,2026-09-20T10:04:26+00:00,1073b69d29e5,500,0.19,0.047025,0.333333,0,0.4834,0.00532977,0.551573,0.169274,214.715,7.15715,8.15836,7.84786,0.0811112,0.0559614,0.0592173,0.0101027,0.336756
16fb8345c15e,0,"n_particles: 500, range_std: 0.253",labdesktop,2026-09-20T10:04:26+00:00,1073b69d29e5,500,0.253,0.0321618,0.233333,0,0.524,0.00412154,0.689413,0.315686,201.34,6.71135,0.788039,0.780688,0.03476,0.0340292,0.0317735,0.00969588,0.323196
d717884d53f8,1,"n_particles: 500, range_std: 0.253",labdesktop,2026-09-20T10:04:26+00:00,1073b69d29e5,500,0.253,0.044512,0.266667,0,0.478,0.00486821,0.609455,0.182361,206.668,6.88894,1.32089,1.16849,0.052075,0.0374504,0.0437681,0.0100141,0.333804
8c4f10018462,2,"n_particles: 500, range_std: 0.253",labdesktop,2026-09-20T10:04:26+00:00,1073b69d29e5,500,0.253,0.0417081,0.3,0,0.493333,0.00468615,0.610973,0.128067,182.618,6.08728,22.2437,19.3101,0.0963523,0.0450457,0.100119,0.00978734,0.326245
b0429f239e53,3,"n_particles: 500, range_std: 0.253",labdesktop,2026-09-20T10:04:26+00:00,1073b69d29e5,500,0.253,0.0329301,0.233333,0,0.539429,0.00478684,0.641306,0.317234,199.154,6.63848,7.21448,5.22531,0.0585122,0.0241947,0.0197148,0.00941385,0.313795
f35786bd169c,4,"n_particles: 500, range_std: 0.253",labdesktop,2026-09-20T10:04:26+00:00,1073b69d29e5,500,0.253,0.0457155,0.233333,0,0.517429,0.00408885,0.675801,0.27235,196.83,6.56101,9.35411,9.01866,0.0655779,0.0488726,0.0687197,0.00958442,0.319481
5c92d901a747,5,"n_particles: 500, range_std: 0.253",labdesktop,2026-09-20T10:04:26+00:00,1073b69d29e5,500,0.253,0.0468531,0.2,0,0.463333,0.00453203,0.653777,0.153188,205.775,6.85916,3.09819,2.14092,0.054298,0.0392585,0.054539,0.00875319,0.291773
10238c53253c,6,"n_particles: 500, range_std: 0.253",labdesktop,2026-09-20T10:04:26+00:00,1073b69d29e5,500,0.253,0.0424935,0.266667,0,0.522,0.00422858,0.63172,0.278144,205,6.83333,3.67439,3.15216,0.0616168,0.0345257,0.0234863,0.0093881,0.312937
327299989564,7,"n_particles: 500, range_std: 0.253",labdesktop,2026-09-20T10:04:26+00:00,1073b69d29e5,500,0.253,0.0519815,0.3,0,0.524444,0.00417312,0.633084,0.267734,207.407,6.91355,6.553,6.75642,0.0937739,0.0531256,0.127753,0.00974743,0.324914
fa22eee44c4e,8,"n_particles: 500, range_std: 0.253",labdesktop,2026-09-20T10:04:26+00:00,1073b69d29e5,500,0.253,0.0853743,0.266667,0,0.489,0.00358465,0.676833,0.234891,190.049,6.33496,6.85947,6.02018,0.0883121,0.0791583,0.0164987,0.00973905,0.324635
708577440f32,9,"n_particles: 500, range_std: 0.253",labdesktop,2026-09-20T10:04:26+00:00,1073b69d29e5,500,0.253,0.0641083,0.3,0,0.524889,0.00500566,0.587781,0.256212,189.667,6.32223,2.10258,0.935089,0.0650363,0.034703,0.079879,0.00974385,0.324795
b9a1bf8ea7a7,10,"n_particles: 500, range_std: 0.253",labdesktop,2026-09-20T10:04:26+00:00,1073b69d29e5,500,0.253,0.0316818,0.2,0,0.482333,0.00456465,0.651693,0.255621,208.082,6.93606,3.23288,3.53313,0.0476635,0.0215602,0.0529148,0.00857388,0.285796
8a2fb1f46391,11,"n_particles: 500, range_std: 0.253",labdesktop,2026-09-20T10:04:26+00:00,1073b69d29e5,500,0.253,0.0373685,0.266667,0,0.49175,0.00412521,0.640019,0.280076,207.629,6.92098,5.1437,3.6901,0.0549895,0.0267491,0.0306539,0.00934312,0.311437
26613e656b7a,12,"n_particles: 500, range_std: 0.253",labdesktop,2026-09-20T10:04:26+00:00,1073b69d29e5,500,0.253,0.0476631,0.266667,0,0.498,0.00449129,0.623682,0.230105,191.646,6.3882,4.39945,3.7382,0.0589239,0.0405588,0.0388293,0.00963776,0.321259
0ed8de16c7c1,13,"n_particles: 500, range_std: 0.253",labdesktop,2026-09-20T10:04:26+00:00,1073b69d29e5,500,0.253,0.0453649,0.266667,0,0.48525,0.00456852,0.605812,0.202992,209.789,6.99297,10.7945,12.4286,0.0846554,0.043231,0.108238,0.00944136,0.314712
08974f47710e,14,"n_particles: 500, range_std: 0.253",labdesktop,2026-09-20T10:04:26+00:00,1073b69d29e5,500,0.253,0.0428196,0.333333,0,0.5502,0.00428143,0.647416,0.282411,183.65,6.12166,18.4089,13.4407,0.101993,0.0311748,0.132059,0.0102824,0.342747
df324e6e9224,15,"n_particles: 500, range_std: 0.253",labdesktop,2026-09-20T10:04:26+00:00,1073b69d29e5,500,0.253,0.0446776,0.266667,0,0.5295,0.0042218,0.649392,0.312022,206.973,6.89909,5.40884,5.55138,0.0758954,0.0319847,0.00289608,0.00942928,0.314309
f6af671effb0,16,"n_particles: 500, range_std: 0.253",labdesktop,2026-09-20T10:04:26+00:00,1073b69d29e5,500,0.253,0.0443554,0.366667,0,0.486545,0.00402259,0.597201,0.0865502,215.563,7.18545,7.63731,8.08917,0.0762955,0.040418,0.0639868,0.0109135,0.363785
c53d9359bb6d,17,"n_particles: 500, range_std: 0.253",labdesktop,2026-09-20T10:04:26+00:00,1073b69d29e5,500,0.253,0.0584728,0.3,0,0.487111,0.00359503,0.637547,0.126268,190.451,6.34836,1.74747,0.566474,0.065555,0.0403186,0.0372145,0.00984757,0.328252
09184f2a54d9,18,"n_particles: 500, range_std: 0.253",labdesktop,2026-09-20T10:04:26+00:00,1073b69d29e5,500,0.253,0.0350268,0.233333,0,0.504286,0.00480625,0.644956,0.282764,197.083,6.56945,6.42716,5.43258,0.0798429,0.0393815,0.0836995,0.0092475,0.30825
22ead59e4794,19,"n_particles: 500, range_std: 0.253",labdesktop,2026-09-20T10:04:26+00:00,1073b69d29e5,500,0.253,0.0459683,0.333333,0,0.5228,0.00439545,0.621862,0.265563,206.409,6.88029,3.04625,2.7958,0.0639237,0.0464301,0.0454996,0.0102521,0.341736
e72625bef54a,0,"n_particles: 500, range_std: 0.337",labdesktop,2026-09-20T10:04:26+00:00,1073b69d29e5,500,0.337,0.0327798,0.233333,0,0.536286,0.00423284,0.674819,0.364749,183.548,6.11827,0.58498,0.549421,0.0333666,0.0301113,0.0314583,0.0139966,0.466553
5105e344fc8c,1,"n_particles: 500, range_std: 0.337",labdesktop,2026-09-20T10:04:26+00:00,1073b69d29e5,500,0.337,0.0437611,0.233333,0,0.474286,0.0053642,0.599879,0.237816,187.2,6.23999,1.40969,1.03282,0.0575529,0.0400862,0.0588526,0.010463,0.348766
c50cc222959b,2,"n_particles: 500, range_std: 0.337",labdesktop,2026-09-20T10:04:26+00:00,1073b69d29e5,500,0.337,0.0443856,0.3,0,0.515333,0.00432331,0.622013,0.171252,172.309,5.74363,11.7638,10.1578,0.0948557,0.0426022,0.0774364,0.0166169,0.553895
b406c1f0be1a,3,"n_particles: 500, range_std: 0.337",labdesktop,2026-09-20T10:04:26+00:00,1073b69d29e5,500,0.337,0.0383456,0.233333,0,0.512571,0.00451921,0.653283,0.311134,180.84,6.02801,5.96127,4.88163,0.0623275,0.0259559,0.0172779,0.0158214,0.527381
94ebac8566e0,4,"n_particles: 500, range_std: 0.337",labdesktop,2026-09-20T10:04:26+00:00,1073b69d29e5,500,0.337,0.0526444,0.233333,0,0.490286,0.00458797,0.641251,0.1427,180.632,6.02105,3.14527,2.85277,0.0710404,0.0530657,0.057555,0.0134336,0.447785
00d9d3bfe3a0,5,"n_particles: 500, range_std: 0.337",labdesktop,2026-09-20T10:04:26+00:00,1073b69d29e5,500,0.337,0.0400784,0.2,0,0.508667,0.00464377,0.670637,0.210767,189.011,6.30037,1.95465,1.44363,0.0459017,0.032302,0.0378185,0.0119197,0.397324
62d2aa689f26,6,"n_particles: 500, range_std: 0.337",labdesktop,2026-09-20T10:04:26+00:00,1073b69d29e5,500,0.337,0.0418171,0.266667,0,0.534,0.00420411,0.66154,0.33253,187.703,6.25675,3.41472,2.73619,0.0634773,0.0310692,0.0240801,0.0131849,0.439497
dfbd3cc7cd05,7,"n_particles: 500, range_std: 0.337",labdesktop,2026-09-20T10:04:26+00:00,1073b69d29e5,500,0.337,0.0611692,0.3,0,0.516444,0.00435977,0.652268,0.293895,188.565,6.2855,8.37202,7.33767,0.111118,0.0574346,0.147768,0.0129714,0.432381
72c16c092efe,8,"n_particles: 500, range_std: 0.337",labdesktop,2026-09-20T10:04:26+00:00,1073b69d29e5,500,0.337,0.0708891,0.266667,0,0.51075,0.00362155,0.694349,0.304133,174.205,5.80684,8.99167,7.63265,0.0872589,0.0645933,0.0257566,0.0102436,0.341455
1c96853f7f71,9,"n_particles: 500, range_std: 0.337",labdesktop,2026-09-20T10:04:26+00:00,1073b69d29e5,500,0.337,0.0474274,0.3,0,0.560667,0.00549883,0.594277,0.362516,176.184,5.87279,2.22492,0.681671,0.0564154,0.0314256,0.0506983,0.00992047,0.330682
e79876a42590,10,"n_particles: 500, range_std: 0.337",labdesktop,2026-09-20T10:04:26+00:00,1073b69d29e5,500,0.337,0.0354918,0.2,0,0.521667,0.00437992,0.649849,0.305649,188.63,6.28767,2.89884,2.43563,0.0531715,0.0222971,0.0579838,0.00859212,0.286404
da3b2db0c635,11,"n_particles: 500, range_std: 0.337",labdesktop,2026-09-20T10:04:26+00:00,1073b69d29e5,500,0.337,0.0427547,0.266667,0,0.52775,0.00398701,0.667079,0.305385,189.235,6.30782,5.82369,4.61118,0.0568089,0.030318,0.0325239,0.00927413,0.309138
6427fcaa9e2c,12,"n_particles: 500, range_std: 0.337",labdesktop,2026-09-20T10:04:26+00:00,1073b69d29e5,500,0.337,0.0566097,0.266667,0,0.50625,0.00438739,0.613782,0.237278,176.934,5.8978,2.62029,2.40669,0.0635835,0.0434223,0.0431109,0.00938157,0.312719
87679311b9e0,13,"n_particles: 500, range_std: 0.337",labdesktop,2026-09-20T10:04:26+00:00,1073b69d29e5,500,0.337,0.0521937,0.266667,0,0.52425,0.00517815,0.591852,0.160443,190.4,6.34667,4.81992,4.38276,0.079235,0.0417469,0.0683191,0.0093913,0.313043
fee3a07c8d8b,14,"n_particles: 500, range_std: 0.337",labdesktop,2026-09-20T10:04:26+00:00,1073b69d29e5,500,0.337,0.044315,0.266667,0,0.50725,0.0050517,0.640668,0.316321,174.646,5.82152,7.39139,6.84817,0.0981109,0.0321227,0.124062,0.00915857,0.305286
d3fbb37f81c1,15,"n_particles: 500, range_std: 0.337",labdesktop,2026-09-20T10:04:26+00:00,1073b69d29e5,500,0.337,0.0486513,0.266667,0,0.5385,0.00392746,0.683824,0.252007,183.537,6.11789,5.90096,6.46077,0.0818599,0.0323628,0.0138199,0.00924984,0.308328
f8eedcb15e9b,16,"n_particles: 500, range_std: 0.337",labdesktop,2026-09-20T10:04:26+00:00,1073b69d29e5,500,0.337,0.0472599,0.233333,0,0.497143,0.00421299,0.61106,0.229083,196.247,6.54156,4.80792,3.27987,0.0822743,0.0448442,0.0996503,0.00905886,0.301962
c921567e1661,17,"n_particles: 500, range_std: 0.337",labdesktop,2026-09-20T10:04:26+00:00,1073b69d29e5,500,0.337,0.0652234,0.333333,0,0.5154,0.00354746,0.619227,0.157752,172.989,5.76632,1.97767,0.912992,0.0781424,0.0430355,0.0435448,0.0101416,0.338054
6baef6defa0d,18,"n_particles: 500, range_std: 0.337",labdesktop,2026-09-20T10:04:26+00:00,1073b69d29e5,500,0.337,0.0344544,0.266667,0,0.53025,0.00389509,0.654611,0.32254,182.196,6.07321,5.18175,4.10769,0.0775826,0.0361971,0.0864064,0.00911491,0.30383
0f175aeb9fd6,19,"n_particles: 500, range_std: 0.337",labdesktop,2026-09-20T10:04:26+00:00,1073b69d29e5,500,0.337,0.0464719,0.333333,0,0.5316,0.00460205,0.613845,0.309633,183.121,6.10402,2.49358,2.20754,0.0762699,0.0471274,0.0912278,0.00986037,0.328679
a943accc7efa,0,"n_particles: 500, range_std: 0.45",labdesktop,2026-09-20T10:04:26+00:00,1073b69d29e5,500,0.45,0.0336863,0.233333,0,0.506857,0.00436719,0.644913,0.339271,158.217,5.27389,0.580555,0.548575,0.0343424,0.0286798,0.0416779,0.00906986,0.302329
e943b4fdb3b1,1,"n_particles: 500, range_std: 0.45",labdesktop,2026-09-20T10:04:26+00:00,1073b69d29e5,500,0.45,0.0508847,0.266667,0,0.5095,0.00456505,0.632707,0.262183,161.28,5.37599,1.32203,1.04164,0.06273,0.0461742,0.0679208,0.00941716,0.313905
cdf62b5782be,2,"n_particles: 500, range_std: 0.45",labdesktop,2026-09-20T10:04:26+00:00,1073b69d29e5,500,0.45,0.0785515,0.266667,0,0.4585,0.00404786,0.624152,0.199711,151.333,5.04443,4.63805,3.9161,0.101261,0.0450957,0.058057,0.00913209,0.304403
a5b8a3930136,3,"n_particles: 500, range_std: 0.45",labdesktop,2026-09-20T10:04:26+00:00,1073b69d29e5,500,0.45,0.0444733,0.266667,0,0.54925,0.00413331,0.664687,0.317132,155.513,5.18378,6.37057,6.02213,0.0689677,0.0270522,0.0204226,0.00918616,0.306205
e86b5d3f0cf0,4,"n_particles: 500, range_std: 0.45",labdesktop,2026-09-20T10:04:26+00:00,1073b69d29e5,500,0.45,0.060412,0.3,0,0.539111,0.00389831,0.621609,0.28876,155.623,5.18744,7.36318,5.38813,0.0832657,0.0546097,0.0857337,0.0100164,0.333881
c036a9657ae2,5,"n_particles: 500, range_std: 0.45",labdesktop,2026-09-20T10:04:26+00:00,1073b69d29e5,500,0.45,0.0388009,0.233333,0,0.479714,0.00487801,0.627972,0.275639,163.524,5.45081,1.70723,1.05574,0.0448057,0.0285751,0.0146821,0.00901388,0.300463
025c6ee42ac2,6,"n_particles: 500, range_std: 0.45",labdesktop,2026-09-20T10:04:26+00:00,1073b69d29e5,500,0.45,0.0417525,0.266667,0,0.54,0.00366962,0.676019,0.36965,163.644,5.45479,3.14188,2.47685,0.0646566,0.0294694,0.0270735,0.00968058,0.322686
94e90e06ef8f,7,"n_particles: 500, range_std: 0.45",labdesktop,2026-09-20T10:04:26+00:00,1073b69d29e5,500,0.45,0.06685,0.333333,0,0.5232,0.0039749,0.637542,0.311292,164.271,5.47569,8.98422,5.65876,0.115516,0.0556712,0.138812,0.010136,0.337868
da89ca3b0f86,8,"n_particles: 500, range_std: 0.45",labdesktop,2026-09-20T10:04:26+00:00,1073b69d29e5,500,0.45,0.0709873,0.266667,0,0.522,0.00477263,0.585617,0.263922,150.462,5.01542,6.05325,5.78101,0.0855931,0.0568958,0.00536874,0.00953571,0.317857
569254cd0f3e,9,"n_particles: 500, range_std: 0.45",labdesktop,2026-09-20T10:04:26+00:00,1073b69d29e5,500,0.45,0.053631,0.266667,0,0.55125,0.00490264,0.621945,0.328507,152.635,5.08784,2.15159,0.952349,0.0630988,0.0331683,0.0822689,0.00925295,0.308432
ac562def1246,10,"n_particles: 500, range_std: 0.45",labdesktop,2026-09-20T10:04:26+00:00,1073b69d29e5,500,0.45,0.0438107,0.266667,0,0.5295,0.00411712,0.649682,0.314282,162.014,5.40047,2.78892,2.69062,0.0660535,0.0255367,0.0661741,0.00927829,0.309276
09b31e697d55,11,"n_particles: 500, range_std: 0.45",labdesktop,2026-09-20T10:04:26+00:00,1073b69d29e5,500,0.45,0.0462979,0.2,0,0.503667,0.00505352,0.619343,0.314235,163.855,5.46183,5.68369,5.11926,0.0607372,0.0309982,0.0419062,0.00850995,0.283665
90c547303c38,12,"n_particles: 500, range_std: 0.45",labdesktop,2026-09-20T10:04:26+00:00,1073b69d29e5,500,0.45,0.0598569,0.2,0,0.476,0.00462335,0.644621,0.231611,154.779,5.1593,2.22856,1.90599,0.0713856,0.0457917,0.0516604,0.00876622,0.292207
9253381aad43,13,"n_particles: 500, range_std: 0.45",labdesktop,2026-09-20T10:04:26+00:00,1073b69d29e5,500,0.45,0.0587915,0.3,0,0.543333,0.00373615,0.66891,0.340585,165.095,5.50318,3.09207,2.25462,0.0752073,0.0408388,0.0683125,0.00957511,0.31917
3d4fe9886100,14,"n_particles: 500, range_std: 0.45",labdesktop,2026-09-20T10:04:26+00:00,1073b69d29e5,500,0.45,0.0466104,0.266667,0,0.54725,0.00425726,0.676887,0.309681,153.733,5.12443,5.77326,4.41218,0.0936554,0.0295181,0.119242,0.00947601,0.315867
c125031bc2fa,15,"n_particles: 500, range_std: 0.45",labdesktop,2026-09-20T10:04:26+00:00,1073b69d29e5,500,0.45,0.0555071,0.2,0,0.499,0.00422634,0.685728,0.158051,155.401,5.18004,6.8468,7.38201,0.0868891,0.0355657,0.0258202,0.00862685,0.287562
4f83d5e8c1e0,16,"n_particles: 500, range_std: 0.45",labdesktop,2026-09-20T10:04:26+00:00,1073b69d29e5,500,0.45,0.0592969,0.266667,0,0.47225,0.00450757,0.633465,0.170936,170.165,5.67217,4.90761,4.17169,0.0877101,0.0431519,0.0938679,0.00946832,0.315611
5c619276bc2c,17,"n_particles: 500, range_std: 0.45",labdesktop,2026-09-20T10:04:26+00:00,1073b69d29e5,500,0.45,0.0697731,0.366667,0,0.528727,0.00363379,0.628607,0.120167,148.365,4.94551,2.13445,1.18032,0.0877063,0.0480189,0.0483646,0.0103658,0.345527
69306515cf60,18,"n_particles: 500, range_std: 0.45",labdesktop,2026-09-20T10:04:26+00:00,1073b69d29e5,500,0.45,0.0345061,0.233333,0,0.521143,0.004611,0.637126,0.299518,158.65,5.28834,3.64369,3.33733,0.0811491,0.0338965,0.10028,0.0088665,0.29555
bfcf658339c5,19,"n_particles: 500, range_std: 0.45",labdesktop,2026-09-20T10:04:26+00:00,1073b69d29e5,500,0.45,0.048135,0.333333,0,0.5452,0.00453445,0.627617,0.326356,157.057,5.23523,2.85516,1.80886,0.0774695,0.0457768,0.0794037,0.00994795,0.331598
01427367e073,0,"n_particles: 500, range_std: 0.6",labdesktop,2026-09-20T10:04:26+00:00,1073b69d29e5,500,0.6,0.0363662,0.2,0,0.488667,0.0046553,0.646444,0.303901,128.892,4.2964,0.569157,0.513111,0.0385105,0.0290692,0.0275316,0.00889535,0.296512
d39e369751b8,1,"n_particles: 500, range_std: 0.6",labdesktop,2026-09-20T10:04:26+00:00,1073b69d29e5,500,0.6,0.0522627,0.266667,0,0.54925,0.00473717,0.617757,0.294043,131.074,4.36912,1.20449,1.0167,0.0645725,0.0460959,0.0672895,0.00923406,0.307802
487cbef5afdb,2,"n_particles: 500, range_std: 0.6",labdesktop,2026-09-20T10:04:26+00:00,1073b69d29e5,500,0.6,0.0596925,0.266667,0,0.48425,0.00442007,0.600259,0.220353,124.943,4.16478,7.3563,6.34436,0.108108,0.0465499,0.0835317,0.00939881,0.313294
fa92db5aefc4,3,"n_particles: 500, range_std: 0.6",labdesktop,2026-09-20T10:04:26+00:00,1073b69d29e5,500,0.6,0.0506582,0.266667,0,0.5285,0.00443873,0.610787,0.316598,126.193,4.20644,4.63598,4.37929,0.0714104,0.0287238,0.0235785,0.00923972,0.307991
584462b29c9a,4,"n_particles: 500, range_std: 0.6",labdesktop,2026-09-20T10:04:26+00:00,1073b69d29e5,500,0.6,0.0698371,0.3,0,0.549556,0.00426294,0.655726,0.28797,127.872,4.26241,6.3145,5.14313,0.0832444,0.0543789,0.0460108,0.00969282,0.323094
80b260385de1,5,"n_particles: 500, range_std: 0.6",labdesktop,2026-09-20T10:04:26+00:00,1073b69d29e5,500,0.6,0.03548,0.233333,0,0.497429,0.00468988,0.628549,0.294871,134.938,4.49794,1.6051,1.20615,0.0440153,0.0266776,0.021109,0.00880919,0.29364
10672a9412d2,6,"n_particles: 500, range_std: 0.6",labdesktop,2026-09-20T10:04:26+00:00,1073b69d29e5,500,0.6,0.04025,0.266667,0,0.5435,0.00403262,0.679676,0.388555,134.715,4.49051,3.15143,2.72071,0.0659016,0.029561,0.0259553,0.00941947,0.313982
7a59ab0b6b30,7,"n_particles: 500, range_std: 0.6",labdesktop,2026-09-20T10:04:26+00:00,1073b69d29e5,500,0.6,0.0750911,0.366667,0,0.525091,0.00481043,0.576869,0.192946,129.768,4.32561,14.1314,7.20311,0.130775,0.0611452,0.119141,0.0103191,0.343969
b4991f14655f,8,"n_particles: 500, range_std: 0.6",labdesktop,2026-09-20T10:04:26+00:00,1073b69d29e5,500,0.6,0.0880155,0.366667,0,0.525273,0.00377824,0.631403,0.286075,117.53,3.91767,6.34683,5.11064,0.102426,0.0515475,0.108637,0.0105721,0.352405
4e3a0797b66e,9,"n_particles: 500, range_std: 0.6",labdesktop,2026-09-20T10:04:26+00:00,1073b69d29e5,500,0.6,0.0620705,0.266667,0,0.5615,0.00438924,0.667337,0.398904,124.592,4.15307,2.80602,1.36562,0.0798694,0.0354501,0.101592,0.0105091,0.350304
0a0644b81bb6,10,"n_particles: 500, range_std: 0.6",labdesktop,2026-09-20T10:04:26+00:00,1073b69d29e5,500,0.6,0.0456507,0.2,0,0.511,0.00457174,0.645744,0.354064,132.73,4.42434,2.9081,2.84912,0.0761268,0.0276682,0.0896428,0.00892542,0.297514
6bec66117169,11,"n_particles: 500, range_std: 0.6",labdesktop,2026-09-20T10:04:26+00:00,1073b69d29e5,500,0.6,0.0499159,0.233333,0,0.516,0.0045999,0.635412,0.313705,134.355,4.47849,6.83561,6.47337,0.0646206,0.0333931,0.0426281,0.00903648,0.301216
54cac0c75fa3,12,"n_particles: 500, range_std: 0.6",labdesktop,2026-09-20T10:04:26+00:00,1073b69d29e5,500,0.6,0.0711794,0.233333,0,0.506,0.00510149,0.654554,0.215628,127.518,4.25059,3.41706,2.76345,0.0798359,0.045353,0.0494191,0.0098596,0.328653
1eb0b44cba3a,13,"n_particles: 500, range_std: 0.6",labdesktop,2026-09-20T10:04:26+00:00,1073b69d29e5,500,0.6,0.065247,0.266667,0,0.531,0.00431037,0.627394,0.3687,135.814,4.52715,2.02863,1.65565,0.0769614,0.0410659,0.0696888,0.00920845,0.306948
a538bdc03fc5,14,"n_particles: 500, range_std: 0.6",labdesktop,2026-09-20T10:04:26+00:00,1073b69d29e5,500,0.6,0.0471467,0.233333,0,0.543429,0.0046867,0.650651,0.346125,126.711,4.22371,3.62144,2.25733,0.0965397,0.0301731,0.126928,0.00892809,0.297603
98380729b7b7,15,"n_particles: 500, range_std: 0.6",labdesktop,2026-09-20T10:04:26+00:00,1073b69d29e5,500,0.6,0.0609278,0.2,0,0.495,0.00447935,0.66342,0.152123,124.608,4.15361,7.21697,8.57605,0.0880285,0.048419,0.0204211,0.00857824,0.285941
ab6288be4280,16,"n_particles: 500, range_std: 0.6",labdesktop,2026-09-20T10:04:26+00:00,1073b69d29e5,500,0.6,0.0679308,0.3,0,0.503333,0.00459804,0.633249,0.12539,140.771,4.69238,3.54054,2.93145,0.091086,0.0439833,0.103496,0.0098282,0.327607
e923337418fb,17,"n_particles: 500, range_std: 0.6",labdesktop,2026-09-20T10:04:26+00:00,1073b69d29e5,500,0.6,0.0696874,0.3,0,0.492,0.00421449,0.611144,0.234137,119.487,3.98292,2.95075,2.11702,0.111006,0.0528969,0.139577,0.00987029,0.32901
fc03d6662c71,18,"n_particles: 500, range_std: 0.6",labdesktop,2026-09-20T10:04:26+00:00,1073b69d29e5,500,0.6,0.0391382,0.233333,0,0.524571,0.00453147,0.648409,0.199533,129.961,4.33203,3.77598,3.26365,0.0836959,0.0333095,0.118086,0.00923408,0.307803
c5bda1a55311,19,"n_particles: 500, range_std: 0.6",labdesktop,2026-09-20T10:04:26+00:00,1073b69d29e5,500,0.6,0.0501877,0.266667,0,0.503,0.00434699,0.622264,0.289244,126.239,4.20798,3.52642,1.96052,0.0897282,0.0452235,0.103014,0.00936618,0.312206
ef915a91b15b,0,"n_particles: 500, range_std: 0.8",labdesktop,2026-09-20T10:04:26+00:00,1073b69d29e5,500,0.8,0.0385464,0.233333,0,0.521429,0.00449516,0.666431,0.300574,97.4286,3.24762,0.497442,0.505117,0.0401476,0.0267068,0.0343554,0.00902669,0.30089
23aa493cb743,1,"n_particles: 500, range_std: 0.8",labdesktop,2026-09-20T10:04:26+00:00,1073b69d29e5,500,0.8,0.0515096,0.233333,0,0.527429,0.00513445,0.590627,0.321235,99.5897,3.31966,1.40485,0.983219,0.0684751,0.0437546,0.0813128,0.00881224,0.293741
175bf5528cfd,2,"n_particles: 500, range_std: 0.8",labdesktop,2026-09-20T10:04:26+00:00,1073b69d29e5,500,0.8,0.0573266,0.266667,0,0.4795,0.00408485,0.622596,0.214654,93.2779,3.10926,10.0518,9.69684,0.125433,0.0522462,0.138213,0.00920442,0.306814
1e3d31910d6c,3,"n_particles: 500, range_std: 0.8",labdesktop,2026-09-20T10:04:26+00:00,1073b69d29e5,500,0.8,0.052692,0.266667,0,0.521,0.00463869,0.622637,0.304751,94.6306,3.15435,5.89788,5.56395,0.0752047,0.0290918,0.0224064,0.00930766,0.310255
82a524ebf295,4,"n_particles: 500, range_std: 0.8",labdesktop,2026-09-20T10:04:26+00:00,1073b69d29e5,500,0.8,0.0718692,0.3,0,0.527778,0.00415949,0.636434,0.279064,96.3527,3.21176,6.01665,5.49059,0.0899522,0.0542318,0.062315,0.00975716,0.325239
9e5c13ab69cd,5,"n_particles: 500, range_std: 0.8",labdesktop,2026-09-20T10:04:26+00:00,1073b69d29e5,500,0.8,0.0372979,0.233333,0,0.473429,0.00521587,0.602097,0.229359,103.154,3.43848,2.33094,1.91029,0.0493328,0.0262511,0.0260604,0.00887453,0.295818
f80228f4634d,6,"n_particles: 500, range_std: 0.8",labdesktop,2026-09-20T10:04:26+00:00,1073b69d29e5,500,0.8,0.0413463,0.266667,0,0.54775,0.00410155,0.670452,0.385229,103.326,3.44421,3.53437,2.93107,0.0678169,0.0302506,0.0300494,0.00922074,0.307358
4a06b586a390,7,"n_particles: 500, range_std: 0.8",labdesktop,2026-09-20T10:04:26+00:00,1073b69d29e5,500,0.8,0.0904218,0.4,0,0.5395,0.00398938,0.599249,0.27452,96.0752,3.20251,11.8912,8.68852,0.131883,0.0616185,0.128846,0.0106214,0.354045
7ff910791c0a,8,"n_particles: 500, range_std: 0.8",labdesktop,2026-09-20T10:04:26+00:00,1073b69d29e5,500,0.8,0.0736944,0.266667,0,0.4935,0.00449295,0.586332,0.239882,91.7989,3.05996,6.3572,5.27548,0.0974468,0.0574691,0.0201057,0.00932939,0.31098
44dd7e46ff6d,9,"n_particles: 500, range_std: 0.8",labdesktop,2026-09-20T10:04:26+00:00,1073b69d29e5,500,0.8,0.0663028,0.233333,0,0.544571,0.00450697,0.66039,0.363277,94.6283,3.15428,3.69268,2.25514,0.0861157,0.0384598,0.0997014,0.00886053,0.295351
a5f987677e73,10,"n_particles: 500, range_std: 0.8",labdesktop,2026-09-20T10:04:26+00:00,1073b69d29e5,500,0.8,0.0513422,0.233333,0,0.525143,0.00511396,0.61359,0.351847,101.131,3.37103,4.15157,4.71699,0.0870472,0.0301768,0.108469,0.00889717,0.296572
b24f4a416eb7,11,"n_particles: 500, range_std: 0.8",labdesktop,2026-09-20T10:04:26+00:00,1073b69d29e5,500,0.8,0.0518637,0.233333,0,0.524,0.00495019,0.602384,0.332172,102.701,3.42338,5.44243,5.59242,0.0643413,0.0363475,0.0379815,0.00904162,0.301387
45ba40272e6e,12,"n_particles: 500, range_std: 0.8",labdesktop,2026-09-20T10:04:26+00:00,1073b69d29e5,500,0.8,0.0760791,0.233333,0,0.498,0.00476806,0.611157,0.198805,95.7495,3.19165,3.85396,3.14392,0.0834419,0.0501744,0.048929,0.00915861,0.305287
1886b44fd38d,13,"n_particles: 500, range_std: 0.8",labdesktop,2026-09-20T10:04:26+00:00,1073b69d29e5,500,0.8,0.0758345,0.266667,0,0.496,0.00379202,0.657462,0.190835,103.279,3.44264,1.87283,1.59653,0.0839067,0.0428464,0.0734172,0.00935274,0.311758
0fce502c41ee,14,"n_particles: 500, range_std: 0.8",labdesktop,2026-09-20T10:04:26+00:00,1073b69d29e5,500,0.8,0.0520827,0.266667,0,0.54625,0.00394157,0.67398,0.348967,96.5273,3.21758,5.31153,4.06902,0.0994377,0.0317334,0.136286,0.00927899,0.3093
e4b043f0daa4,15,"n_particles: 500, range_std: 0.8",labdesktop,2026-09-20T10:04:26+00:00,1073b69d29e5,500,0.8,0.0737654,0.2,0,0.480667,0.0062105,0.576113,0.189694,91.7092,3.05697,6.02571,5.86317,0.109489,0.0386625,0.0194246,0.00863121,0.287707
aba8ee159afa,16,"n_particles: 500, range_std: 0.8",labdesktop,2026-09-20T10:04:26+00:00,1073b69d29e5,500,0.8,0.0717788,0.3,0,0.532,0.00400484,0.6325,0.097396,109.127,3.63756,3.89432,3.31304,0.0972099,0.0437015,0.106017,0.00969536,0.323179
91e2f36edf0f,17,"n_particles: 500, range_std: 0.8",labdesktop,2026-09-20T10:04:26+00:00,1073b69d29e5,500,0.8,0.072542,0.333333,0,0.51,0.00516717,0.602435,0.174565,88.7775,2.95925,2.41778,1.48479,0.104035,0.0528467,0.0983488,0.00986101,0.3287
50bfb8f7ecc4,18,"n_particles: 500, range_std: 0.8",labdesktop,2026-09-20T10:04:26+00:00,1073b69d29e5,500,0.8,0.0418513,0.233333,0,0.511714,0.00464092,0.63062,0.159322,99.272,3.30907,3.88134,3.03386,0.0889409,0.0336055,0.131491,0.00893289,0.297763
f7f1fa57e51e,19,"n_particles: 500, range_std: 0.8",labdesktop,2026-09-20T10:04:26+00:00,1073b69d29e5,500,0.8,0.0514233,0.233333,0,0.49,0.00482083,0.620783,0.256284,94.1961,3.13987,3.5964,1.81977,0.0938151,0.0450445,0.136697,0.00896348,0.298783
6e0b155a5c4f,0,"n_particles: 2000, range_std: 0.08",labdesktop,2026-09-20T10:04:26+00:00,1073b69d29e5,2000,0.08,0.0518333,0.6,0,0.406611,0.00122037,0.429403,0.0018314,2.86189,0.0953965,10.8136,8.79059,0.0630334,0.0654405,0.0333913,0.0765392,2.55131
fc331422bbdd,1,"n_particles: 2000, range_std: 0.08",labdesktop,2026-09-20T10:04:26+00:00,1073b69d29e5,2000,0.08,0.0711283,0.533333,0,0.368125,0.0011599,0.457672,0.0017718,40.8784,1.36261,80.3579,23.5356,0.0831716,0.083462,0.0373615,0.0738651,2.46217
10640683839f,2,"n_particles: 2000, range_std: 0.08",labdesktop,2026-09-20T10:04:26+00:00,1073b69d29e5,2000,0.08,0.056931,0.633333,0,0.421895,0.00102387,0.420335,0.0029143,-302.565,-10.0855,2270.77,991.285,0.164046,0.098799,0.246959,0.0771166,2.57055
21c3b80f8816,3,"n_particles: 2000, range_std: 0.08",labdesktop,2026-09-20T10:04:26+00:00,1073b69d29e5,2000,0.08,0.0362688,0.766667,0,0.442457,0.000971892,0.340504,0.02753,7.98609,0.266203,13.9053,10.201,0.0592015,0.0382394,0.0247169,0.0826084,2.75361
d635f031fb5e,4,"n_particles: 2000, range_std: 0.08",labdesktop,2026-09-20T10:04:27+00:00,1073b69d29e5,2000,0.08,0.0430678,0.6,0,0.40025,0.00116232,0.406339,0.00398755,-30.7319,-1.0244,21.6776,17.0723,0.0609147,0.0501858,0.0667696,0.0753497,2.51166
b99180567aa2,5,"n_particles: 2000, range_std: 0.08",labdesktop,2026-09-20T10:04:27+00:00,1073b69d29e5,2000,0.08,0.0542932,0.633333,0,0.434368,0.00169064,0.399007,0.000506697,-2051.97,-68.399,184569,42326.2,0.586681,0.174127,0.985584,0.0773944,2.57981
76641acaf481,6,"n_particles: 2000, range_std: 0.08",labdesktop,2026-09-20T10:04:27+00:00,1073b69d29e5,2000,0.08,0.0481093,0.633333,0,0.373184,0.00106294,0.392227,0.00248853,-789.693,-26.3231,30184.4,9295.41,0.361884,0.123044,0.588446,0.075815,2.52717
5ec9a4d9d190,7,"n_particles: 2000, range_std: 0.08",labdesktop,2026-09-20T10:04:27+00:00,1073b69d29e5,2000,0.08,0.0490368,0.6,0,0.393361,0.00116865,0.409424,0.0255791,12.7336,0.424452,183.322,86.0143,0.0966153,0.0523863,0.148223,0.0756898,2.52299
c3f91586ad44,8,"n_particles: 2000, range_std: 0.08",labdesktop,2026-09-20T10:04:27+00:00,1073b69d29e5,2000,0.08,0.0525889,0.633333,0,0.428947,0.00126001,0.372124,0.00207124,-1361.57,-45.3858,102412,9028.93,0.499145,0.182142,0.869752,0.0429384,1.43128
2f69df0727f4,9,"n_particles: 2000, range_std: 0.08",labdesktop,2026-09-20T10:04:27+00:00,1073b69d29e5,2000,0.08,0.046873,0.533333,0,0.377844,0.00132957,0.410524,0.00111722,-536.926,-17.8975,12882,6842.35,0.282105,0.11868,0.412037,0.0389367,1.29789
c6b3c70e5587,10,"n_particles: 2000, range_std: 0.08",labdesktop,2026-09-20T10:04:27+00:00,1073b69d29e5,2000,0.08,0.0435798,0.566667,0,0.456529,0.00135995,0.428859,0.0381381,49.8984,1.66328,11.2408,10.8066,0.0632509,0.0617547,0.0352419,0.0398053,1.32684
e239561b1303,11,"n_particles: 2000, range_std: 0.08",labdesktop,2026-09-20T10:04:27+00:00,1073b69d29e5,2000,0.08,0.0467047,0.466667,0,0.406536,0.00162489,0.467299,0.00490198,8.75506,0.291835,71.8339,63.9211,0.0786306,0.0500906,0.0803608,0.0364638,1.21546
f7244d347786,12,"n_particles: 2000, range_std: 0.08",labdesktop,2026-09-20T10:04:27+00:00,1073b69d29e5,2000,0.08,0.0385976,0.633333,0,0.458132,0.00109637,0.422822,0.0453749,-77.4326,-2.58109,223.836,119.878,0.0963025,0.0404123,0.079725,0.0750753,2.50251
5efab986da29,13,"n_particles: 2000, range_std: 0.08",labdesktop,2026-09-20T10:04:27+00:00,1073b69d29e5,2000,0.08,0.0666036,0.6,0,0.411111,0.000865492,0.466417,0.00327738,26.1257,0.870858,44.3641,43.8028,0.0979698,0.0591619,0.0392917,0.0751761,2.50587
ec1aaca430b8,14,"n_particles: 2000, range_std: 0.08",labdesktop,2026-09-20T10:04:27+00:00,1073b69d29e5,2000,0.08,0.0432197,0.666667,0,0.388075,0.000872846,0.376214,0.00265576,-157.459,-5.24864,135.39,72.0078,0.115843,0.0746111,0.0944335,0.0770394,2.56798
c25f3ae10234,15,"n_particles: 2000, range_std: 0.08",labdesktop,2026-09-20T10:04:27+00:00,1073b69d29e5,2000,0.08,0.0427043,0.5,0,0.449267,0.00133535,0.481526,0.0411203,118.591,3.95303,12.5865,9.45425,0.0609448,0.0327522,0.0145162,0.0712145,2.37382
81b319cdc137,16,"n_particles: 2000, range_std: 0.08",labdesktop,2026-09-20T10:04:27+00:00,1073b69d29e5,2000,0.08,0.0500728,0.4,0,0.368042,0.00156548,0.505332,0.0020779,79.9435,2.66478,13.1437,3.1041,0.0622013,0.0540809,0.0128105,0.0345935,1.15312
a1b2ab3015d4,17,"n_particles: 2000, range_std: 0.08",labdesktop,2026-09-20T10:04:27+00:00,1073b69d29e5,2000,0.08,0.0531297,0.566667,0,0.381,0.00103766,0.45369,0.00166925,-30.1831,-1.0061,38.807,14.113,0.0620299,0.068757,0.0387486,0.0725655,2.41885
eee5f0c0ed7b,18,"n_particles: 2000, range_std: 0.08",labdesktop,2026-09-20T10:04:27+00:00,1073b69d29e5,2000,0.08,0.0435724,0.666667,0,0.378875,0.000934189,0.389178,0.00674518,-90.2698,-3.00899,208.184,225.506,0.141406,0.0744048,0.176082,0.0756985,2.52328
8ebeaa524f5f,19,"n_particles: 2000, range_std: 0.08",labdesktop,2026-09-20T10:04:27+00:00,1073b69d29e5,2000,0.08,0.0438331,0.5,0,0.408167,0.00129245,0.454816,0.0235576,41.3751,1.37917,251.287,103.573,0.106253,0.076752,0.133049,0.070055,2.33517
2b552e71c7f5,0,"n_particles: 2000, range_std: 0.107",labdesktop,2026-09-20T10:04:27+00:00,1073b69d29e5,2000,0.107,0.0449431,0.466667,0,0.420107,0.00150308,0.454455,0.0266708,133.161,4.43869,3.01401,2.62359,0.050467,0.0501274,0.019033,0.0660701,2.20234
7b95cdcfdd61,1,"n_particles: 2000, range_std: 0.107",labdesktop,2026-09-20T10:04:27+00:00,1073b69d29e5,2000,0.107,0.0549292,0.533333,0,0.480531,0.00110303,0.499646,0.104184,158.053,5.26842,3.83046,3.08477,0.0596282,0.059043,0.0152928,0.039488,1.31627
d275864d36b0,2,"n_particles: 2000, range_std: 0.107",labdesktop,2026-09-20T10:04:27+00:00,1073b69d29e5,2000,0.107,0.0545054,0.5,0,0.434033,0.00118062,0.488851,0.00824382,3.23623,0.107874,410.979,206.754,0.13045,0.086645,0.19719,0.0377526,1.25842
f855c59930d4,3,"n_particles: 2000, range_std: 0.107",labdesktop,2026-09-20T10:04:27+00:00,1073b69d29e5,2000,0.107,0.0384789,0.6,0,0.497528,0.00138134,0.460179,0.068469,132.726,4.42421,11.6038,10.2857,0.0615623,0.0324678,0.0462334,0.0420906,1.40302
1706d0d5324c,4,"n_particles: 2000, range_std: 0.107",labdesktop,2026-09-20T10:04:27+00:00,1073b69d29e5,2000,0.107,0.0406735,0.433333,0,0.411462,0.00111894,0.499259,0.0724592,111.846,3.72819,13.6199,13.7029,0.0578118,0.0408903,0.0598242,0.0670504,2.23501
a8e1f2560881,5,"n_particles: 2000, range_std: 0.107",labdesktop,2026-09-20T10:04:27+00:00,1073b69d29e5,2000,0.107,0.0564729,0.566667,0,0.456059,0.0012059,0.459538,0.00176361,-154.391,-5.14636,6995.97,1639.47,0.284608,0.130312,0.46266,0.0736143,2.45381
615b21764ef1,6,"n_particles: 2000, range_std: 0.107",labdesktop,2026-09-20T10:04:27+00:00,1073b69d29e5,2000,0.107,0.0729751,0.5,0,0.343033,0.00121483,0.457861,0.0154899,123.916,4.13052,41.6495,28.1516,0.0775781,0.0713689,0.0758511,0.0702928,2.34309
5bdac3c7f099,7,"n_particles: 2000, range_std: 0.107",labdesktop,2026-09-20T10:04:27+00:00,1073b69d29e5,2000,0.107,0.0456789,0.5,0,0.434433,0.00121938,0.481014,0.0494259,146.641,4.88804,4.98007,4.43697,0.062106,0.0484139,0.058427,0.0696745,2.32248
e59286c6e50a,8,"n_particles: 2000, range_std: 0.107",labdesktop,2026-09-20T10:04:27+00:00,1073b69d29e5,2000,0.107,0.0684169,0.533333,0,0.436156,0.00106905,0.486822,0.0346709,-99.5709,-3.31903,4787.16,671.022,0.276245,0.133918,0.445405,0.0397113,1.32371
12b447846d12,9,"n_particles: 2000, range_std: 0.107",labdesktop,2026-09-20T10:04:27+00:00,1073b69d29e5,2000,0.107,0.0528751,0.466667,0,0.443143,0.00107368,0.533489,0.00544758,68.0404,2.26801,188.392,193.7,0.122346,0.0802566,0.103107,0.0366938,1.22313
a309ed74ce70,10,"n_particles: 2000, range_std: 0.107",labdesktop,2026-09-20T10:04:27+00:00,1073b69d29e5,2000,0.107,0.0366852,0.466667,0,0.472821,0.00126857,0.504802,0.147032,159.529,5.31763,6.00999,5.87224,0.0536642,0.0478472,0.0267718,0.0686706,2.28902
590461afadc8,11,"n_particles: 2000, range_std: 0.107",labdesktop,2026-09-20T10:04:27+00:00,1073b69d29e5,2000,0.107,0.0476706,0.366667,0,0.453182,0.00151699,0.499506,0.0800342,150.088,5.00292,6.40702,5.09868,0.049028,0.0399765,0.047167,0.0332887,1.10962
c7c9afba43af,12,"n_particles: 2000, range_std: 0.107",labdesktop,2026-09-20T10:04:27+00:00,1073b69d29e5,2000,0.107,0.0438023,0.466667,0,0.428679,0.00120291,0.493419,0.0261624,89.4475,2.98158,21.0335,19.9188,0.0813838,0.0339061,0.0593745,0.0706517,2.35506
06ac82f8b098,13,"n_particles: 2000, range_std: 0.107",labdesktop,2026-09-20T10:04:27+00:00,1073b69d29e5,2000,0.107,0.0544398,0.433333,0,0.481346,0.00106423,0.543748,0.0209216,153.444,5.11481,11.1715,9.23284,0.0805498,0.052171,0.0489056,0.0689106,2.29702
4eacb3b70628,14,"n_particles: 2000, range_std: 0.107",labdesktop,2026-09-20T10:04:27+00:00,1073b69d29e5,2000,0.107,0.0510222,0.6,0,0.430806,0.00114428,0.448939,0.0239609,51.8961,1.72987,13.7205,11.4259,0.0870461,0.0572,0.0312043,0.0743928,2.47976
176928c7bc8c,15,"n_particles: 2000, range_std: 0.107",labdesktop,2026-09-20T10:04:27+00:00,1073b69d29e5,2000,0.107,0.0403132,0.366667,0,0.486273,0.00106679,0.598852,0.11131,193.365,6.44551,9.55048,8.5924,0.0648348,0.0270922,0.0107744,0.0337504,1.12501
8726830f38af,16,"n_particles: 2000, range_std: 0.107",labdesktop,2026-09-20T10:04:27+00:00,1073b69d29e5,2000,0.107,0.0580027,0.433333,0,0.428808,0.00110476,0.523905,0.0404321,175.267,5.84224,19.8464,12.9075,0.0819694,0.050508,0.0249393,0.0361506,1.20502
edacd9c116a3,17,"n_particles: 2000, range_std: 0.107",labdesktop,2026-09-20T10:04:27+00:00,1073b69d29e5,2000,0.107,0.0570507,0.433333,0,0.350192,0.00127898,0.467117,0.0151831,113.997,3.79989,8.94036,6.54991,0.0705132,0.060947,0.0441638,0.0678594,2.26198
7dbd439a1f58,18,"n_particles: 2000, range_std: 0.107",labdesktop,2026-09-20T10:04:27+00:00,1073b69d29e5,2000,0.107,0.0429114,0.5,0,0.4112,0.00118369,0.461613,0.0494454,97.2828,3.24276,29.9634,22.1173,0.102559,0.0618914,0.113612,0.0381003,1.27001
3cfb09754942,19,"n_particles: 2000, range_std: 0.107",labdesktop,2026-09-20T10:04:27+00:00,1073b69d29e5,2000,0.107,0.0480444,0.4,0,0.437917,0.00124684,0.50971,0.0247987,174.224,5.80746,11.3827,10.7625,0.0676368,0.0628034,0.0458081,0.0351429,1.17143
2c6795534982,0,"n_particles: 2000, range_std: 0.142",labdesktop,2026-09-20T10:04:27+00:00,1073b69d29e5,2000,0.142,0.0401665,0.366667,0,0.473909,0.00114578,0.583128,0.112538,188.857,6.29523,1.45647,1.2389,0.0439469,0.0465433,0.0153314,0.0673694,2.24565
dbe2a00bb6e0,1,"n_particles: 2000, range_std: 0.142",labdesktop,2026-09-20T10:04:27+00:00,1073b69d29e5,2000,0.142,0.0475269,0.433333,0,0.492115,0.00109519,0.554055,0.177411,203.769,6.79231,2.08145,1.60067,0.0504037,0.0456196,0.0165807,0.0696564,2.32188
cfaa9af60d81,2,"n_particles: 2000, range_std: 0.142",labdesktop,2026-09-20T10:04:27+00:00,1073b69d29e5,2000,0.142,0.0537255,0.366667,0,0.441864,0.00125013,0.561026,0.0187625,149.011,4.96704,43.6406,49.7567,0.0830769,0.0625004,0.0304754,0.0661026,2.20342
33966f305f92,3,"n_particles: 2000, range_std: 0.142",labdesktop,2026-09-20T10:04:27+00:00,1073b69d29e5,2000,0.142,0.0370419,0.4,0,0.491708,0.00116156,0.561067,0.0521157,186.78,6.226,6.26153,5.64095,0.0613416,0.02642,0.0204401,0.035224,1.17413
d01c9ce12f8f,4,"n_particles: 2000, range_std: 0.142",labdesktop,2026-09-20T10:04:27+00:00,1073b69d29e5,2000,0.142,0.0392202,0.366667,0,0.469409,0.00114434,0.561998,0.0513868,176.234,5.87446,10.3058,10.2774,0.0527982,0.0363444,0.0347126,0.0341551,1.1385
04c5f42a9356,5,"n_particles: 2000, range_std: 0.142",labdesktop,2026-09-20T10:04:27+00:00,1073b69d29e5,2000,0.142,0.0568608,0.366667,0,0.446364,0.00135972,0.55337,0.00287665,186.225,6.20749,6.11866,5.28681,0.071031,0.0825533,0.0191962,0.064573,2.15243
373ca7873f81,6,"n_particles: 2000, range_std: 0.142",labdesktop,2026-09-20T10:04:27+00:00,1073b69d29e5,2000,0.142,0.0529446,0.4,0,0.482708,0.00110656,0.556291,0.127251,188.933,6.29776,5.65169,5.55729,0.0610855,0.0548384,0.0296316,0.0346457,1.15486
3445f46ef3df,7,"n_particles: 2000, range_std: 0.142",labdesktop,2026-09-20T10:04:27+00:00,1073b69d29e5,2000,0.142,0.0434436,0.433333,0,0.510231,0.00102366,0.58555,0.20817,198.451,6.61504,3.51838,3.27922,0.0652043,0.0473887,0.0644024,0.0697728,2.32576
06e90fdaaf5c,8,"n_particles: 2000, range_std: 0.142",labdesktop,2026-09-20T10:04:27+00:00,1073b69d29e5,2000,0.142,0.0817429,0.4,0,0.432083,0.00112326,0.551182,0.0728396,141.556,4.71852,245.183,107.481,0.162824,0.112465,0.19633,0.0670401,2.23467
636e55833fc3,9,"n_particles: 2000, range_std: 0.142",labdesktop,2026-09-20T10:04:27+00:00,1073b69d29e5,2000,0.142,0.0578677,0.533333,0,0.504406,0.000955949,0.52032,0.0676997,173.566,5.78555,4.16315,3.76431,0.0739637,0.062963,0.0871018,0.0702877,2.34292
5e873b517575,10,"n_particles: 2000, range_std: 0.142",labdesktop,2026-09-20T10:04:27+00:00,1073b69d29e5,2000,0.142,0.0310018,0.3,0,0.506333,0.00124765,0.583519,0.202537,204.785,6.82618,3.63587,3.42473,0.0452822,0.0363426,0.0232115,0.0320891,1.06964
838ea42793f9,11,"n_particles: 2000, range_std: 0.142",labdesktop,2026-09-20T10:04:27+00:00,1073b69d29e5,2000,0.142,0.0419529,0.3,0,0.460444,0.00140514,0.569563,0.189621,201.622,6.72074,5.3557,3.5566,0.0439047,0.034878,0.0302192,0.0316211,1.05404
1fed2195bb54,12,"n_particles: 2000, range_std: 0.142",labdesktop,2026-09-20T10:04:27+00:00,1073b69d29e5,2000,0.142,0.0362468,0.333333,0,0.45595,0.00125002,0.568455,0.145865,162.729,5.42429,10.7551,9.67942,0.0673406,0.0351717,0.0609318,0.033236,1.10787
714c5741db72,13,"n_particles: 2000, range_std: 0.142",labdesktop,2026-09-20T10:04:27+00:00,1073b69d29e5,2000,0.142,0.0499478,0.3,0,0.426222,0.00114306,0.580558,0.134455,203.604,6.7868,7.23034,6.45145,0.0773641,0.0472766,0.0538001,0.0313526,1.04509
3b28f1aade3f,14,"n_particles: 2000, range_std: 0.142",labdesktop,2026-09-20T10:04:27+00:00,1073b69d29e5,2000,0.142,0.0450434,0.5,0,0.493067,0.000914774,0.541942,0.15073,142.671,4.75569,7.64701,6.83101,0.0828197,0.0440087,0.0374919,0.0722112,2.40704
178d1b5b5326,15,"n_particles: 2000, range_std: 0.142",labdesktop,2026-09-20T10:04:27+00:00,1073b69d29e5,2000,0.142,0.0395657,0.266667,0,0.490438,0.00117489,0.622529,0.195193,220.525,7.35082,6.43204,6.6649,0.0665419,0.0242653,0.00923419,0.0302736,1.00912
f4dacad3ed57,16,"n_particles: 2000, range_std: 0.142",labdesktop,2026-09-20T10:04:27+00:00,1073b69d29e5,2000,0.142,0.0463082,0.433333,0,0.505654,0.000949711,0.572574,0.180139,218.775,7.2925,3.5016,2.28133,0.0608249,0.03792,0.0273715,0.0706085,2.35362
dc1462de3e79,17,"n_particles: 2000, range_std: 0.142",labdesktop,2026-09-20T10:04:27+00:00,1073b69d29e5,2000,0.142,0.0525805,0.366667,0,0.422545,0.00123672,0.557475,0.0526822,174.379,5.81265,2.64632,1.64928,0.0642613,0.0482004,0.0507198,0.0670518,2.23506
54b4a15632a3,18,"n_particles: 2000, range_std: 0.142",labdesktop,2026-09-20T10:04:27+00:00,1073b69d29e5,2000,0.142,0.0419464,0.433333,0,0.484231,0.00152519,0.505929,0.0825175,170.648,5.68827,8.73439,8.20409,0.0840013,0.0512554,0.0801094,0.0671244,2.23748
a79693efbaa2,19,"n_particles: 2000, range_std: 0.142",labdesktop,2026-09-20T10:04:27+00:00,1073b69d29e5,2000,0.142,0.0495325,0.366667,0,0.478045,0.00120181,0.556904,0.132821,210.893,7.02978,5.13114,4.76119,0.065413,0.0564481,0.0364249,0.0341482,1.13827
a5e9b6b1b030,0,"n_particles: 2000, range_std: 0.19",labdesktop,2026-09-20T10:04:27+00:00,1073b69d29e5,2000,0.19,0.0377967,0.233333,0,0.465357,0.00126668,0.617137,0.254439,205.875,6.86251,0.912205,0.77683,0.0400596,0.0403194,0.0171136,0.028394,0.946468
612838bdbfb9,1,"n_particles: 2000, range_std: 0.19",labdesktop,2026-09-20T10:04:27+00:00,1073b69d29e5,2000,0.19,0.0444522,0.3,0,0.500611,0.00151968,0.562067,0.234937,215.381,7.17936,1.06909,0.777034,0.048047,0.0410197,0.0160633,0.0312822,1.04274
bda193c9e155,2,"n_particles: 2000, range_std: 0.19",labdesktop,2026-09-20T10:04:27+00:00,1073b69d29e5,2000,0.19,0.051573,0.266667,0,0.446187,0.00115363,0.628379,0.0669603,188.319,6.2773,10.8493,9.46504,0.0804497,0.041377,0.042547,0.0300583,1.00194
7c2f1210c55f,3,"n_particles: 2000, range_std: 0.19",labdesktop,2026-09-20T10:04:27+00:00,1073b69d29e5,2000,0.19,0.0368218,0.3,0,0.521889,0.00125133,0.611151,0.159743,203.62,6.78735,5.32498,4.57094,0.0625782,0.0247067,0.0223929,0.05835,1.945
45c4eb79d08f,4,"n_particles: 2000, range_std: 0.19",labdesktop,2026-09-20T10:04:27+00:00,1073b69d29e5,2000,0.19,0.0420069,0.233333,0,0.464,0.00117516,0.620059,0.23717,199.28,6.64268,5.10701,5.34908,0.0538323,0.0373171,0.0372558,0.0287991,0.959968
66072892029f,5,"n_particles: 2000, range_std: 0.19",labdesktop,2026-09-20T10:04:27+00:00,1073b69d29e5,2000,0.19,0.0497186,0.233333,0,0.427429,0.00115909,0.634678,0.0512771,210.129,7.00431,1.29461,1.04369,0.0522073,0.0616394,0.019234,0.0287344,0.957814
ad6707d6c1eb,6,"n_particles: 2000, range_std: 0.19",labdesktop,2026-09-20T10:04:27+00:00,1073b69d29e5,2000,0.19,0.0462247,0.366667,0,0.488227,0.00119272,0.566797,0.0963287,208.19,6.93968,3.72946,3.67449,0.0585081,0.044077,0.0213517,0.0342585,1.14195
87128007132f,7,"n_particles: 2000, range_std: 0.19",labdesktop,2026-09-20T10:04:27+00:00,1073b69d29e5,2000,0.19,0.0462037,0.3,0,0.524556,0.00124284,0.607705,0.249325,213.352,7.11175,3.4585,3.20397,0.073464,0.0492588,0.0813901,0.0632262,2.10754
9c402ee3cee6,8,"n_particles: 2000, range_std: 0.19",labdesktop,2026-09-20T10:04:27+00:00,1073b69d29e5,2000,0.19,0.0914991,0.333333,0,0.4594,0.00103708,0.622961,0.146137,189.703,6.32343,7.62166,6.89566,0.107512,0.0945567,0.0397554,0.0656484,2.18828
2f8584f383b2,9,"n_particles: 2000, range_std: 0.19",labdesktop,2026-09-20T10:04:27+00:00,1073b69d29e5,2000,0.19,0.0464768,0.4,0,0.513125,0.00103403,0.59108,0.263768,195.466,6.51553,1.3668,0.88835,0.0536186,0.0458875,0.0470117,0.0371246,1.23749
f1b27d37d15c,10,"n_particles: 2000, range_std: 0.19",labdesktop,2026-09-20T10:04:27+00:00,1073b69d29e5,2000,0.19,0.0278146,0.266667,0,0.527188,0.00122021,0.61547,0.258066,216.283,7.20943,2.3824,2.21236,0.0416417,0.0268221,0.0257116,0.0603117,2.01039
e57fd2351593,11,"n_particles: 2000, range_std: 0.19",labdesktop,2026-09-20T10:04:28+00:00,1073b69d29e5,2000,0.19,0.0335929,0.233333,0,0.499571,0.0012413,0.620739,0.246011,215.882,7.19607,3.61621,3.26377,0.0378747,0.0311049,0.0292656,0.029769,0.992299
2b835fe22c92,12,"n_particles: 2000, range_std: 0.19",labdesktop,2026-09-20T10:04:28+00:00,1073b69d29e5,2000,0.19,0.0374406,0.3,0,0.503444,0.00109161,0.639897,0.218138,190.915,6.36383,7.21936,6.6884,0.0632214,0.0404808,0.0567485,0.0317227,1.05742
855ece38b126,13,"n_particles: 2000, range_std: 0.19",labdesktop,2026-09-20T10:04:28+00:00,1073b69d29e5,2000,0.19,0.0476697,0.3,0,0.510333,0.00111982,0.616586,0.250664,217.35,7.24501,4.32118,3.75962,0.0737863,0.0448244,0.0612862,0.0314723,1.04908
8041b439aa49,14,"n_particles: 2000, range_std: 0.19",labdesktop,2026-09-20T10:04:28+00:00,1073b69d29e5,2000,0.19,0.042434,0.366667,0,0.506955,0.00116941,0.588697,0.248475,180.837,6.02791,4.15991,3.50421,0.0765831,0.037196,0.0315231,0.0341635,1.13878
0618af70ca99,15,"n_particles: 2000, range_std: 0.19",labdesktop,2026-09-20T10:04:28+00:00,1073b69d29e5,2000,0.19,0.041534,0.266667,0,0.504125,0.00104559,0.645022,0.262347,220.703,7.35675,6.40699,7.55211,0.074064,0.029545,0.00114446,0.0590775,1.96925
3c175fa9cb72,16,"n_particles: 2000, range_std: 0.19",labdesktop,2026-09-20T10:04:28+00:00,1073b69d29e5,2000,0.19,0.039716,0.266667,0,0.488125,0.0011519,0.608082,0.210554,228.549,7.61829,2.59069,1.71197,0.0516324,0.0329256,0.0182279,0.0618805,2.06268
12667227ceda,17,"n_particles: 2000, range_std: 0.19",labdesktop,2026-09-20T10:04:28+00:00,1073b69d29e5,2000,0.19,0.0569088,0.3,0,0.432389,0.00104873,0.606768,0.0319081,194.698,6.48993,2.15678,1.22215,0.0653246,0.043112,0.0329665,0.0632483,2.10828
e41032b9b30a,18,"n_particles: 2000, range_std: 0.19",labdesktop,2026-09-20T10:04:28+00:00,1073b69d29e5,2000,0.19,0.0365673,0.266667,0,0.493812,0.00124946,0.618968,0.256059,196.964,6.56546,7.09001,5.13954,0.0807248,0.0419311,0.086767,0.06126,2.042
49eca071388f,19,"n_particles: 2000, range_std: 0.19",labdesktop,2026-09-20T10:04:28+00:00,1073b69d29e5,2000,0.19,0.0486769,0.3,0,0.454667,0.00120283,0.587886,0.154599,217.175,7.23917,3.19466,2.85707,0.0632953,0.0475294,0.0404582,0.0315109,1.05036
fd6b74192245,0,"n_particles: 2000, range_std: 0.253",labdesktop,2026-09-20T10:04:28+00:00,1073b69d29e5,2000,0.253,0.036632,0.233333,0,0.506286,0.00108795,0.663717,0.316205,200.683,6.68944,0.702348,0.699393,0.0381907,0.0356784,0.0105154,0.0292948,0.976492
4069b1b1198d,1,"n_particles: 2000, range_std: 0.253",labdesktop,2026-09-20T10:04:28+00:00,1073b69d29e5,2000,0.253,0.0453093,0.3,0,0.514944,0.00101386,0.64833,0.25459,206.547,6.8849,0.838518,0.557263,0.0492444,0.0386549,0.0260738,0.0314708,1.04903
bf27f942ea48,2,"n_particles: 2000, range_std: 0.253",labdesktop,2026-09-20T10:04:28+00:00,1073b69d29e5,2000,0.253,0.0497624,0.3,0,0.488333,0.00123068,0.621347,0.127745,188.244,6.27479,5.16479,5.51356,0.0798614,0.0396847,0.02825,0.0319239,1.06413
ea6a28d04c37,3,"n_particles: 2000, range_std: 0.253",labdesktop,2026-09-20T10:04:28+00:00,1073b69d29e5,2000,0.253,0.0413762,0.266667,0,0.526875,0.00112091,0.635775,0.253625,198.132,6.6044,4.3482,3.5147,0.06576,0.0258355,0.0253621,0.057206,1.90687
0b602db138f5,4,"n_particles: 2000, range_std: 0.253",labdesktop,2026-09-20T10:04:28+00:00,1073b69d29e5,2000,0.253,0.0503577,0.266667,0,0.503313,0.00110549,0.63212,0.271501,197.041,6.56803,4.25612,4.17742,0.0600016,0.0409758,0.0261955,0.0303289,1.01096
1809958f7439,5,"n_particles: 2000, range_std: 0.253",labdesktop,2026-09-20T10:04:28+00:00,1073b69d29e5,2000,0.253,0.043232,0.3,0,0.499167,0.00116101,0.630955,0.13589,205.348,6.84493,1.14618,0.880337,0.0459724,0.0443304,0.00768911,0.0316084,1.05361
1197c5bc06bd,6,"n_particles: 2000, range_std: 0.253",labdesktop,2026-09-20T10:04:28+00:00,1073b69d29e5,2000,0.253,0.0424877,0.3,0,0.5055,0.00104691,0.633314,0.273188,204.325,6.81084,2.92202,2.83135,0.0592266,0.0375914,0.0252561,0.0607457,2.02486
ccb683ea8021,7,"n_particles: 2000, range_std: 0.253",labdesktop,2026-09-20T10:04:28+00:00,1073b69d29e5,2000,0.253,0.0504147,0.333333,0,0.52045,0.00111422,0.61605,0.285371,206.69,6.88967,3.9925,3.6931,0.0860625,0.051766,0.0903666,0.0623865,2.07955
ae8a34a980e6,8,"n_particles: 2000, range_std: 0.253",labdesktop,2026-09-20T10:04:28+00:00,1073b69d29e5,2000,0.253,0.0879272,0.266667,0,0.463437,0.0010375,0.620838,0.242382,189.742,6.32473,4.76076,4.3905,0.0924578,0.078584,0.0189192,0.0570279,1.90093
fdaa44ec53e5,9,"n_particles: 2000, range_std: 0.253",labdesktop,2026-09-20T10:04:28+00:00,1073b69d29e5,2000,0.253,0.0392997,0.333333,0,0.5297,0.00122832,0.596878,0.312136,193.632,6.45441,0.577138,0.383331,0.0413268,0.033817,0.0233887,0.0329768,1.09923
6d1a1ba96155,10,"n_particles: 2000, range_std: 0.253",labdesktop,2026-09-20T10:04:28+00:00,1073b69d29e5,2000,0.253,0.0279727,0.266667,0,0.512437,0.00112007,0.630393,0.310661,207.839,6.92796,1.88291,1.75919,0.0422171,0.0220703,0.0324241,0.055072,1.83573
261d75d7e6d7,11,"n_particles: 2000, range_std: 0.253",labdesktop,2026-09-20T10:04:28+00:00,1073b69d29e5,2000,0.253,0.0296445,0.233333,0,0.526214,0.00121375,0.65237,0.29683,208.844,6.96147,3.48327,3.12885,0.0374578,0.0315436,0.0284569,0.0283724,0.945747
7545be8d4209,12,"n_particles: 2000, range_std: 0.253",labdesktop,2026-09-20T10:04:28+00:00,1073b69d29e5,2000,0.253,0.0431192,0.266667,0,0.493,0.00102691,0.646568,0.249864,191.949,6.39832,4.70029,3.99535,0.062416,0.0433882,0.045596,0.0299208,0.997359
c2e508a171d6,13,"n_particles: 2000, range_std: 0.253",labdesktop,2026-09-20T10:04:28+00:00,1073b69d29e5,2000,0.253,0.046703,0.3,0,0.524278,0.00132909,0.596458,0.309412,210.43,7.01432,2.59422,2.30046,0.067803,0.0420632,0.0440273,0.0313578,1.04526
e9c6cb83f2ed,14,"n_particles: 2000, range_std: 0.253",labdesktop,2026-09-20T10:04:28+00:00,1073b69d29e5,2000,0.253,0.0433444,0.266667,0,0.517875,0.0012389,0.633025,0.293083,186.98,6.23267,2.82508,2.02642,0.0750767,0.0330116,0.0341739,0.0296166,0.987219
4dfc15d5be25,15,"n_particles: 2000, range_std: 0.253",labdesktop,2026-09-20T10:04:28+00:00,1073b69d29e5,2000,0.253,0.0497968,0.266667,0,0.513313,0.00104664,0.635247,0.321708,206.193,6.87309,4.73024,5.53502,0.0806954,0.035507,0.00147794,0.0296471,0.988238
4014123f5ee2,16,"n_particles: 2000, range_std: 0.253",labdesktop,2026-09-20T10:04:28+00:00,1073b69d29e5,2000,0.253,0.0395729,0.266667,0,0.481438,0.00104061,0.623327,0.160014,218.904,7.29681,2.56872,2.07715,0.0520332,0.0325709,0.01925,0.0300181,1.0006
02d1635acf3f,17,"n_particles: 2000, range_std: 0.253",labdesktop,2026-09-20T10:04:28+00:00,1073b69d29e5,2000,0.253,0.0597041,0.3,0,0.486111,0.000980646,0.624378,0.049194,190.758,6.35862,1.95938,1.09423,0.0735913,0.0425246,0.0491318,0.0310277,1.03426
9b465e29a0d2,18,"n_particles: 2000, range_std: 0.253",labdesktop,2026-09-20T10:04:28+00:00,1073b69d29e5,2000,0.253,0.0354122,0.266667,0,0.523625,0.00110694,0.656974,0.30688,196.052,6.53507,5.81492,3.85004,0.0819835,0.0376033,0.0968707,0.0587651,1.95884
8f3f0e1331c1,19,"n_particles: 2000, range_std: 0.253",labdesktop,2026-09-20T10:04:28+00:00,1073b69d29e5,2000,0.253,0.0472724,0.333333,0,0.5227,0.00114788,0.612597,0.247295,205.476,6.84922,2.721,2.40411,0.0657034,0.044523,0.0483376,0.0621659,2.0722
161a5be6d6d3,0,"n_particles: 2000, range_std: 0.337",labdesktop,2026-09-20T10:04:28+00:00,1073b69d29e5,2000,0.337,0.0381084,0.233333,0,0.514071,0.00118973,0.642914,0.346065,182.844,6.09478,0.616336,0.469117,0.0395963,0.0331462,0.0195606,0.0293972,0.979907
cb0675a7abb1,1,"n_particles: 2000, range_std: 0.337",labdesktop,2026-09-20T10:04:28+00:00,1073b69d29e5,2000,0.337,0.0461323,0.3,0,0.497944,0.00111116,0.637471,0.238077,187.052,6.23507,0.744393,0.574128,0.0502968,0.0353115,0.0390223,0.0596805,1.98935
d8c2c804544e,2,"n_particles: 2000, range_std: 0.337",labdesktop,2026-09-20T10:04:28+00:00,1073b69d29e5,2000,0.337,0.0620275,0.266667,0,0.496938,0.00122628,0.619044,0.16868,176.466,5.8822,2.41455,2.0179,0.0808289,0.0391319,0.0205043,0.0574447,1.91482
c2991d695ba5,3,"n_particles: 2000, range_std: 0.337",labdesktop,2026-09-20T10:04:28+00:00,1073b69d29e5,2000,0.337,0.0445241,0.3,0,0.536667,0.00107939,0.637946,0.274625,179.96,5.99865,3.9498,3.5321,0.0696863,0.0275226,0.022289,0.0311486,1.03829
3d4e71a9be4f,4,"n_particles: 2000, range_std: 0.337",labdesktop,2026-09-20T10:04:28+00:00,1073b69d29e5,2000,0.337,0.0587321,0.233333,0,0.477214,0.00112022,0.613233,0.172349,181.3,6.04335,4.58398,4.50636,0.0691708,0.0460998,0.0385703,0.0297737,0.992455
d2661e26db61,5,"n_particles: 2000, range_std: 0.337",labdesktop,2026-09-20T10:04:28+00:00,1073b69d29e5,2000,0.337,0.0383722,0.2,0,0.474333,0.00120791,0.641064,0.223625,188.845,6.29482,1.19215,0.92415,0.0425362,0.0356097,0.0115644,0.0284152,0.947173
265fe42aacc0,6,"n_particles: 2000, range_std: 0.337",labdesktop,2026-09-20T10:04:28+00:00,1073b69d29e5,2000,0.337,0.0397379,0.3,0,0.540611,0.000993367,0.659478,0.327786,187.472,6.24905,2.83623,2.96823,0.0631071,0.0337006,0.02398,0.0313855,1.04618
13311d81599f,7,"n_particles: 2000, range_std: 0.337",labdesktop,2026-09-20T10:04:28+00:00,1073b69d29e5,2000,0.337,0.0566393,0.366667,0,0.532864,0.00102787,0.628438,0.278589,187.173,6.2391,6.61104,5.84028,0.106628,0.0547091,0.130276,0.0624754,2.08251
46ef73b52b3d,8,"n_particles: 2000, range_std: 0.337",labdesktop,2026-09-20T10:04:28+00:00,1073b69d29e5,2000,0.337,0.0760872,0.266667,0,0.5035,0.00105854,0.627922,0.28293,174.209,5.80696,4.47399,4.40137,0.0873333,0.0622552,0.0149452,0.0302946,1.00982
4f0b024deaa3,9,"n_particles: 2000, range_std: 0.337",labdesktop,2026-09-20T10:04:28+00:00,1073b69d29e5,2000,0.337,0.0413631,0.266667,0,0.534563,0.00122511,0.617314,0.282315,177.918,5.93061,0.610979,0.464915,0.0421432,0.0300404,0.0185764,0.0571928,1.90643
77a3d314ea5b,10,"n_particles: 2000, range_std: 0.337",labdesktop,2026-09-20T10:04:28+00:00,1073b69d29e5,2000,0.337,0.0302914,0.233333,0,0.520429,0.00103372,0.66154,0.355104,188.49,6.28299,1.81515,1.83441,0.0489617,0.0196983,0.0479649,0.0563588,1.87863
1aa6bbbab9c6,11,"n_particles: 2000, range_std: 0.337",labdesktop,2026-09-20T10:04:28+00:00,1073b69d29e5,2000,0.337,0.0312907,0.2,0,0.5125,0.00121387,0.631739,0.336462,190.037,6.33457,3.70385,3.55023,0.0416968,0.0337902,0.0243376,0.0278986,0.929953
5083c6bf9aea,12,"n_particles: 2000, range_std: 0.337",labdesktop,2026-09-20T10:04:28+00:00,1073b69d29e5,2000,0.337,0.0513413,0.233333,0,0.4805,0.00112006,0.626843,0.257581,177.775,5.92583,3.20098,2.69747,0.0689346,0.0475708,0.0484683,0.0288722,0.962408
4620748b8a91,13,"n_particles: 2000, range_std: 0.337",labdesktop,2026-09-20T10:04:28+00:00,1073b69d29e5,2000,0.337,0.0490159,0.233333,0,0.507571,0.00116316,0.630209,0.301428,191.723,6.39078,2.33462,2.01747,0.0690047,0.0424305,0.0339502,0.0286373,0.954577
5dfc5501689b,14,"n_particles: 2000, range_std: 0.337",labdesktop,2026-09-20T10:04:28+00:00,1073b69d29e5,2000,0.337,0.0451337,0.266667,0,0.51825,0.00124341,0.625957,0.324157,176.11,5.87034,2.29103,1.90913,0.0754326,0.0315382,0.0442621,0.0554633,1.84878
331eca8a55ea,15,"n_particles: 2000, range_std: 0.337",labdesktop,2026-09-20T10:04:28+00:00,1073b69d29e5,2000,0.337,0.0574985,0.266667,0,0.536,0.00105345,0.644738,0.334806,183.219,6.10731,4.26908,4.87617,0.0894612,0.0436349,0.0045742,0.029725,0.990834
590443185884,16,"n_particles: 2000, range_std: 0.337",labdesktop,2026-09-20T10:04:28+00:00,1073b69d29e5,2000,0.337,0.0440688,0.233333,0,0.490429,0.00105532,0.644009,0.231325,198.351,6.61169,2.65924,2.30983,0.0550854,0.0337104,0.0149251,0.0570829,1.90276
d0844847bf00,17,"n_particles: 2000, range_std: 0.337",labdesktop,2026-09-20T10:04:28+00:00,1073b69d29e5,2000,0.337,0.0652663,0.333333,0,0.5038,0.00110875,0.581282,0.19025,173.604,5.7868,2.09504,1.04311,0.0775915,0.0447774,0.044923,0.0589125,1.96375
4ff5ba816e26,18,"n_particles: 2000, range_std: 0.337",labdesktop,2026-09-20T10:04:28+00:00,1073b69d29e5,2000,0.337,0.036437,0.266667,0,0.5185,0.00110144,0.630591,0.347462,181.409,6.04696,4.5115,3.2689,0.0816782,0.0347586,0.10348,0.0299888,0.999627
fa9442ddde4a,19,"n_particles: 2000, range_std: 0.337",labdesktop,2026-09-20T10:04:28+00:00,1073b69d29e5,2000,0.337,0.0472404,0.333333,0,0.53545,0.00109844,0.626097,0.286442,184.071,6.13569,2.08615,1.96807,0.0665332,0.0417564,0.0515757,0.0336686,1.12229
ae2ac28b5d95,0,"n_particles: 2000, range_std: 0.45",labdesktop,2026-09-20T10:04:28+00:00,1073b69d29e5,2000,0.45,0.0401529,0.266667,0,0.543438,0.00113744,0.654661,0.368125,157.541,5.25136,0.696883,0.534841,0.0448052,0.0312341,0.0143279,0.0555539,1.8518
dda96990dbce,1,"n_particles: 2000, range_std: 0.45",labdesktop,2026-09-20T10:04:28+00:00,1073b69d29e5,2000,0.45,0.0487064,0.266667,0,0.498812,0.0011883,0.622407,0.277644,160.842,5.36139,0.719258,0.579183,0.0550707,0.0385256,0.0484325,0.029888,0.996268
04f74aece41c,2,"n_particles: 2000, range_std: 0.45",labdesktop,2026-09-20T10:04:28+00:00,1073b69d29e5,2000,0.45,0.0596242,0.3,0,0.52,0.000945925,0.665665,0.197149,153.397,5.11323,3.29733,3.21752,0.0913151,0.0378647,0.0280997,0.0310901,1.03634
fc9746e5568f,3,"n_particles: 2000, range_std: 0.45",labdesktop,2026-09-20T10:04:28+00:00,1073b69d29e5,2000,0.45,0.0496214,0.3,0,0.537556,0.000967895,0.655463,0.364296,154.694,5.15645,4.39045,4.2453,0.0740858,0.0297955,0.0228601,0.0569518,1.89839
9c5d0b87b4af,4,"n_particles: 2000, range_std: 0.45",labdesktop,2026-09-20T10:04:28+00:00,1073b69d29e5,2000,0.45,0.0683386,0.266667,0,0.526812,0.0010825,0.634655,0.287825,157.59,5.25299,4.66785,4.55374,0.0822334,0.0497466,0.0750301,0.0299457,0.998189
6e30fe3424ad,5,"n_particles: 2000, range_std: 0.45",labdesktop,2026-09-20T10:04:28+00:00,1073b69d29e5,2000,0.45,0.0353687,0.2,0,0.51175,0.00125834,0.641318,0.280047,163.924,5.46412,1.26683,1.02365,0.0415013,0.0284036,0.00972608,0.0272402,0.908007
0ef58c035816,6,"n_particles: 2000, range_std: 0.45",labdesktop,2026-09-20T10:04:28+00:00,1073b69d29e5,2000,0.45,0.0403111,0.266667,0,0.522625,0.00120449,0.62482,0.364667,162.946,5.43153,2.62405,2.60277,0.0654202,0.0324825,0.0250215,0.0299399,0.997997
c3877025cbe9,7,"n_particles: 2000, range_std: 0.45",labdesktop,2026-09-20T10:04:28+00:00,1073b69d29e5,2000,0.45,0.0601062,0.366667,0,0.537545,0.00112021,0.600296,0.291325,161.937,5.39789,3.29414,2.57549,0.104764,0.0533554,0.061294,0.033892,1.12973
8fdfca733ef6,8,"n_particles: 2000, range_std: 0.45",labdesktop,2026-09-20T10:04:28+00:00,1073b69d29e5,2000,0.45,0.0719904,0.3,0,0.542833,0.00101115,0.643133,0.320432,150.095,5.00316,3.69057,3.46949,0.0881199,0.0546386,0.0153039,0.059106,1.9702
55327c46055b,9,"n_particles: 2000, range_std: 0.45",labdesktop,2026-09-20T10:04:28+00:00,1073b69d29e5,2000,0.45,0.0478049,0.233333,0,0.5045,0.00105465,0.660659,0.273758,153.974,5.13246,1.05975,0.693241,0.0498495,0.0312438,0.0205961,0.0559542,1.86514
fef61103b913,10,"n_particles: 2000, range_std: 0.45",labdesktop,2026-09-20T10:04:28+00:00,1073b69d29e5,2000,0.45,0.0364542,0.233333,0,0.523643,0.00120723,0.623228,0.312497,162.188,5.40628,1.798,1.92679,0.0603294,0.0199404,0.0644374,0.028474,0.949133
8b19f9f703bd,11,"n_particles: 2000, range_std: 0.45",labdesktop,2026-09-20T10:04:28+00:00,1073b69d29e5,2000,0.45,0.0353346,0.233333,0,0.519143,0.00123808,0.610084,0.362829,164.227,5.47424,3.97121,4.02871,0.0474344,0.036249,0.0238026,0.0557192,1.85731
8ceecc83ea86,12,"n_particles: 2000, range_std: 0.45",labdesktop,2026-09-20T10:04:28+00:00,1073b69d29e5,2000,0.45,0.0601906,0.266667,0,0.477812,0.00112315,0.614603,0.252465,154.85,5.16167,3.25032,2.81332,0.0764352,0.0512136,0.0459551,0.0597576,1.99192
70e181a0e9fd,13,"n_particles: 2000, range_std: 0.45",labdesktop,2026-09-20T10:04:28+00:00,1073b69d29e5,2000,0.45,0.0518337,0.2,0,0.516417,0.00133071,0.61213,0.325946,166.135,5.53784,1.87887,1.72815,0.068784,0.0429978,0.0313907,0.0283988,0.946626
c392732d3757,14,"n_particles: 2000, range_std: 0.45",labdesktop,2026-09-20T10:04:28+00:00,1073b69d29e5,2000,0.45,0.0475163,0.266667,0,0.519937,0.00123984,0.623776,0.34136,154.561,5.15202,1.80803,1.43065,0.0767901,0.0319906,0.049967,0.0308512,1.02837
f8e2437bdfe9,15,"n_particles: 2000, range_std: 0.45",labdesktop,2026-09-20T10:04:28+00:00,1073b69d29e5,2000,0.45,0.0633684,0.266667,0,0.544375,0.00104244,0.636844,0.382113,154.958,5.16527,4.93521,5.66176,0.0923886,0.0437167,0.0161136,0.030078,1.0026
50b68c0f6943,16,"n_particles: 2000, range_std: 0.45",labdesktop,2026-09-20T10:04:28+00:00,1073b69d29e5,2000,0.45,0.0519899,0.233333,0,0.485071,0.00113751,0.629504,0.181424,171.667,5.72223,2.97229,2.70607,0.063021,0.0338149,0.0268868,0.028981,0.966033
f608225e78d9,17,"n_particles: 2000, range_std: 0.45",labdesktop,2026-09-20T10:04:28+00:00,1073b69d29e5,2000,0.45,0.069044,0.2,0,0.485333,0.0011725,0.621206,0.2566,149.042,4.96805,1.91402,1.16271,0.0856994,0.0487034,0.0562054,0.0277533,0.925109
4759710350e7,18,"n_particles: 2000, range_std: 0.45",labdesktop,2026-09-20T10:04:28+00:00,1073b69d29e5,2000,0.45,0.0396388,0.266667,0,0.531875,0.00104252,0.63399,0.294713,157.965,5.26551,3.41563,2.67302,0.0834174,0.0335063,0.108025,0.0298954,0.996512
2fbf91ef7c5a,19,"n_particles: 2000, range_std: 0.45",labdesktop,2026-09-20T10:04:28+00:00,1073b69d29e5,2000,0.45,0.0479503,0.333333,0,0.5344,0.00109362,0.629461,0.30748,156.953,5.23176,1.84394,1.60361,0.0702107,0.0412752,0.0664243,0.0615995,2.05332
fe1cd452786f,0,"n_particles: 2000, range_std: 0.6",labdesktop,2026-09-20T10:04:28+00:00,1073b69d29e5,2000,0.6,0.0424766,0.266667,0,0.5295,0.00116128,0.638581,0.28636,128.249,4.27496,0.833133,0.812574,0.0512287,0.0313953,0.014385,0.0599273,1.99758
9e643f368350,1,"n_particles: 2000, range_std: 0.6",labdesktop,2026-09-20T10:04:28+00:00,1073b69d29e5,2000,0.6,0.0516585,0.333333,0,0.519,0.00101347,0.651551,0.301931,130.99,4.36635,0.7637,0.65472,0.0583958,0.0365175,0.0533435,0.0338397,1.12799
bb3e010d7549,2,"n_particles: 2000, range_std: 0.6",labdesktop,2026-09-20T10:04:28+00:00,1073b69d29e5,2000,0.6,0.0592077,0.3,0,0.498944,0.00101398,0.639671,0.218674,125.286,4.1762,3.77336,3.18142,0.0997985,0.040674,0.0616299,0.0321756,1.07252
b39f03d4adca,3,"n_particles: 2000, range_std: 0.6",labdesktop,2026-09-20T10:04:28+00:00,1073b69d29e5,2000,0.6,0.0546264,0.3,0,0.532667,0.00096455,0.652447,0.356157,125.351,4.17835,4.33809,4.42291,0.0793348,0.0322495,0.0238653,0.059291,1.97637
e22d028df02a,4,"n_particles: 2000, range_std: 0.6",labdesktop,2026-09-20T10:04:28+00:00,1073b69d29e5,2000,0.6,0.0746737,0.266667,0,0.513,0.00112423,0.610898,0.279997,129.087,4.30291,3.78577,3.70209,0.0892919,0.050873,0.0785406,0.0563081,1.87694
9e94123db7e5,5,"n_particles: 2000, range_std: 0.6",labdesktop,2026-09-20T10:04:28+00:00,1073b69d29e5,2000,0.6,0.0338408,0.2,0,0.50025,0.00122961,0.650337,0.302451,135.125,4.50416,1.47917,1.11754,0.0428852,0.0261252,0.00947492,0.0271924,0.906415
c866fa633b86,6,"n_particles: 2000, range_std: 0.6",labdesktop,2026-09-20T10:04:28+00:00,1073b69d29e5,2000,0.6,0.043222,0.3,0,0.526167,0.00119104,0.621493,0.269158,134.178,4.47261,2.34413,2.09225,0.068829,0.0317961,0.0285374,0.0305141,1.01714
c0d6538d48bb,7,"n_particles: 2000, range_std: 0.6",labdesktop,2026-09-20T10:04:28+00:00,1073b69d29e5,2000,0.6,0.0677756,0.366667,0,0.534227,0.0010023,0.625535,0.286903,133.987,4.46624,4.27532,3.97539,0.117505,0.054593,0.112137,0.0616022,2.05341
774712a613a6,8,"n_particles: 2000, range_std: 0.6",labdesktop,2026-09-20T10:04:28+00:00,1073b69d29e5,2000,0.6,0.0787893,0.333333,0,0.5198,0.00104586,0.617274,0.200175,119.999,3.99998,4.05074,3.47511,0.0961298,0.0491995,0.0239462,0.061354,2.04513
49889aef15b0,9,"n_particles: 2000, range_std: 0.6",labdesktop,2026-09-20T10:04:28+00:00,1073b69d29e5,2000,0.6,0.0557718,0.233333,0,0.499143,0.00101985,0.664998,0.293285,125.661,4.18871,1.17974,0.948421,0.0604399,0.0335811,0.0298764,0.0290806,0.969352
2236725d6e40,10,"n_particles: 2000, range_std: 0.6",labdesktop,2026-09-20T10:04:28+00:00,1073b69d29e5,2000,0.6,0.0396973,0.266667,0,0.524313,0.00103981,0.648781,0.275171,132.605,4.42016,2.32594,2.68122,0.070648,0.0216869,0.0783838,0.0312832,1.04277
d36bcfafecd5,11,"n_particles: 2000, range_std: 0.6",labdesktop,2026-09-20T10:04:29+00:00,1073b69d29e5,2000,0.6,0.0380203,0.233333,0,0.520429,0.00123355,0.613749,0.369078,134.767,4.49222,4.19199,4.16242,0.0517955,0.0381799,0.0234394,0.0570246,1.90082
40943d60bc49,12,"n_particles: 2000, range_std: 0.6",labdesktop,2026-09-20T10:04:29+00:00,1073b69d29e5,2000,0.6,0.0662707,0.266667,0,0.482625,0.001144,0.598944,0.239892,126.661,4.22202,2.48825,2.32808,0.0827403,0.0522462,0.0490755,0.0566049,1.88683
bc089d3cdf8f,13,"n_particles: 2000, range_std: 0.6",labdesktop,2026-09-20T10:04:29+00:00,1073b69d29e5,2000,0.6,0.054267,0.166667,0,0.4744,0.00134528,0.610349,0.279077,136.847,4.56156,1.66724,1.56931,0.0705401,0.0448711,0.0282577,0.0264911,0.883035
3bebda215953,14,"n_particles: 2000, range_std: 0.6",labdesktop,2026-09-20T10:04:29+00:00,1073b69d29e5,2000,0.6,0.050585,0.266667,0,0.537312,0.00127909,0.627838,0.261596,127.331,4.24437,1.81413,1.46499,0.0808072,0.0316094,0.0686091,0.0302899,1.00966
a9a61539e2e6,15,"n_particles: 2000, range_std: 0.6",labdesktop,2026-09-20T10:04:29+00:00,1073b69d29e5,2000,0.6,0.0689298,0.233333,0,0.490929,0.00116722,0.642697,0.16634,123.925,4.13083,5.80478,6.93525,0.0974923,0.0514611,0.0240309,0.0285366,0.95122
8cbcfbd9e154,16,"n_particles: 2000, range_std: 0.6",labdesktop,2026-09-20T10:04:29+00:00,1073b69d29e5,2000,0.6,0.0544524,0.233333,0,0.491286,0.00113067,0.630548,0.148986,141.722,4.72407,3.04355,2.57605,0.0674689,0.0341,0.0170214,0.0288245,0.960818
2000e9ed0e7a,17,"n_particles: 2000, range_std: 0.6",labdesktop,2026-09-20T10:04:29+00:00,1073b69d29e5,2000,0.6,0.0728449,0.233333,0,0.499357,0.00108356,0.629173,0.249178,120.406,4.01354,2.20432,1.48995,0.0954357,0.0505444,0.0771764,0.0545483,1.81828
4cc346045ae8,18,"n_particles: 2000, range_std: 0.6",labdesktop,2026-09-20T10:04:29+00:00,1073b69d29e5,2000,0.6,0.0432332,0.266667,0,0.529813,0.00112697,0.624863,0.255597,130.122,4.3374,2.72589,2.44947,0.0855973,0.033689,0.122108,0.0299901,0.999669
f67263998930,19,"n_particles: 2000, range_std: 0.6",labdesktop,2026-09-20T10:04:29+00:00,1073b69d29e5,2000,0.6,0.0497315,0.333333,0,0.52875,0.00113349,0.617234,0.314722,126.466,4.21553,1.59112,1.52184,0.0694495,0.040153,0.0625004,0.0590203,1.96734
7fd78b8d6104,0,"n_particles: 2000, range_std: 0.8",labdesktop,2026-09-20T10:04:29+00:00,1073b69d29e5,2000,0.8,0.0440401,0.233333,0,0.5155,0.00116184,0.642729,0.27891,96.99,3.233,0.947724,0.808571,0.054348,0.030359,0.0113277,0.0293309,0.977695
47b1925ca2c5,1,"n_particles: 2000, range_std: 0.8",labdesktop,2026-09-20T10:04:29+00:00,1073b69d29e5,2000,0.8,0.0525438,0.333333,0,0.53135,0.00101239,0.639683,0.258688,99.1638,3.30546,0.795633,0.637767,0.0614383,0.0411279,0.0605309,0.0594116,1.98039
4d4c06dc6a6d,2,"n_particles: 2000, range_std: 0.8",labdesktop,2026-09-20T10:04:29+00:00,1073b69d29e5,2000,0.8,0.0640999,0.3,0,0.487056,0.00104836,0.628729,0.233385,94.7736,3.15912,3.71564,2.61148,0.10443,0.0410465,0.0519324,0.0312955,1.04318
6a48c9dd1089,3,"n_particles: 2000, range_std: 0.8",labdesktop,2026-09-20T10:04:29+00:00,1073b69d29e5,2000,0.8,0.059482,0.3,0,0.531611,0.000999189,0.639075,0.354174,93.7112,3.12371,4.18646,4.20456,0.0830635,0.0349307,0.0280489,0.0564916,1.88305
a00fb0f7918d,4,"n_particles: 2000, range_std: 0.8",labdesktop,2026-09-20T10:04:29+00:00,1073b69d29e5,2000,0.8,0.0788215,0.266667,0,0.508188,0.00119944,0.599507,0.271251,98.1171,3.27057,3.35913,2.97323,0.0938706,0.0525413,0.0951075,0.0299083,0.996943
57ea64b043d8,5,"n_particles: 2000, range_std: 0.8",labdesktop,2026-09-20T10:04:29+00:00,1073b69d29e5,2000,0.8,0.0354301,0.2,0,0.511667,0.00148866,0.599025,0.308259,103.565,3.45215,1.70769,1.51221,0.0481414,0.0240828,0.0116018,0.0274251,0.914171
c8d2e36d6ace,6,"n_particles: 2000, range_std: 0.8",labdesktop,2026-09-20T10:04:29+00:00,1073b69d29e5,2000,0.8,0.0428363,0.266667,0,0.528125,0.00122374,0.626056,0.364059,102.868,3.42895,2.50469,2.28208,0.0708506,0.0317877,0.0326397,0.0300953,1.00318
e1e0ec6a38f7,7,"n_particles: 2000, range_std: 0.8",labdesktop,2026-09-20T10:04:29+00:00,1073b69d29e5,2000,0.8,0.0704563,0.4,0,0.539042,0.00107052,0.614401,0.272718,101.632,3.38772,4.31916,4.45451,0.122756,0.0572621,0.0806081,0.0630643,2.10214
dd9b6a40a1c2,8,"n_particles: 2000, range_std: 0.8",labdesktop,2026-09-20T10:04:29+00:00,1073b69d29e5,2000,0.8,0.063844,0.366667,0,0.516273,0.00122972,0.601874,0.206178,86.7578,2.89193,4.71913,4.4132,0.11196,0.0435817,0.0702532,0.0342497,1.14166
0bdc7c8b572a,9,"n_particles: 2000, range_std: 0.8",labdesktop,2026-09-20T10:04:29+00:00,1073b69d29e5,2000,0.8,0.0629627,0.233333,0,0.501286,0.00103257,0.664896,0.308243,94.665,3.1555,1.7816,1.39495,0.0754208,0.0361481,0.0650341,0.0574238,1.91413
04c1e8318089,10,"n_particles: 2000, range_std: 0.8",labdesktop,2026-09-20T10:04:29+00:00,1073b69d29e5,2000,0.8,0.0427328,0.266667,0,0.5175,0.00103422,0.650111,0.244669,100.993,3.36644,2.66597,3.07944,0.0787569,0.0232256,0.0905673,0.0302977,1.00992
e6531b968d95,11,"n_particles: 2000, range_std: 0.8",labdesktop,2026-09-20T10:04:29+00:00,1073b69d29e5,2000,0.8,0.0413547,0.233333,0,0.5195,0.00124956,0.622592,0.341297,103.083,3.43609,4.09163,4.30848,0.0552544,0.0408797,0.0185979,0.0286905,0.95635
81a111e5916d,12,"n_particles: 2000, range_std: 0.8",labdesktop,2026-09-20T10:04:29+00:00,1073b69d29e5,2000,0.8,0.0727958,0.266667,0,0.499812,0.00121126,0.609233,0.22714,95.6999,3.19,2.58953,2.33585,0.0915272,0.053001,0.0469236,0.0585907,1.95302
0c3e043da889,13,"n_particles: 2000, range_std: 0.8",labdesktop,2026-09-20T10:04:29+00:00,1073b69d29e5,2000,0.8,0.0568326,0.2,0,0.493167,0.00110163,0.664609,0.281641,105.198,3.50659,1.6358,1.47894,0.0728396,0.04649,0.0288339,0.0277945,0.926483
64031961c9a1,14,"n_particles: 2000, range_std: 0.8",labdesktop,2026-09-20T10:04:29+00:00,1073b69d29e5,2000,0.8,0.0523135,0.266667,0,0.534625,0.00125009,0.653978,0.330245,97.5137,3.25046,1.57282,1.17285,0.0794593,0.0317633,0.0488491,0.0299245,0.997482
c91bf4aef6a8,15,"n_particles: 2000, range_std: 0.8",labdesktop,2026-09-20T10:04:29+00:00,1073b69d29e5,2000,0.8,0.0806352,0.266667,0,0.493625,0.001187,0.610838,0.167854,91.4081,3.04694,4.40532,4.59295,0.111061,0.0539901,0.0163222,0.0574244,1.91415
274671148513,16,"n_particles: 2000, range_std: 0.8",labdesktop,2026-09-20T10:04:29+00:00,1073b69d29e5,2000,0.8,0.0605597,0.266667,0,0.478875,0.00112937,0.61557,0.119555,110.151,3.67171,3.05663,2.63695,0.0720808,0.0354191,0.0178425,0.0297503,0.991675
a2f387d3d953,17,"n_particles: 2000, range_std: 0.8",labdesktop,2026-09-20T10:04:29+00:00,1073b69d29e5,2000,0.8,0.0729922,0.233333,0,0.482786,0.00112387,0.641063,0.247323,89.3265,2.97755,2.14802,1.47043,0.0988192,0.0513507,0.0898592,0.0538233,1.79411
47f8625d7d92,18,"n_particles: 2000, range_std: 0.8",labdesktop,2026-09-20T10:04:29+00:00,1073b69d29e5,2000,0.8,0.0447014,0.266667,0,0.522687,0.00116322,0.616372,0.223486,99.3639,3.31213,2.12434,1.94631,0.0846291,0.0339164,0.112938,0.0295157,0.983858
fc82f9c5876f,19,"n_particles: 2000, range_std: 0.8",labdesktop,2026-09-20T10:04:29+00:00,1073b69d29e5,2000,0.8,0.0507156,0.233333,0,0.494786,0.00129352,0.618175,0.296579,94.6207,3.15402,1.95568,1.5369,0.0773427,0.0403642,0.0745753,0.0516104,1.72035
